query;group
aquaklon;brand
акваклон;brand
aquaklon москва;brand
акваклон москва;brand
aquaklon аквариумные растения;brand
акваклон аквариумные растения;brand
aquaklon meristem;brand
aquaklon in vitro;brand
aquaklon mericlone aquarium plants;brand
акваклон микроклонные растения;brand
aquaklon для травника;brand
акваклон для травника;brand
aquaklon для акваскейпа;brand
акваклон для акваскейпа;brand
aquaklon купить;brand
акваклон купить;brand
aquaklon заказать;brand
акваклон заказать;brand
aquaklon цена;brand
акваклон цена;brand
aquaklon цены;brand
акваклон цены;brand
aquaklon прайс;brand
акваклон прайс;brand
aquaklon каталог;brand
акваклон каталог;brand
aquaklon наличие;brand
акваклон наличие;brand
aquaklon доставка;brand
акваклон доставка;brand
aquaklon отзывы;brand
акваклон отзывы;brand
aquaklon в москве;brand
акваклон в москве;brand
aquaklon по москве;brand
акваклон по москве;brand
aquaklon по московской области;brand
акваклон по московской области;brand
aquaklon меристемные растения;brand
акваклон меристемные растения;brand
aquaklon меристемные аквариумные растения;brand
акваклон меристемные аквариумные растения;brand
aquaklon аквариумные растения in vitro;brand
акваклон аквариумные растения in vitro;brand
aquaklon растения без улиток;brand
акваклон растения без улиток;brand
aquaklon растения без водорослей;brand
акваклон растения без водорослей;brand
aquaklon для запуска аквариума;brand
акваклон для запуска аквариума;brand
как выбрать меристемные растения для аквариума;faq_seed
как выбрать микроклонные растения для аквариума;faq_seed
как посадить аквариумные растения in vitro;faq_seed
как сажать меристемные растения в аквариум;faq_seed
какие аквариумные растения подойдут для запуска аквариума;faq_seed
какие растения для акваскейпа купить в москве;faq_seed
где купить чистые аквариумные растения без улиток;faq_seed
как заказать аквариумные растения с доставкой по москве;faq_seed
как выбрать растения для переднего плана аквариума;faq_seed
как выбрать растения для заднего плана аквариума;faq_seed
какие растения in vitro лучше для травника;faq_seed
что купить для красивого аквариума с живыми растениями;faq_seed
как оформить заказ на растения для аквариума aquaklon;faq_seed
как выбрать растения для нано аквариума;faq_seed
как выбрать растения для креветочника;faq_seed
какие растения на корягу купить для аквариума;faq_seed
какие растения на камни купить для аквариума;faq_seed
как выбрать почвопокровные растения для аквариума;faq_seed
как выбрать красные аквариумные растения;faq_seed
какие стерильные растения лучше для запуска травника;faq_seed
как выбрать растения без водорослей для аквариума;faq_seed
mikroklon аквариумные растения;competitor
mikroklon меристемные растения;competitor
mikroklon растения in vitro;competitor
mikroklon микроклонные растения;competitor
mikroklon цена;competitor
mikroklon цены;competitor
mikroklon каталог;competitor
mikroklon отзывы;competitor
mikroklon доставка;competitor
аналог mikroklon аквариумные растения;competitor
альтернатива mikroklon;competitor
что лучше aquaklon или mikroklon;competitor
aquaklon или mikroklon;competitor
сравнение aquaklon и mikroklon;competitor
mikroklon или aquaklon;competitor
где купить как на mikroklon;competitor
mikroklon.ru аквариумные растения;competitor
mikroklon.ru меристемные растения;competitor
mikroklon.ru растения in vitro;competitor
mikroklon.ru микроклонные растения;competitor
mikroklon.ru цена;competitor
mikroklon.ru цены;competitor
mikroklon.ru каталог;competitor
mikroklon.ru отзывы;competitor
mikroklon.ru доставка;competitor
аналог mikroklon.ru аквариумные растения;competitor
альтернатива mikroklon.ru;competitor
что лучше aquaklon или mikroklon.ru;competitor
aquaklon или mikroklon.ru;competitor
сравнение aquaklon и mikroklon.ru;competitor
mikroklon.ru или aquaklon;competitor
где купить как на mikroklon.ru;competitor
микроклон аквариумные растения;competitor
микроклон меристемные растения;competitor
микроклон растения in vitro;competitor
микроклон микроклонные растения;competitor
микроклон цена;competitor
микроклон цены;competitor
микроклон каталог;competitor
микроклон отзывы;competitor
микроклон доставка;competitor
аналог микроклон аквариумные растения;competitor
альтернатива микроклон;competitor
что лучше aquaklon или микроклон;competitor
aquaklon или микроклон;competitor
сравнение aquaklon и микроклон;competitor
микроклон или aquaklon;competitor
где купить как на микроклон;competitor
микроклон ру аквариумные растения;competitor
микроклон ру меристемные растения;competitor
микроклон ру растения in vitro;competitor
микроклон ру микроклонные растения;competitor
микроклон ру цена;competitor
микроклон ру цены;competitor
микроклон ру каталог;competitor
микроклон ру отзывы;competitor
микроклон ру доставка;competitor
аналог микроклон ру аквариумные растения;competitor
альтернатива микроклон ру;competitor
что лучше aquaklon или микроклон ру;competitor
aquaklon или микроклон ру;competitor
сравнение aquaklon и микроклон ру;competitor
микроклон ру или aquaklon;competitor
где купить как на микроклон ру;competitor
купить аквариумные растения;core_commercial
заказать аквариумные растения;core_commercial
где купить аквариумные растения;core_commercial
где заказать аквариумные растения;core_commercial
аквариумные растения цена;core_commercial
аквариумные растения цены;core_commercial
аквариумные растения стоимость;core_commercial
аквариумные растения прайс;core_commercial
аквариумные растения наличие;core_commercial
аквариумные растения каталог;core_commercial
аквариумные растения отзывы;core_commercial
аквариумные растения доставка;core_commercial
аквариумные растения в наличии;core_commercial
как выбрать аквариумные растения;core_info
как заказать аквариумные растения;core_info
как купить аквариумные растения;core_info
как посадить аквариумные растения;core_info
как сажать аквариумные растения;core_info
аквариумные растения для начинающих;core_info
аквариумные растения для чистого запуска;core_info
аквариумные растения что выбрать;core_info
аквариумные растения как оформить заказ;core_info
аквариумные растения для красивого аквариума;core_info
аквариумные растения для здорового аквариума;core_info
аквариумные растения в москве;core_geo
купить аквариумные растения в москве;core_geo
заказать аквариумные растения в москве;core_geo
где купить аквариумные растения в москве;core_geo
аквариумные растения в москве цена;core_geo
аквариумные растения в москве наличие;core_geo
аквариумные растения по москве;core_geo
купить аквариумные растения по москве;core_geo
заказать аквариумные растения по москве;core_geo
где купить аквариумные растения по москве;core_geo
аквариумные растения по москве цена;core_geo
аквариумные растения по москве наличие;core_geo
аквариумные растения по московской области;core_geo
купить аквариумные растения по московской области;core_geo
заказать аквариумные растения по московской области;core_geo
где купить аквариумные растения по московской области;core_geo
аквариумные растения по московской области цена;core_geo
аквариумные растения по московской области наличие;core_geo
аквариумные растения в москве с доставкой;core_geo
купить аквариумные растения в москве с доставкой;core_geo
заказать аквариумные растения в москве с доставкой;core_geo
где купить аквариумные растения в москве с доставкой;core_geo
аквариумные растения в москве с доставкой цена;core_geo
аквариумные растения в москве с доставкой наличие;core_geo
аквариумные растения по москве с доставкой;core_geo
купить аквариумные растения по москве с доставкой;core_geo
заказать аквариумные растения по москве с доставкой;core_geo
где купить аквариумные растения по москве с доставкой;core_geo
аквариумные растения по москве с доставкой цена;core_geo
аквариумные растения по москве с доставкой наличие;core_geo
аквариумные растения для москвы и области;core_geo
купить аквариумные растения для москвы и области;core_geo
заказать аквариумные растения для москвы и области;core_geo
где купить аквариумные растения для москвы и области;core_geo
аквариумные растения для москвы и области цена;core_geo
аквариумные растения для москвы и области наличие;core_geo
аквариумные растения для акваскейпа;core_use
купить аквариумные растения для акваскейпа;core_use
заказать аквариумные растения для акваскейпа;core_use
где купить аквариумные растения для акваскейпа;core_use
аквариумные растения для акваскейпа цена;core_use
аквариумные растения для акваскейпа отзывы;core_use
как выбрать аквариумные растения для акваскейпа;core_use
как посадить аквариумные растения для акваскейпа;core_use
аквариумные растения для акваскейпа в москве;core_use_geo
купить аквариумные растения для акваскейпа в москве;core_use_geo
заказать аквариумные растения для акваскейпа в москве;core_use_geo
аквариумные растения для акваскейпа в москве цена;core_use_geo
аквариумные растения для акваскейпа по москве;core_use_geo
купить аквариумные растения для акваскейпа по москве;core_use_geo
заказать аквариумные растения для акваскейпа по москве;core_use_geo
аквариумные растения для акваскейпа по москве цена;core_use_geo
аквариумные растения для акваскейпа по московской области;core_use_geo
купить аквариумные растения для акваскейпа по московской области;core_use_geo
заказать аквариумные растения для акваскейпа по московской области;core_use_geo
аквариумные растения для акваскейпа по московской области цена;core_use_geo
аквариумные растения для акваскейпа в москве с доставкой;core_use_geo
купить аквариумные растения для акваскейпа в москве с доставкой;core_use_geo
заказать аквариумные растения для акваскейпа в москве с доставкой;core_use_geo
аквариумные растения для акваскейпа в москве с доставкой цена;core_use_geo
аквариумные растения для акваскейпа по москве с доставкой;core_use_geo
купить аквариумные растения для акваскейпа по москве с доставкой;core_use_geo
заказать аквариумные растения для акваскейпа по москве с доставкой;core_use_geo
аквариумные растения для акваскейпа по москве с доставкой цена;core_use_geo
аквариумные растения для акваскейпа для москвы и области;core_use_geo
купить аквариумные растения для акваскейпа для москвы и области;core_use_geo
заказать аквариумные растения для акваскейпа для москвы и области;core_use_geo
аквариумные растения для акваскейпа для москвы и области цена;core_use_geo
аквариумные растения для травника;core_use
купить аквариумные растения для травника;core_use
заказать аквариумные растения для травника;core_use
где купить аквариумные растения для травника;core_use
аквариумные растения для травника цена;core_use
аквариумные растения для травника отзывы;core_use
как выбрать аквариумные растения для травника;core_use
как посадить аквариумные растения для травника;core_use
аквариумные растения для травника в москве;core_use_geo
купить аквариумные растения для травника в москве;core_use_geo
заказать аквариумные растения для травника в москве;core_use_geo
аквариумные растения для травника в москве цена;core_use_geo
аквариумные растения для травника по москве;core_use_geo
купить аквариумные растения для травника по москве;core_use_geo
заказать аквариумные растения для травника по москве;core_use_geo
аквариумные растения для травника по москве цена;core_use_geo
аквариумные растения для травника по московской области;core_use_geo
купить аквариумные растения для травника по московской области;core_use_geo
заказать аквариумные растения для травника по московской области;core_use_geo
аквариумные растения для травника по московской области цена;core_use_geo
аквариумные растения для травника в москве с доставкой;core_use_geo
купить аквариумные растения для травника в москве с доставкой;core_use_geo
заказать аквариумные растения для травника в москве с доставкой;core_use_geo
аквариумные растения для травника в москве с доставкой цена;core_use_geo
аквариумные растения для травника по москве с доставкой;core_use_geo
купить аквариумные растения для травника по москве с доставкой;core_use_geo
заказать аквариумные растения для травника по москве с доставкой;core_use_geo
аквариумные растения для травника по москве с доставкой цена;core_use_geo
аквариумные растения для травника для москвы и области;core_use_geo
купить аквариумные растения для травника для москвы и области;core_use_geo
заказать аквариумные растения для травника для москвы и области;core_use_geo
аквариумные растения для травника для москвы и области цена;core_use_geo
аквариумные растения для запуска аквариума;core_use
купить аквариумные растения для запуска аквариума;core_use
заказать аквариумные растения для запуска аквариума;core_use
где купить аквариумные растения для запуска аквариума;core_use
аквариумные растения для запуска аквариума цена;core_use
аквариумные растения для запуска аквариума отзывы;core_use
как выбрать аквариумные растения для запуска аквариума;core_use
как посадить аквариумные растения для запуска аквариума;core_use
аквариумные растения для запуска аквариума в москве;core_use_geo
купить аквариумные растения для запуска аквариума в москве;core_use_geo
заказать аквариумные растения для запуска аквариума в москве;core_use_geo
аквариумные растения для запуска аквариума в москве цена;core_use_geo
аквариумные растения для запуска аквариума по москве;core_use_geo
купить аквариумные растения для запуска аквариума по москве;core_use_geo
заказать аквариумные растения для запуска аквариума по москве;core_use_geo
аквариумные растения для запуска аквариума по москве цена;core_use_geo
аквариумные растения для запуска аквариума по московской области;core_use_geo
купить аквариумные растения для запуска аквариума по московской области;core_use_geo
заказать аквариумные растения для запуска аквариума по московской области;core_use_geo
аквариумные растения для запуска аквариума по московской области цена;core_use_geo
аквариумные растения для запуска аквариума в москве с доставкой;core_use_geo
купить аквариумные растения для запуска аквариума в москве с доставкой;core_use_geo
заказать аквариумные растения для запуска аквариума в москве с доставкой;core_use_geo
аквариумные растения для запуска аквариума в москве с доставкой цена;core_use_geo
аквариумные растения для запуска аквариума по москве с доставкой;core_use_geo
купить аквариумные растения для запуска аквариума по москве с доставкой;core_use_geo
заказать аквариумные растения для запуска аквариума по москве с доставкой;core_use_geo
аквариумные растения для запуска аквариума по москве с доставкой цена;core_use_geo
аквариумные растения для запуска аквариума для москвы и области;core_use_geo
купить аквариумные растения для запуска аквариума для москвы и области;core_use_geo
заказать аквариумные растения для запуска аквариума для москвы и области;core_use_geo
аквариумные растения для запуска аквариума для москвы и области цена;core_use_geo
аквариумные растения для нового аквариума;core_use
купить аквариумные растения для нового аквариума;core_use
заказать аквариумные растения для нового аквариума;core_use
где купить аквариумные растения для нового аквариума;core_use
аквариумные растения для нового аквариума цена;core_use
аквариумные растения для нового аквариума отзывы;core_use
как выбрать аквариумные растения для нового аквариума;core_use
как посадить аквариумные растения для нового аквариума;core_use
аквариумные растения для нового аквариума в москве;core_use_geo
купить аквариумные растения для нового аквариума в москве;core_use_geo
заказать аквариумные растения для нового аквариума в москве;core_use_geo
аквариумные растения для нового аквариума в москве цена;core_use_geo
аквариумные растения для нового аквариума по москве;core_use_geo
купить аквариумные растения для нового аквариума по москве;core_use_geo
заказать аквариумные растения для нового аквариума по москве;core_use_geo
аквариумные растения для нового аквариума по москве цена;core_use_geo
аквариумные растения для нового аквариума по московской области;core_use_geo
купить аквариумные растения для нового аквариума по московской области;core_use_geo
заказать аквариумные растения для нового аквариума по московской области;core_use_geo
аквариумные растения для нового аквариума по московской области цена;core_use_geo
аквариумные растения для нового аквариума в москве с доставкой;core_use_geo
купить аквариумные растения для нового аквариума в москве с доставкой;core_use_geo
заказать аквариумные растения для нового аквариума в москве с доставкой;core_use_geo
аквариумные растения для нового аквариума в москве с доставкой цена;core_use_geo
аквариумные растения для нового аквариума по москве с доставкой;core_use_geo
купить аквариумные растения для нового аквариума по москве с доставкой;core_use_geo
заказать аквариумные растения для нового аквариума по москве с доставкой;core_use_geo
аквариумные растения для нового аквариума по москве с доставкой цена;core_use_geo
аквариумные растения для нового аквариума для москвы и области;core_use_geo
купить аквариумные растения для нового аквариума для москвы и области;core_use_geo
заказать аквариумные растения для нового аквариума для москвы и области;core_use_geo
аквариумные растения для нового аквариума для москвы и области цена;core_use_geo
аквариумные растения для переднего плана;core_use
купить аквариумные растения для переднего плана;core_use
заказать аквариумные растения для переднего плана;core_use
где купить аквариумные растения для переднего плана;core_use
аквариумные растения для переднего плана цена;core_use
аквариумные растения для переднего плана отзывы;core_use
как выбрать аквариумные растения для переднего плана;core_use
как посадить аквариумные растения для переднего плана;core_use
аквариумные растения для переднего плана в москве;core_use_geo
купить аквариумные растения для переднего плана в москве;core_use_geo
заказать аквариумные растения для переднего плана в москве;core_use_geo
аквариумные растения для переднего плана в москве цена;core_use_geo
аквариумные растения для переднего плана по москве;core_use_geo
купить аквариумные растения для переднего плана по москве;core_use_geo
заказать аквариумные растения для переднего плана по москве;core_use_geo
аквариумные растения для переднего плана по москве цена;core_use_geo
аквариумные растения для переднего плана по московской области;core_use_geo
купить аквариумные растения для переднего плана по московской области;core_use_geo
заказать аквариумные растения для переднего плана по московской области;core_use_geo
аквариумные растения для переднего плана по московской области цена;core_use_geo
аквариумные растения для переднего плана в москве с доставкой;core_use_geo
купить аквариумные растения для переднего плана в москве с доставкой;core_use_geo
заказать аквариумные растения для переднего плана в москве с доставкой;core_use_geo
аквариумные растения для переднего плана в москве с доставкой цена;core_use_geo
аквариумные растения для переднего плана по москве с доставкой;core_use_geo
купить аквариумные растения для переднего плана по москве с доставкой;core_use_geo
заказать аквариумные растения для переднего плана по москве с доставкой;core_use_geo
аквариумные растения для переднего плана по москве с доставкой цена;core_use_geo
аквариумные растения для переднего плана для москвы и области;core_use_geo
купить аквариумные растения для переднего плана для москвы и области;core_use_geo
заказать аквариумные растения для переднего плана для москвы и области;core_use_geo
аквариумные растения для переднего плана для москвы и области цена;core_use_geo
аквариумные растения для среднего плана;core_use
купить аквариумные растения для среднего плана;core_use
заказать аквариумные растения для среднего плана;core_use
где купить аквариумные растения для среднего плана;core_use
аквариумные растения для среднего плана цена;core_use
аквариумные растения для среднего плана отзывы;core_use
как выбрать аквариумные растения для среднего плана;core_use
как посадить аквариумные растения для среднего плана;core_use
аквариумные растения для среднего плана в москве;core_use_geo
купить аквариумные растения для среднего плана в москве;core_use_geo
заказать аквариумные растения для среднего плана в москве;core_use_geo
аквариумные растения для среднего плана в москве цена;core_use_geo
аквариумные растения для среднего плана по москве;core_use_geo
купить аквариумные растения для среднего плана по москве;core_use_geo
заказать аквариумные растения для среднего плана по москве;core_use_geo
аквариумные растения для среднего плана по москве цена;core_use_geo
аквариумные растения для среднего плана по московской области;core_use_geo
купить аквариумные растения для среднего плана по московской области;core_use_geo
заказать аквариумные растения для среднего плана по московской области;core_use_geo
аквариумные растения для среднего плана по московской области цена;core_use_geo
аквариумные растения для среднего плана в москве с доставкой;core_use_geo
купить аквариумные растения для среднего плана в москве с доставкой;core_use_geo
заказать аквариумные растения для среднего плана в москве с доставкой;core_use_geo
аквариумные растения для среднего плана в москве с доставкой цена;core_use_geo
аквариумные растения для среднего плана по москве с доставкой;core_use_geo
купить аквариумные растения для среднего плана по москве с доставкой;core_use_geo
заказать аквариумные растения для среднего плана по москве с доставкой;core_use_geo
аквариумные растения для среднего плана по москве с доставкой цена;core_use_geo
аквариумные растения для среднего плана для москвы и области;core_use_geo
купить аквариумные растения для среднего плана для москвы и области;core_use_geo
заказать аквариумные растения для среднего плана для москвы и области;core_use_geo
аквариумные растения для среднего плана для москвы и области цена;core_use_geo
аквариумные растения для заднего плана;core_use
купить аквариумные растения для заднего плана;core_use
заказать аквариумные растения для заднего плана;core_use
где купить аквариумные растения для заднего плана;core_use
аквариумные растения для заднего плана цена;core_use
аквариумные растения для заднего плана отзывы;core_use
как выбрать аквариумные растения для заднего плана;core_use
как посадить аквариумные растения для заднего плана;core_use
аквариумные растения для заднего плана в москве;core_use_geo
купить аквариумные растения для заднего плана в москве;core_use_geo
заказать аквариумные растения для заднего плана в москве;core_use_geo
аквариумные растения для заднего плана в москве цена;core_use_geo
аквариумные растения для заднего плана по москве;core_use_geo
купить аквариумные растения для заднего плана по москве;core_use_geo
заказать аквариумные растения для заднего плана по москве;core_use_geo
аквариумные растения для заднего плана по москве цена;core_use_geo
аквариумные растения для заднего плана по московской области;core_use_geo
купить аквариумные растения для заднего плана по московской области;core_use_geo
заказать аквариумные растения для заднего плана по московской области;core_use_geo
аквариумные растения для заднего плана по московской области цена;core_use_geo
аквариумные растения для заднего плана в москве с доставкой;core_use_geo
купить аквариумные растения для заднего плана в москве с доставкой;core_use_geo
заказать аквариумные растения для заднего плана в москве с доставкой;core_use_geo
аквариумные растения для заднего плана в москве с доставкой цена;core_use_geo
аквариумные растения для заднего плана по москве с доставкой;core_use_geo
купить аквариумные растения для заднего плана по москве с доставкой;core_use_geo
заказать аквариумные растения для заднего плана по москве с доставкой;core_use_geo
аквариумные растения для заднего плана по москве с доставкой цена;core_use_geo
аквариумные растения для заднего плана для москвы и области;core_use_geo
купить аквариумные растения для заднего плана для москвы и области;core_use_geo
заказать аквариумные растения для заднего плана для москвы и области;core_use_geo
аквариумные растения для заднего плана для москвы и области цена;core_use_geo
аквариумные растения для нано аквариума;core_use
купить аквариумные растения для нано аквариума;core_use
заказать аквариумные растения для нано аквариума;core_use
где купить аквариумные растения для нано аквариума;core_use
аквариумные растения для нано аквариума цена;core_use
аквариумные растения для нано аквариума отзывы;core_use
как выбрать аквариумные растения для нано аквариума;core_use
как посадить аквариумные растения для нано аквариума;core_use
аквариумные растения для нано аквариума в москве;core_use_geo
купить аквариумные растения для нано аквариума в москве;core_use_geo
заказать аквариумные растения для нано аквариума в москве;core_use_geo
аквариумные растения для нано аквариума в москве цена;core_use_geo
аквариумные растения для нано аквариума по москве;core_use_geo
купить аквариумные растения для нано аквариума по москве;core_use_geo
заказать аквариумные растения для нано аквариума по москве;core_use_geo
аквариумные растения для нано аквариума по москве цена;core_use_geo
аквариумные растения для нано аквариума по московской области;core_use_geo
купить аквариумные растения для нано аквариума по московской области;core_use_geo
заказать аквариумные растения для нано аквариума по московской области;core_use_geo
аквариумные растения для нано аквариума по московской области цена;core_use_geo
аквариумные растения для нано аквариума в москве с доставкой;core_use_geo
купить аквариумные растения для нано аквариума в москве с доставкой;core_use_geo
заказать аквариумные растения для нано аквариума в москве с доставкой;core_use_geo
аквариумные растения для нано аквариума в москве с доставкой цена;core_use_geo
аквариумные растения для нано аквариума по москве с доставкой;core_use_geo
купить аквариумные растения для нано аквариума по москве с доставкой;core_use_geo
заказать аквариумные растения для нано аквариума по москве с доставкой;core_use_geo
аквариумные растения для нано аквариума по москве с доставкой цена;core_use_geo
аквариумные растения для нано аквариума для москвы и области;core_use_geo
купить аквариумные растения для нано аквариума для москвы и области;core_use_geo
заказать аквариумные растения для нано аквариума для москвы и области;core_use_geo
аквариумные растения для нано аквариума для москвы и области цена;core_use_geo
аквариумные растения для креветочника;core_use
купить аквариумные растения для креветочника;core_use
заказать аквариумные растения для креветочника;core_use
где купить аквариумные растения для креветочника;core_use
аквариумные растения для креветочника цена;core_use
аквариумные растения для креветочника отзывы;core_use
как выбрать аквариумные растения для креветочника;core_use
как посадить аквариумные растения для креветочника;core_use
аквариумные растения для креветочника в москве;core_use_geo
купить аквариумные растения для креветочника в москве;core_use_geo
заказать аквариумные растения для креветочника в москве;core_use_geo
аквариумные растения для креветочника в москве цена;core_use_geo
аквариумные растения для креветочника по москве;core_use_geo
купить аквариумные растения для креветочника по москве;core_use_geo
заказать аквариумные растения для креветочника по москве;core_use_geo
аквариумные растения для креветочника по москве цена;core_use_geo
аквариумные растения для креветочника по московской области;core_use_geo
купить аквариумные растения для креветочника по московской области;core_use_geo
заказать аквариумные растения для креветочника по московской области;core_use_geo
аквариумные растения для креветочника по московской области цена;core_use_geo
аквариумные растения для креветочника в москве с доставкой;core_use_geo
купить аквариумные растения для креветочника в москве с доставкой;core_use_geo
заказать аквариумные растения для креветочника в москве с доставкой;core_use_geo
аквариумные растения для креветочника в москве с доставкой цена;core_use_geo
аквариумные растения для креветочника по москве с доставкой;core_use_geo
купить аквариумные растения для креветочника по москве с доставкой;core_use_geo
заказать аквариумные растения для креветочника по москве с доставкой;core_use_geo
аквариумные растения для креветочника по москве с доставкой цена;core_use_geo
аквариумные растения для креветочника для москвы и области;core_use_geo
купить аквариумные растения для креветочника для москвы и области;core_use_geo
заказать аквариумные растения для креветочника для москвы и области;core_use_geo
аквариумные растения для креветочника для москвы и области цена;core_use_geo
аквариумные растения для природного аквариума;core_use
купить аквариумные растения для природного аквариума;core_use
заказать аквариумные растения для природного аквариума;core_use
где купить аквариумные растения для природного аквариума;core_use
аквариумные растения для природного аквариума цена;core_use
аквариумные растения для природного аквариума отзывы;core_use
как выбрать аквариумные растения для природного аквариума;core_use
как посадить аквариумные растения для природного аквариума;core_use
аквариумные растения для природного аквариума в москве;core_use_geo
купить аквариумные растения для природного аквариума в москве;core_use_geo
заказать аквариумные растения для природного аквариума в москве;core_use_geo
аквариумные растения для природного аквариума в москве цена;core_use_geo
аквариумные растения для природного аквариума по москве;core_use_geo
купить аквариумные растения для природного аквариума по москве;core_use_geo
заказать аквариумные растения для природного аквариума по москве;core_use_geo
аквариумные растения для природного аквариума по москве цена;core_use_geo
аквариумные растения для природного аквариума по московской области;core_use_geo
купить аквариумные растения для природного аквариума по московской области;core_use_geo
заказать аквариумные растения для природного аквариума по московской области;core_use_geo
аквариумные растения для природного аквариума по московской области цена;core_use_geo
аквариумные растения для природного аквариума в москве с доставкой;core_use_geo
купить аквариумные растения для природного аквариума в москве с доставкой;core_use_geo
заказать аквариумные растения для природного аквариума в москве с доставкой;core_use_geo
аквариумные растения для природного аквариума в москве с доставкой цена;core_use_geo
аквариумные растения для природного аквариума по москве с доставкой;core_use_geo
купить аквариумные растения для природного аквариума по москве с доставкой;core_use_geo
заказать аквариумные растения для природного аквариума по москве с доставкой;core_use_geo
аквариумные растения для природного аквариума по москве с доставкой цена;core_use_geo
аквариумные растения для природного аквариума для москвы и области;core_use_geo
купить аквариумные растения для природного аквариума для москвы и области;core_use_geo
заказать аквариумные растения для природного аквариума для москвы и области;core_use_geo
аквариумные растения для природного аквариума для москвы и области цена;core_use_geo
аквариумные растения для голландского аквариума;core_use
купить аквариумные растения для голландского аквариума;core_use
заказать аквариумные растения для голландского аквариума;core_use
где купить аквариумные растения для голландского аквариума;core_use
аквариумные растения для голландского аквариума цена;core_use
аквариумные растения для голландского аквариума отзывы;core_use
как выбрать аквариумные растения для голландского аквариума;core_use
как посадить аквариумные растения для голландского аквариума;core_use
аквариумные растения для голландского аквариума в москве;core_use_geo
купить аквариумные растения для голландского аквариума в москве;core_use_geo
заказать аквариумные растения для голландского аквариума в москве;core_use_geo
аквариумные растения для голландского аквариума в москве цена;core_use_geo
аквариумные растения для голландского аквариума по москве;core_use_geo
купить аквариумные растения для голландского аквариума по москве;core_use_geo
заказать аквариумные растения для голландского аквариума по москве;core_use_geo
аквариумные растения для голландского аквариума по москве цена;core_use_geo
аквариумные растения для голландского аквариума по московской области;core_use_geo
купить аквариумные растения для голландского аквариума по московской области;core_use_geo
заказать аквариумные растения для голландского аквариума по московской области;core_use_geo
аквариумные растения для голландского аквариума по московской области цена;core_use_geo
аквариумные растения для голландского аквариума в москве с доставкой;core_use_geo
купить аквариумные растения для голландского аквариума в москве с доставкой;core_use_geo
заказать аквариумные растения для голландского аквариума в москве с доставкой;core_use_geo
аквариумные растения для голландского аквариума в москве с доставкой цена;core_use_geo
аквариумные растения для голландского аквариума по москве с доставкой;core_use_geo
купить аквариумные растения для голландского аквариума по москве с доставкой;core_use_geo
заказать аквариумные растения для голландского аквариума по москве с доставкой;core_use_geo
аквариумные растения для голландского аквариума по москве с доставкой цена;core_use_geo
аквариумные растения для голландского аквариума для москвы и области;core_use_geo
купить аквариумные растения для голландского аквариума для москвы и области;core_use_geo
заказать аквариумные растения для голландского аквариума для москвы и области;core_use_geo
аквариумные растения для голландского аквариума для москвы и области цена;core_use_geo
аквариумные растения для оформления аквариума;core_use
купить аквариумные растения для оформления аквариума;core_use
заказать аквариумные растения для оформления аквариума;core_use
где купить аквариумные растения для оформления аквариума;core_use
аквариумные растения для оформления аквариума цена;core_use
аквариумные растения для оформления аквариума отзывы;core_use
как выбрать аквариумные растения для оформления аквариума;core_use
как посадить аквариумные растения для оформления аквариума;core_use
аквариумные растения для оформления аквариума в москве;core_use_geo
купить аквариумные растения для оформления аквариума в москве;core_use_geo
заказать аквариумные растения для оформления аквариума в москве;core_use_geo
аквариумные растения для оформления аквариума в москве цена;core_use_geo
аквариумные растения для оформления аквариума по москве;core_use_geo
купить аквариумные растения для оформления аквариума по москве;core_use_geo
заказать аквариумные растения для оформления аквариума по москве;core_use_geo
аквариумные растения для оформления аквариума по москве цена;core_use_geo
аквариумные растения для оформления аквариума по московской области;core_use_geo
купить аквариумные растения для оформления аквариума по московской области;core_use_geo
заказать аквариумные растения для оформления аквариума по московской области;core_use_geo
аквариумные растения для оформления аквариума по московской области цена;core_use_geo
аквариумные растения для оформления аквариума в москве с доставкой;core_use_geo
купить аквариумные растения для оформления аквариума в москве с доставкой;core_use_geo
заказать аквариумные растения для оформления аквариума в москве с доставкой;core_use_geo
аквариумные растения для оформления аквариума в москве с доставкой цена;core_use_geo
аквариумные растения для оформления аквариума по москве с доставкой;core_use_geo
купить аквариумные растения для оформления аквариума по москве с доставкой;core_use_geo
заказать аквариумные растения для оформления аквариума по москве с доставкой;core_use_geo
аквариумные растения для оформления аквариума по москве с доставкой цена;core_use_geo
аквариумные растения для оформления аквариума для москвы и области;core_use_geo
купить аквариумные растения для оформления аквариума для москвы и области;core_use_geo
заказать аквариумные растения для оформления аквариума для москвы и области;core_use_geo
аквариумные растения для оформления аквариума для москвы и области цена;core_use_geo
аквариумные растения для аквариумного дизайна;core_use
купить аквариумные растения для аквариумного дизайна;core_use
заказать аквариумные растения для аквариумного дизайна;core_use
где купить аквариумные растения для аквариумного дизайна;core_use
аквариумные растения для аквариумного дизайна цена;core_use
аквариумные растения для аквариумного дизайна отзывы;core_use
как выбрать аквариумные растения для аквариумного дизайна;core_use
как посадить аквариумные растения для аквариумного дизайна;core_use
аквариумные растения для аквариумного дизайна в москве;core_use_geo
купить аквариумные растения для аквариумного дизайна в москве;core_use_geo
заказать аквариумные растения для аквариумного дизайна в москве;core_use_geo
аквариумные растения для аквариумного дизайна в москве цена;core_use_geo
аквариумные растения для аквариумного дизайна по москве;core_use_geo
купить аквариумные растения для аквариумного дизайна по москве;core_use_geo
заказать аквариумные растения для аквариумного дизайна по москве;core_use_geo
аквариумные растения для аквариумного дизайна по москве цена;core_use_geo
аквариумные растения для аквариумного дизайна по московской области;core_use_geo
купить аквариумные растения для аквариумного дизайна по московской области;core_use_geo
заказать аквариумные растения для аквариумного дизайна по московской области;core_use_geo
аквариумные растения для аквариумного дизайна по московской области цена;core_use_geo
аквариумные растения для аквариумного дизайна в москве с доставкой;core_use_geo
купить аквариумные растения для аквариумного дизайна в москве с доставкой;core_use_geo
заказать аквариумные растения для аквариумного дизайна в москве с доставкой;core_use_geo
аквариумные растения для аквариумного дизайна в москве с доставкой цена;core_use_geo
аквариумные растения для аквариумного дизайна по москве с доставкой;core_use_geo
купить аквариумные растения для аквариумного дизайна по москве с доставкой;core_use_geo
заказать аквариумные растения для аквариумного дизайна по москве с доставкой;core_use_geo
аквариумные растения для аквариумного дизайна по москве с доставкой цена;core_use_geo
аквариумные растения для аквариумного дизайна для москвы и области;core_use_geo
купить аквариумные растения для аквариумного дизайна для москвы и области;core_use_geo
заказать аквариумные растения для аквариумного дизайна для москвы и области;core_use_geo
аквариумные растения для аквариумного дизайна для москвы и области цена;core_use_geo
аквариумные растения для плотной посадки;core_use
купить аквариумные растения для плотной посадки;core_use
заказать аквариумные растения для плотной посадки;core_use
где купить аквариумные растения для плотной посадки;core_use
аквариумные растения для плотной посадки цена;core_use
аквариумные растения для плотной посадки отзывы;core_use
как выбрать аквариумные растения для плотной посадки;core_use
как посадить аквариумные растения для плотной посадки;core_use
аквариумные растения для плотной посадки в москве;core_use_geo
купить аквариумные растения для плотной посадки в москве;core_use_geo
заказать аквариумные растения для плотной посадки в москве;core_use_geo
аквариумные растения для плотной посадки в москве цена;core_use_geo
аквариумные растения для плотной посадки по москве;core_use_geo
купить аквариумные растения для плотной посадки по москве;core_use_geo
заказать аквариумные растения для плотной посадки по москве;core_use_geo
аквариумные растения для плотной посадки по москве цена;core_use_geo
аквариумные растения для плотной посадки по московской области;core_use_geo
купить аквариумные растения для плотной посадки по московской области;core_use_geo
заказать аквариумные растения для плотной посадки по московской области;core_use_geo
аквариумные растения для плотной посадки по московской области цена;core_use_geo
аквариумные растения для плотной посадки в москве с доставкой;core_use_geo
купить аквариумные растения для плотной посадки в москве с доставкой;core_use_geo
заказать аквариумные растения для плотной посадки в москве с доставкой;core_use_geo
аквариумные растения для плотной посадки в москве с доставкой цена;core_use_geo
аквариумные растения для плотной посадки по москве с доставкой;core_use_geo
купить аквариумные растения для плотной посадки по москве с доставкой;core_use_geo
заказать аквариумные растения для плотной посадки по москве с доставкой;core_use_geo
аквариумные растения для плотной посадки по москве с доставкой цена;core_use_geo
аквариумные растения для плотной посадки для москвы и области;core_use_geo
купить аквариумные растения для плотной посадки для москвы и области;core_use_geo
заказать аквариумные растения для плотной посадки для москвы и области;core_use_geo
аквариумные растения для плотной посадки для москвы и области цена;core_use_geo
аквариумные растения для чистого старта;core_use
купить аквариумные растения для чистого старта;core_use
заказать аквариумные растения для чистого старта;core_use
где купить аквариумные растения для чистого старта;core_use
аквариумные растения для чистого старта цена;core_use
аквариумные растения для чистого старта отзывы;core_use
как выбрать аквариумные растения для чистого старта;core_use
как посадить аквариумные растения для чистого старта;core_use
аквариумные растения для чистого старта в москве;core_use_geo
купить аквариумные растения для чистого старта в москве;core_use_geo
заказать аквариумные растения для чистого старта в москве;core_use_geo
аквариумные растения для чистого старта в москве цена;core_use_geo
аквариумные растения для чистого старта по москве;core_use_geo
купить аквариумные растения для чистого старта по москве;core_use_geo
заказать аквариумные растения для чистого старта по москве;core_use_geo
аквариумные растения для чистого старта по москве цена;core_use_geo
аквариумные растения для чистого старта по московской области;core_use_geo
купить аквариумные растения для чистого старта по московской области;core_use_geo
заказать аквариумные растения для чистого старта по московской области;core_use_geo
аквариумные растения для чистого старта по московской области цена;core_use_geo
аквариумные растения для чистого старта в москве с доставкой;core_use_geo
купить аквариумные растения для чистого старта в москве с доставкой;core_use_geo
заказать аквариумные растения для чистого старта в москве с доставкой;core_use_geo
аквариумные растения для чистого старта в москве с доставкой цена;core_use_geo
аквариумные растения для чистого старта по москве с доставкой;core_use_geo
купить аквариумные растения для чистого старта по москве с доставкой;core_use_geo
заказать аквариумные растения для чистого старта по москве с доставкой;core_use_geo
аквариумные растения для чистого старта по москве с доставкой цена;core_use_geo
аквариумные растения для чистого старта для москвы и области;core_use_geo
купить аквариумные растения для чистого старта для москвы и области;core_use_geo
заказать аквариумные растения для чистого старта для москвы и области;core_use_geo
аквариумные растения для чистого старта для москвы и области цена;core_use_geo
купить аквариумные растения для красивого аквариума;core_use
заказать аквариумные растения для красивого аквариума;core_use
где купить аквариумные растения для красивого аквариума;core_use
аквариумные растения для красивого аквариума цена;core_use
аквариумные растения для красивого аквариума отзывы;core_use
как выбрать аквариумные растения для красивого аквариума;core_use
как посадить аквариумные растения для красивого аквариума;core_use
аквариумные растения для красивого аквариума в москве;core_use_geo
купить аквариумные растения для красивого аквариума в москве;core_use_geo
заказать аквариумные растения для красивого аквариума в москве;core_use_geo
аквариумные растения для красивого аквариума в москве цена;core_use_geo
аквариумные растения для красивого аквариума по москве;core_use_geo
купить аквариумные растения для красивого аквариума по москве;core_use_geo
заказать аквариумные растения для красивого аквариума по москве;core_use_geo
аквариумные растения для красивого аквариума по москве цена;core_use_geo
аквариумные растения для красивого аквариума по московской области;core_use_geo
купить аквариумные растения для красивого аквариума по московской области;core_use_geo
заказать аквариумные растения для красивого аквариума по московской области;core_use_geo
аквариумные растения для красивого аквариума по московской области цена;core_use_geo
аквариумные растения для красивого аквариума в москве с доставкой;core_use_geo
купить аквариумные растения для красивого аквариума в москве с доставкой;core_use_geo
заказать аквариумные растения для красивого аквариума в москве с доставкой;core_use_geo
аквариумные растения для красивого аквариума в москве с доставкой цена;core_use_geo
аквариумные растения для красивого аквариума по москве с доставкой;core_use_geo
купить аквариумные растения для красивого аквариума по москве с доставкой;core_use_geo
заказать аквариумные растения для красивого аквариума по москве с доставкой;core_use_geo
аквариумные растения для красивого аквариума по москве с доставкой цена;core_use_geo
аквариумные растения для красивого аквариума для москвы и области;core_use_geo
купить аквариумные растения для красивого аквариума для москвы и области;core_use_geo
заказать аквариумные растения для красивого аквариума для москвы и области;core_use_geo
аквариумные растения для красивого аквариума для москвы и области цена;core_use_geo
купить аквариумные растения для здорового аквариума;core_use
заказать аквариумные растения для здорового аквариума;core_use
где купить аквариумные растения для здорового аквариума;core_use
аквариумные растения для здорового аквариума цена;core_use
аквариумные растения для здорового аквариума отзывы;core_use
как выбрать аквариумные растения для здорового аквариума;core_use
как посадить аквариумные растения для здорового аквариума;core_use
аквариумные растения для здорового аквариума в москве;core_use_geo
купить аквариумные растения для здорового аквариума в москве;core_use_geo
заказать аквариумные растения для здорового аквариума в москве;core_use_geo
аквариумные растения для здорового аквариума в москве цена;core_use_geo
аквариумные растения для здорового аквариума по москве;core_use_geo
купить аквариумные растения для здорового аквариума по москве;core_use_geo
заказать аквариумные растения для здорового аквариума по москве;core_use_geo
аквариумные растения для здорового аквариума по москве цена;core_use_geo
аквариумные растения для здорового аквариума по московской области;core_use_geo
купить аквариумные растения для здорового аквариума по московской области;core_use_geo
заказать аквариумные растения для здорового аквариума по московской области;core_use_geo
аквариумные растения для здорового аквариума по московской области цена;core_use_geo
аквариумные растения для здорового аквариума в москве с доставкой;core_use_geo
купить аквариумные растения для здорового аквариума в москве с доставкой;core_use_geo
заказать аквариумные растения для здорового аквариума в москве с доставкой;core_use_geo
аквариумные растения для здорового аквариума в москве с доставкой цена;core_use_geo
аквариумные растения для здорового аквариума по москве с доставкой;core_use_geo
купить аквариумные растения для здорового аквариума по москве с доставкой;core_use_geo
заказать аквариумные растения для здорового аквариума по москве с доставкой;core_use_geo
аквариумные растения для здорового аквариума по москве с доставкой цена;core_use_geo
аквариумные растения для здорового аквариума для москвы и области;core_use_geo
купить аквариумные растения для здорового аквариума для москвы и области;core_use_geo
заказать аквариумные растения для здорового аквариума для москвы и области;core_use_geo
аквариумные растения для здорового аквариума для москвы и области цена;core_use_geo
аквариумные растения для домашнего аквариума;core_use
купить аквариумные растения для домашнего аквариума;core_use
заказать аквариумные растения для домашнего аквариума;core_use
где купить аквариумные растения для домашнего аквариума;core_use
аквариумные растения для домашнего аквариума цена;core_use
аквариумные растения для домашнего аквариума отзывы;core_use
как выбрать аквариумные растения для домашнего аквариума;core_use
как посадить аквариумные растения для домашнего аквариума;core_use
аквариумные растения для домашнего аквариума в москве;core_use_geo
купить аквариумные растения для домашнего аквариума в москве;core_use_geo
заказать аквариумные растения для домашнего аквариума в москве;core_use_geo
аквариумные растения для домашнего аквариума в москве цена;core_use_geo
аквариумные растения для домашнего аквариума по москве;core_use_geo
купить аквариумные растения для домашнего аквариума по москве;core_use_geo
заказать аквариумные растения для домашнего аквариума по москве;core_use_geo
аквариумные растения для домашнего аквариума по москве цена;core_use_geo
аквариумные растения для домашнего аквариума по московской области;core_use_geo
купить аквариумные растения для домашнего аквариума по московской области;core_use_geo
заказать аквариумные растения для домашнего аквариума по московской области;core_use_geo
аквариумные растения для домашнего аквариума по московской области цена;core_use_geo
аквариумные растения для домашнего аквариума в москве с доставкой;core_use_geo
купить аквариумные растения для домашнего аквариума в москве с доставкой;core_use_geo
заказать аквариумные растения для домашнего аквариума в москве с доставкой;core_use_geo
аквариумные растения для домашнего аквариума в москве с доставкой цена;core_use_geo
аквариумные растения для домашнего аквариума по москве с доставкой;core_use_geo
купить аквариумные растения для домашнего аквариума по москве с доставкой;core_use_geo
заказать аквариумные растения для домашнего аквариума по москве с доставкой;core_use_geo
аквариумные растения для домашнего аквариума по москве с доставкой цена;core_use_geo
аквариумные растения для домашнего аквариума для москвы и области;core_use_geo
купить аквариумные растения для домашнего аквариума для москвы и области;core_use_geo
заказать аквариумные растения для домашнего аквариума для москвы и области;core_use_geo
аквариумные растения для домашнего аквариума для москвы и области цена;core_use_geo
аквариумные растения для профессионального аквариума;core_use
купить аквариумные растения для профессионального аквариума;core_use
заказать аквариумные растения для профессионального аквариума;core_use
где купить аквариумные растения для профессионального аквариума;core_use
аквариумные растения для профессионального аквариума цена;core_use
аквариумные растения для профессионального аквариума отзывы;core_use
как выбрать аквариумные растения для профессионального аквариума;core_use
как посадить аквариумные растения для профессионального аквариума;core_use
аквариумные растения для профессионального аквариума в москве;core_use_geo
купить аквариумные растения для профессионального аквариума в москве;core_use_geo
заказать аквариумные растения для профессионального аквариума в москве;core_use_geo
аквариумные растения для профессионального аквариума в москве цена;core_use_geo
аквариумные растения для профессионального аквариума по москве;core_use_geo
купить аквариумные растения для профессионального аквариума по москве;core_use_geo
заказать аквариумные растения для профессионального аквариума по москве;core_use_geo
аквариумные растения для профессионального аквариума по москве цена;core_use_geo
аквариумные растения для профессионального аквариума по московской области;core_use_geo
купить аквариумные растения для профессионального аквариума по московской области;core_use_geo
заказать аквариумные растения для профессионального аквариума по московской области;core_use_geo
аквариумные растения для профессионального аквариума по московской области цена;core_use_geo
аквариумные растения для профессионального аквариума в москве с доставкой;core_use_geo
купить аквариумные растения для профессионального аквариума в москве с доставкой;core_use_geo
заказать аквариумные растения для профессионального аквариума в москве с доставкой;core_use_geo
аквариумные растения для профессионального аквариума в москве с доставкой цена;core_use_geo
аквариумные растения для профессионального аквариума по москве с доставкой;core_use_geo
купить аквариумные растения для профессионального аквариума по москве с доставкой;core_use_geo
заказать аквариумные растения для профессионального аквариума по москве с доставкой;core_use_geo
аквариумные растения для профессионального аквариума по москве с доставкой цена;core_use_geo
аквариумные растения для профессионального аквариума для москвы и области;core_use_geo
купить аквариумные растения для профессионального аквариума для москвы и области;core_use_geo
заказать аквариумные растения для профессионального аквариума для москвы и области;core_use_geo
аквариумные растения для профессионального аквариума для москвы и области цена;core_use_geo
аквариумные растения для посадки на корягу;core_use
купить аквариумные растения для посадки на корягу;core_use
заказать аквариумные растения для посадки на корягу;core_use
где купить аквариумные растения для посадки на корягу;core_use
аквариумные растения для посадки на корягу цена;core_use
аквариумные растения для посадки на корягу отзывы;core_use
как выбрать аквариумные растения для посадки на корягу;core_use
как посадить аквариумные растения для посадки на корягу;core_use
аквариумные растения для посадки на корягу в москве;core_use_geo
купить аквариумные растения для посадки на корягу в москве;core_use_geo
заказать аквариумные растения для посадки на корягу в москве;core_use_geo
аквариумные растения для посадки на корягу в москве цена;core_use_geo
аквариумные растения для посадки на корягу по москве;core_use_geo
купить аквариумные растения для посадки на корягу по москве;core_use_geo
заказать аквариумные растения для посадки на корягу по москве;core_use_geo
аквариумные растения для посадки на корягу по москве цена;core_use_geo
аквариумные растения для посадки на корягу по московской области;core_use_geo
купить аквариумные растения для посадки на корягу по московской области;core_use_geo
заказать аквариумные растения для посадки на корягу по московской области;core_use_geo
аквариумные растения для посадки на корягу по московской области цена;core_use_geo
аквариумные растения для посадки на корягу в москве с доставкой;core_use_geo
купить аквариумные растения для посадки на корягу в москве с доставкой;core_use_geo
заказать аквариумные растения для посадки на корягу в москве с доставкой;core_use_geo
аквариумные растения для посадки на корягу в москве с доставкой цена;core_use_geo
аквариумные растения для посадки на корягу по москве с доставкой;core_use_geo
купить аквариумные растения для посадки на корягу по москве с доставкой;core_use_geo
заказать аквариумные растения для посадки на корягу по москве с доставкой;core_use_geo
аквариумные растения для посадки на корягу по москве с доставкой цена;core_use_geo
аквариумные растения для посадки на корягу для москвы и области;core_use_geo
купить аквариумные растения для посадки на корягу для москвы и области;core_use_geo
заказать аквариумные растения для посадки на корягу для москвы и области;core_use_geo
аквариумные растения для посадки на корягу для москвы и области цена;core_use_geo
аквариумные растения для посадки на камни;core_use
купить аквариумные растения для посадки на камни;core_use
заказать аквариумные растения для посадки на камни;core_use
где купить аквариумные растения для посадки на камни;core_use
аквариумные растения для посадки на камни цена;core_use
аквариумные растения для посадки на камни отзывы;core_use
как выбрать аквариумные растения для посадки на камни;core_use
как посадить аквариумные растения для посадки на камни;core_use
аквариумные растения для посадки на камни в москве;core_use_geo
купить аквариумные растения для посадки на камни в москве;core_use_geo
заказать аквариумные растения для посадки на камни в москве;core_use_geo
аквариумные растения для посадки на камни в москве цена;core_use_geo
аквариумные растения для посадки на камни по москве;core_use_geo
купить аквариумные растения для посадки на камни по москве;core_use_geo
заказать аквариумные растения для посадки на камни по москве;core_use_geo
аквариумные растения для посадки на камни по москве цена;core_use_geo
аквариумные растения для посадки на камни по московской области;core_use_geo
купить аквариумные растения для посадки на камни по московской области;core_use_geo
заказать аквариумные растения для посадки на камни по московской области;core_use_geo
аквариумные растения для посадки на камни по московской области цена;core_use_geo
аквариумные растения для посадки на камни в москве с доставкой;core_use_geo
купить аквариумные растения для посадки на камни в москве с доставкой;core_use_geo
заказать аквариумные растения для посадки на камни в москве с доставкой;core_use_geo
аквариумные растения для посадки на камни в москве с доставкой цена;core_use_geo
аквариумные растения для посадки на камни по москве с доставкой;core_use_geo
купить аквариумные растения для посадки на камни по москве с доставкой;core_use_geo
заказать аквариумные растения для посадки на камни по москве с доставкой;core_use_geo
аквариумные растения для посадки на камни по москве с доставкой цена;core_use_geo
аквариумные растения для посадки на камни для москвы и области;core_use_geo
купить аквариумные растения для посадки на камни для москвы и области;core_use_geo
заказать аквариумные растения для посадки на камни для москвы и области;core_use_geo
аквариумные растения для посадки на камни для москвы и области цена;core_use_geo
аквариумные растения без улиток;core_benefit
купить аквариумные растения без улиток;core_benefit
заказать аквариумные растения без улиток;core_benefit
аквариумные растения без улиток цена;core_benefit
аквариумные растения без улиток отзывы;core_benefit
как выбрать аквариумные растения без улиток;core_benefit
аквариумные растения без улиток в москве;core_benefit_geo
купить аквариумные растения без улиток в москве;core_benefit_geo
аквариумные растения без улиток в москве цена;core_benefit_geo
аквариумные растения без улиток по москве;core_benefit_geo
купить аквариумные растения без улиток по москве;core_benefit_geo
аквариумные растения без улиток по москве цена;core_benefit_geo
аквариумные растения без улиток по московской области;core_benefit_geo
купить аквариумные растения без улиток по московской области;core_benefit_geo
аквариумные растения без улиток по московской области цена;core_benefit_geo
аквариумные растения без улиток в москве с доставкой;core_benefit_geo
купить аквариумные растения без улиток в москве с доставкой;core_benefit_geo
аквариумные растения без улиток в москве с доставкой цена;core_benefit_geo
аквариумные растения без улиток по москве с доставкой;core_benefit_geo
купить аквариумные растения без улиток по москве с доставкой;core_benefit_geo
аквариумные растения без улиток по москве с доставкой цена;core_benefit_geo
аквариумные растения без улиток для москвы и области;core_benefit_geo
купить аквариумные растения без улиток для москвы и области;core_benefit_geo
аквариумные растения без улиток для москвы и области цена;core_benefit_geo
аквариумные растения без водорослей;core_benefit
купить аквариумные растения без водорослей;core_benefit
заказать аквариумные растения без водорослей;core_benefit
аквариумные растения без водорослей цена;core_benefit
аквариумные растения без водорослей отзывы;core_benefit
как выбрать аквариумные растения без водорослей;core_benefit
аквариумные растения без водорослей в москве;core_benefit_geo
купить аквариумные растения без водорослей в москве;core_benefit_geo
аквариумные растения без водорослей в москве цена;core_benefit_geo
аквариумные растения без водорослей по москве;core_benefit_geo
купить аквариумные растения без водорослей по москве;core_benefit_geo
аквариумные растения без водорослей по москве цена;core_benefit_geo
аквариумные растения без водорослей по московской области;core_benefit_geo
купить аквариумные растения без водорослей по московской области;core_benefit_geo
аквариумные растения без водорослей по московской области цена;core_benefit_geo
аквариумные растения без водорослей в москве с доставкой;core_benefit_geo
купить аквариумные растения без водорослей в москве с доставкой;core_benefit_geo
аквариумные растения без водорослей в москве с доставкой цена;core_benefit_geo
аквариумные растения без водорослей по москве с доставкой;core_benefit_geo
купить аквариумные растения без водорослей по москве с доставкой;core_benefit_geo
аквариумные растения без водорослей по москве с доставкой цена;core_benefit_geo
аквариумные растения без водорослей для москвы и области;core_benefit_geo
купить аквариумные растения без водорослей для москвы и области;core_benefit_geo
аквариумные растения без водорослей для москвы и области цена;core_benefit_geo
аквариумные растения стерильные;core_benefit
купить аквариумные растения стерильные;core_benefit
заказать аквариумные растения стерильные;core_benefit
аквариумные растения стерильные цена;core_benefit
аквариумные растения стерильные отзывы;core_benefit
как выбрать аквариумные растения стерильные;core_benefit
аквариумные растения стерильные в москве;core_benefit_geo
купить аквариумные растения стерильные в москве;core_benefit_geo
аквариумные растения стерильные в москве цена;core_benefit_geo
аквариумные растения стерильные по москве;core_benefit_geo
купить аквариумные растения стерильные по москве;core_benefit_geo
аквариумные растения стерильные по москве цена;core_benefit_geo
аквариумные растения стерильные по московской области;core_benefit_geo
купить аквариумные растения стерильные по московской области;core_benefit_geo
аквариумные растения стерильные по московской области цена;core_benefit_geo
аквариумные растения стерильные в москве с доставкой;core_benefit_geo
купить аквариумные растения стерильные в москве с доставкой;core_benefit_geo
аквариумные растения стерильные в москве с доставкой цена;core_benefit_geo
аквариумные растения стерильные по москве с доставкой;core_benefit_geo
купить аквариумные растения стерильные по москве с доставкой;core_benefit_geo
аквариумные растения стерильные по москве с доставкой цена;core_benefit_geo
аквариумные растения стерильные для москвы и области;core_benefit_geo
купить аквариумные растения стерильные для москвы и области;core_benefit_geo
аквариумные растения стерильные для москвы и области цена;core_benefit_geo
аквариумные растения in vitro;core_benefit
купить аквариумные растения in vitro;core_benefit
заказать аквариумные растения in vitro;core_benefit
аквариумные растения in vitro цена;core_benefit
аквариумные растения in vitro отзывы;core_benefit
как выбрать аквариумные растения in vitro;core_benefit
аквариумные растения in vitro в москве;core_benefit_geo
купить аквариумные растения in vitro в москве;core_benefit_geo
аквариумные растения in vitro в москве цена;core_benefit_geo
аквариумные растения in vitro по москве;core_benefit_geo
купить аквариумные растения in vitro по москве;core_benefit_geo
аквариумные растения in vitro по москве цена;core_benefit_geo
аквариумные растения in vitro по московской области;core_benefit_geo
купить аквариумные растения in vitro по московской области;core_benefit_geo
аквариумные растения in vitro по московской области цена;core_benefit_geo
аквариумные растения in vitro в москве с доставкой;core_benefit_geo
купить аквариумные растения in vitro в москве с доставкой;core_benefit_geo
аквариумные растения in vitro в москве с доставкой цена;core_benefit_geo
аквариумные растения in vitro по москве с доставкой;core_benefit_geo
купить аквариумные растения in vitro по москве с доставкой;core_benefit_geo
аквариумные растения in vitro по москве с доставкой цена;core_benefit_geo
аквариумные растения in vitro для москвы и области;core_benefit_geo
купить аквариумные растения in vitro для москвы и области;core_benefit_geo
аквариумные растения in vitro для москвы и области цена;core_benefit_geo
аквариумные растения в баночке;core_benefit
купить аквариумные растения в баночке;core_benefit
заказать аквариумные растения в баночке;core_benefit
аквариумные растения в баночке цена;core_benefit
аквариумные растения в баночке отзывы;core_benefit
как выбрать аквариумные растения в баночке;core_benefit
аквариумные растения в баночке в москве;core_benefit_geo
купить аквариумные растения в баночке в москве;core_benefit_geo
аквариумные растения в баночке в москве цена;core_benefit_geo
аквариумные растения в баночке по москве;core_benefit_geo
купить аквариумные растения в баночке по москве;core_benefit_geo
аквариумные растения в баночке по москве цена;core_benefit_geo
аквариумные растения в баночке по московской области;core_benefit_geo
купить аквариумные растения в баночке по московской области;core_benefit_geo
аквариумные растения в баночке по московской области цена;core_benefit_geo
аквариумные растения в баночке в москве с доставкой;core_benefit_geo
купить аквариумные растения в баночке в москве с доставкой;core_benefit_geo
аквариумные растения в баночке в москве с доставкой цена;core_benefit_geo
аквариумные растения в баночке по москве с доставкой;core_benefit_geo
купить аквариумные растения в баночке по москве с доставкой;core_benefit_geo
аквариумные растения в баночке по москве с доставкой цена;core_benefit_geo
аквариумные растения в баночке для москвы и области;core_benefit_geo
купить аквариумные растения в баночке для москвы и области;core_benefit_geo
аквариумные растения в баночке для москвы и области цена;core_benefit_geo
аквариумные растения в контейнере;core_benefit
купить аквариумные растения в контейнере;core_benefit
заказать аквариумные растения в контейнере;core_benefit
аквариумные растения в контейнере цена;core_benefit
аквариумные растения в контейнере отзывы;core_benefit
как выбрать аквариумные растения в контейнере;core_benefit
аквариумные растения в контейнере в москве;core_benefit_geo
купить аквариумные растения в контейнере в москве;core_benefit_geo
аквариумные растения в контейнере в москве цена;core_benefit_geo
аквариумные растения в контейнере по москве;core_benefit_geo
купить аквариумные растения в контейнере по москве;core_benefit_geo
аквариумные растения в контейнере по москве цена;core_benefit_geo
аквариумные растения в контейнере по московской области;core_benefit_geo
купить аквариумные растения в контейнере по московской области;core_benefit_geo
аквариумные растения в контейнере по московской области цена;core_benefit_geo
аквариумные растения в контейнере в москве с доставкой;core_benefit_geo
купить аквариумные растения в контейнере в москве с доставкой;core_benefit_geo
аквариумные растения в контейнере в москве с доставкой цена;core_benefit_geo
аквариумные растения в контейнере по москве с доставкой;core_benefit_geo
купить аквариумные растения в контейнере по москве с доставкой;core_benefit_geo
аквариумные растения в контейнере по москве с доставкой цена;core_benefit_geo
аквариумные растения в контейнере для москвы и области;core_benefit_geo
купить аквариумные растения в контейнере для москвы и области;core_benefit_geo
аквариумные растения в контейнере для москвы и области цена;core_benefit_geo
аквариумные растения с чистым стартом;core_benefit
купить аквариумные растения с чистым стартом;core_benefit
заказать аквариумные растения с чистым стартом;core_benefit
аквариумные растения с чистым стартом цена;core_benefit
аквариумные растения с чистым стартом отзывы;core_benefit
как выбрать аквариумные растения с чистым стартом;core_benefit
аквариумные растения с чистым стартом в москве;core_benefit_geo
купить аквариумные растения с чистым стартом в москве;core_benefit_geo
аквариумные растения с чистым стартом в москве цена;core_benefit_geo
аквариумные растения с чистым стартом по москве;core_benefit_geo
купить аквариумные растения с чистым стартом по москве;core_benefit_geo
аквариумные растения с чистым стартом по москве цена;core_benefit_geo
аквариумные растения с чистым стартом по московской области;core_benefit_geo
купить аквариумные растения с чистым стартом по московской области;core_benefit_geo
аквариумные растения с чистым стартом по московской области цена;core_benefit_geo
аквариумные растения с чистым стартом в москве с доставкой;core_benefit_geo
купить аквариумные растения с чистым стартом в москве с доставкой;core_benefit_geo
аквариумные растения с чистым стартом в москве с доставкой цена;core_benefit_geo
аквариумные растения с чистым стартом по москве с доставкой;core_benefit_geo
купить аквариумные растения с чистым стартом по москве с доставкой;core_benefit_geo
аквариумные растения с чистым стартом по москве с доставкой цена;core_benefit_geo
аквариумные растения с чистым стартом для москвы и области;core_benefit_geo
купить аквариумные растения с чистым стартом для москвы и области;core_benefit_geo
аквариумные растения с чистым стартом для москвы и области цена;core_benefit_geo
аквариумные растения для быстрой посадки;core_benefit
купить аквариумные растения для быстрой посадки;core_benefit
заказать аквариумные растения для быстрой посадки;core_benefit
аквариумные растения для быстрой посадки цена;core_benefit
аквариумные растения для быстрой посадки отзывы;core_benefit
как выбрать аквариумные растения для быстрой посадки;core_benefit
аквариумные растения для быстрой посадки в москве;core_benefit_geo
купить аквариумные растения для быстрой посадки в москве;core_benefit_geo
аквариумные растения для быстрой посадки в москве цена;core_benefit_geo
аквариумные растения для быстрой посадки по москве;core_benefit_geo
купить аквариумные растения для быстрой посадки по москве;core_benefit_geo
аквариумные растения для быстрой посадки по москве цена;core_benefit_geo
аквариумные растения для быстрой посадки по московской области;core_benefit_geo
купить аквариумные растения для быстрой посадки по московской области;core_benefit_geo
аквариумные растения для быстрой посадки по московской области цена;core_benefit_geo
аквариумные растения для быстрой посадки в москве с доставкой;core_benefit_geo
купить аквариумные растения для быстрой посадки в москве с доставкой;core_benefit_geo
аквариумные растения для быстрой посадки в москве с доставкой цена;core_benefit_geo
аквариумные растения для быстрой посадки по москве с доставкой;core_benefit_geo
купить аквариумные растения для быстрой посадки по москве с доставкой;core_benefit_geo
аквариумные растения для быстрой посадки по москве с доставкой цена;core_benefit_geo
аквариумные растения для быстрой посадки для москвы и области;core_benefit_geo
купить аквариумные растения для быстрой посадки для москвы и области;core_benefit_geo
аквариумные растения для быстрой посадки для москвы и области цена;core_benefit_geo
аквариумные растения для аккуратной посадки;core_benefit
купить аквариумные растения для аккуратной посадки;core_benefit
заказать аквариумные растения для аккуратной посадки;core_benefit
аквариумные растения для аккуратной посадки цена;core_benefit
аквариумные растения для аккуратной посадки отзывы;core_benefit
как выбрать аквариумные растения для аккуратной посадки;core_benefit
аквариумные растения для аккуратной посадки в москве;core_benefit_geo
купить аквариумные растения для аккуратной посадки в москве;core_benefit_geo
аквариумные растения для аккуратной посадки в москве цена;core_benefit_geo
аквариумные растения для аккуратной посадки по москве;core_benefit_geo
купить аквариумные растения для аккуратной посадки по москве;core_benefit_geo
аквариумные растения для аккуратной посадки по москве цена;core_benefit_geo
аквариумные растения для аккуратной посадки по московской области;core_benefit_geo
купить аквариумные растения для аккуратной посадки по московской области;core_benefit_geo
аквариумные растения для аккуратной посадки по московской области цена;core_benefit_geo
аквариумные растения для аккуратной посадки в москве с доставкой;core_benefit_geo
купить аквариумные растения для аккуратной посадки в москве с доставкой;core_benefit_geo
аквариумные растения для аккуратной посадки в москве с доставкой цена;core_benefit_geo
аквариумные растения для аккуратной посадки по москве с доставкой;core_benefit_geo
купить аквариумные растения для аккуратной посадки по москве с доставкой;core_benefit_geo
аквариумные растения для аккуратной посадки по москве с доставкой цена;core_benefit_geo
аквариумные растения для аккуратной посадки для москвы и области;core_benefit_geo
купить аквариумные растения для аккуратной посадки для москвы и области;core_benefit_geo
аквариумные растения для аккуратной посадки для москвы и области цена;core_benefit_geo
аквариумные растения для безопасного запуска;core_benefit
купить аквариумные растения для безопасного запуска;core_benefit
заказать аквариумные растения для безопасного запуска;core_benefit
аквариумные растения для безопасного запуска цена;core_benefit
аквариумные растения для безопасного запуска отзывы;core_benefit
как выбрать аквариумные растения для безопасного запуска;core_benefit
аквариумные растения для безопасного запуска в москве;core_benefit_geo
купить аквариумные растения для безопасного запуска в москве;core_benefit_geo
аквариумные растения для безопасного запуска в москве цена;core_benefit_geo
аквариумные растения для безопасного запуска по москве;core_benefit_geo
купить аквариумные растения для безопасного запуска по москве;core_benefit_geo
аквариумные растения для безопасного запуска по москве цена;core_benefit_geo
аквариумные растения для безопасного запуска по московской области;core_benefit_geo
купить аквариумные растения для безопасного запуска по московской области;core_benefit_geo
аквариумные растения для безопасного запуска по московской области цена;core_benefit_geo
аквариумные растения для безопасного запуска в москве с доставкой;core_benefit_geo
купить аквариумные растения для безопасного запуска в москве с доставкой;core_benefit_geo
аквариумные растения для безопасного запуска в москве с доставкой цена;core_benefit_geo
аквариумные растения для безопасного запуска по москве с доставкой;core_benefit_geo
купить аквариумные растения для безопасного запуска по москве с доставкой;core_benefit_geo
аквариумные растения для безопасного запуска по москве с доставкой цена;core_benefit_geo
аквариумные растения для безопасного запуска для москвы и области;core_benefit_geo
купить аквариумные растения для безопасного запуска для москвы и области;core_benefit_geo
аквариумные растения для безопасного запуска для москвы и области цена;core_benefit_geo
аквариумные растения для плотного ковра;core_benefit
купить аквариумные растения для плотного ковра;core_benefit
заказать аквариумные растения для плотного ковра;core_benefit
аквариумные растения для плотного ковра цена;core_benefit
аквариумные растения для плотного ковра отзывы;core_benefit
как выбрать аквариумные растения для плотного ковра;core_benefit
аквариумные растения для плотного ковра в москве;core_benefit_geo
купить аквариумные растения для плотного ковра в москве;core_benefit_geo
аквариумные растения для плотного ковра в москве цена;core_benefit_geo
аквариумные растения для плотного ковра по москве;core_benefit_geo
купить аквариумные растения для плотного ковра по москве;core_benefit_geo
аквариумные растения для плотного ковра по москве цена;core_benefit_geo
аквариумные растения для плотного ковра по московской области;core_benefit_geo
купить аквариумные растения для плотного ковра по московской области;core_benefit_geo
аквариумные растения для плотного ковра по московской области цена;core_benefit_geo
аквариумные растения для плотного ковра в москве с доставкой;core_benefit_geo
купить аквариумные растения для плотного ковра в москве с доставкой;core_benefit_geo
аквариумные растения для плотного ковра в москве с доставкой цена;core_benefit_geo
аквариумные растения для плотного ковра по москве с доставкой;core_benefit_geo
купить аквариумные растения для плотного ковра по москве с доставкой;core_benefit_geo
аквариумные растения для плотного ковра по москве с доставкой цена;core_benefit_geo
аквариумные растения для плотного ковра для москвы и области;core_benefit_geo
купить аквариумные растения для плотного ковра для москвы и области;core_benefit_geo
аквариумные растения для плотного ковра для москвы и области цена;core_benefit_geo
аквариумные растения для яркого акцента;core_benefit
купить аквариумные растения для яркого акцента;core_benefit
заказать аквариумные растения для яркого акцента;core_benefit
аквариумные растения для яркого акцента цена;core_benefit
аквариумные растения для яркого акцента отзывы;core_benefit
как выбрать аквариумные растения для яркого акцента;core_benefit
аквариумные растения для яркого акцента в москве;core_benefit_geo
купить аквариумные растения для яркого акцента в москве;core_benefit_geo
аквариумные растения для яркого акцента в москве цена;core_benefit_geo
аквариумные растения для яркого акцента по москве;core_benefit_geo
купить аквариумные растения для яркого акцента по москве;core_benefit_geo
аквариумные растения для яркого акцента по москве цена;core_benefit_geo
аквариумные растения для яркого акцента по московской области;core_benefit_geo
купить аквариумные растения для яркого акцента по московской области;core_benefit_geo
аквариумные растения для яркого акцента по московской области цена;core_benefit_geo
аквариумные растения для яркого акцента в москве с доставкой;core_benefit_geo
купить аквариумные растения для яркого акцента в москве с доставкой;core_benefit_geo
аквариумные растения для яркого акцента в москве с доставкой цена;core_benefit_geo
аквариумные растения для яркого акцента по москве с доставкой;core_benefit_geo
купить аквариумные растения для яркого акцента по москве с доставкой;core_benefit_geo
аквариумные растения для яркого акцента по москве с доставкой цена;core_benefit_geo
аквариумные растения для яркого акцента для москвы и области;core_benefit_geo
купить аквариумные растения для яркого акцента для москвы и области;core_benefit_geo
аквариумные растения для яркого акцента для москвы и области цена;core_benefit_geo
аквариумные растения для аквариума 20 литров;core_volume
купить аквариумные растения для аквариума 20 литров;core_volume
заказать аквариумные растения для аквариума 20 литров;core_volume
аквариумные растения для аквариума 20 литров цена;core_volume
как выбрать аквариумные растения для аквариума 20 литров;core_volume
аквариумные растения для аквариума 30 литров;core_volume
купить аквариумные растения для аквариума 30 литров;core_volume
заказать аквариумные растения для аквариума 30 литров;core_volume
аквариумные растения для аквариума 30 литров цена;core_volume
как выбрать аквариумные растения для аквариума 30 литров;core_volume
аквариумные растения для аквариума 40 литров;core_volume
купить аквариумные растения для аквариума 40 литров;core_volume
заказать аквариумные растения для аквариума 40 литров;core_volume
аквариумные растения для аквариума 40 литров цена;core_volume
как выбрать аквариумные растения для аквариума 40 литров;core_volume
аквариумные растения для аквариума 50 литров;core_volume
купить аквариумные растения для аквариума 50 литров;core_volume
заказать аквариумные растения для аквариума 50 литров;core_volume
аквариумные растения для аквариума 50 литров цена;core_volume
как выбрать аквариумные растения для аквариума 50 литров;core_volume
аквариумные растения для аквариума 60 литров;core_volume
купить аквариумные растения для аквариума 60 литров;core_volume
заказать аквариумные растения для аквариума 60 литров;core_volume
аквариумные растения для аквариума 60 литров цена;core_volume
как выбрать аквариумные растения для аквариума 60 литров;core_volume
аквариумные растения для аквариума 80 литров;core_volume
купить аквариумные растения для аквариума 80 литров;core_volume
заказать аквариумные растения для аквариума 80 литров;core_volume
аквариумные растения для аквариума 80 литров цена;core_volume
как выбрать аквариумные растения для аквариума 80 литров;core_volume
аквариумные растения для аквариума 100 литров;core_volume
купить аквариумные растения для аквариума 100 литров;core_volume
заказать аквариумные растения для аквариума 100 литров;core_volume
аквариумные растения для аквариума 100 литров цена;core_volume
как выбрать аквариумные растения для аквариума 100 литров;core_volume
аквариумные растения для аквариума 120 литров;core_volume
купить аквариумные растения для аквариума 120 литров;core_volume
заказать аквариумные растения для аквариума 120 литров;core_volume
аквариумные растения для аквариума 120 литров цена;core_volume
как выбрать аквариумные растения для аквариума 120 литров;core_volume
аквариумные растения для аквариума 200 литров;core_volume
купить аквариумные растения для аквариума 200 литров;core_volume
заказать аквариумные растения для аквариума 200 литров;core_volume
аквариумные растения для аквариума 200 литров цена;core_volume
как выбрать аквариумные растения для аквариума 200 литров;core_volume
купить растения для аквариума;core_commercial
заказать растения для аквариума;core_commercial
где купить растения для аквариума;core_commercial
где заказать растения для аквариума;core_commercial
растения для аквариума цена;core_commercial
растения для аквариума цены;core_commercial
растения для аквариума стоимость;core_commercial
растения для аквариума прайс;core_commercial
растения для аквариума наличие;core_commercial
растения для аквариума каталог;core_commercial
растения для аквариума отзывы;core_commercial
растения для аквариума доставка;core_commercial
растения для аквариума в наличии;core_commercial
как выбрать растения для аквариума;core_info
как заказать растения для аквариума;core_info
как купить растения для аквариума;core_info
как посадить растения для аквариума;core_info
как сажать растения для аквариума;core_info
растения для аквариума для начинающих;core_info
растения для аквариума для чистого запуска;core_info
растения для аквариума что выбрать;core_info
растения для аквариума как оформить заказ;core_info
растения для аквариума для красивого аквариума;core_info
растения для аквариума для здорового аквариума;core_info
растения для аквариума в москве;core_geo
купить растения для аквариума в москве;core_geo
заказать растения для аквариума в москве;core_geo
где купить растения для аквариума в москве;core_geo
растения для аквариума в москве цена;core_geo
растения для аквариума в москве наличие;core_geo
растения для аквариума по москве;core_geo
купить растения для аквариума по москве;core_geo
заказать растения для аквариума по москве;core_geo
где купить растения для аквариума по москве;core_geo
растения для аквариума по москве цена;core_geo
растения для аквариума по москве наличие;core_geo
растения для аквариума по московской области;core_geo
купить растения для аквариума по московской области;core_geo
заказать растения для аквариума по московской области;core_geo
где купить растения для аквариума по московской области;core_geo
растения для аквариума по московской области цена;core_geo
растения для аквариума по московской области наличие;core_geo
растения для аквариума в москве с доставкой;core_geo
купить растения для аквариума в москве с доставкой;core_geo
заказать растения для аквариума в москве с доставкой;core_geo
где купить растения для аквариума в москве с доставкой;core_geo
растения для аквариума в москве с доставкой цена;core_geo
растения для аквариума в москве с доставкой наличие;core_geo
растения для аквариума по москве с доставкой;core_geo
купить растения для аквариума по москве с доставкой;core_geo
заказать растения для аквариума по москве с доставкой;core_geo
где купить растения для аквариума по москве с доставкой;core_geo
растения для аквариума по москве с доставкой цена;core_geo
растения для аквариума по москве с доставкой наличие;core_geo
растения для аквариума для москвы и области;core_geo
купить растения для аквариума для москвы и области;core_geo
заказать растения для аквариума для москвы и области;core_geo
где купить растения для аквариума для москвы и области;core_geo
растения для аквариума для москвы и области цена;core_geo
растения для аквариума для москвы и области наличие;core_geo
растения для аквариума для акваскейпа;core_use
купить растения для аквариума для акваскейпа;core_use
заказать растения для аквариума для акваскейпа;core_use
где купить растения для аквариума для акваскейпа;core_use
растения для аквариума для акваскейпа цена;core_use
растения для аквариума для акваскейпа отзывы;core_use
как выбрать растения для аквариума для акваскейпа;core_use
как посадить растения для аквариума для акваскейпа;core_use
растения для аквариума для акваскейпа в москве;core_use_geo
купить растения для аквариума для акваскейпа в москве;core_use_geo
заказать растения для аквариума для акваскейпа в москве;core_use_geo
растения для аквариума для акваскейпа в москве цена;core_use_geo
растения для аквариума для акваскейпа по москве;core_use_geo
купить растения для аквариума для акваскейпа по москве;core_use_geo
заказать растения для аквариума для акваскейпа по москве;core_use_geo
растения для аквариума для акваскейпа по москве цена;core_use_geo
растения для аквариума для акваскейпа по московской области;core_use_geo
купить растения для аквариума для акваскейпа по московской области;core_use_geo
заказать растения для аквариума для акваскейпа по московской области;core_use_geo
растения для аквариума для акваскейпа по московской области цена;core_use_geo
растения для аквариума для акваскейпа в москве с доставкой;core_use_geo
купить растения для аквариума для акваскейпа в москве с доставкой;core_use_geo
заказать растения для аквариума для акваскейпа в москве с доставкой;core_use_geo
растения для аквариума для акваскейпа в москве с доставкой цена;core_use_geo
растения для аквариума для акваскейпа по москве с доставкой;core_use_geo
купить растения для аквариума для акваскейпа по москве с доставкой;core_use_geo
заказать растения для аквариума для акваскейпа по москве с доставкой;core_use_geo
растения для аквариума для акваскейпа по москве с доставкой цена;core_use_geo
растения для аквариума для акваскейпа для москвы и области;core_use_geo
купить растения для аквариума для акваскейпа для москвы и области;core_use_geo
заказать растения для аквариума для акваскейпа для москвы и области;core_use_geo
растения для аквариума для акваскейпа для москвы и области цена;core_use_geo
растения для аквариума для травника;core_use
купить растения для аквариума для травника;core_use
заказать растения для аквариума для травника;core_use
где купить растения для аквариума для травника;core_use
растения для аквариума для травника цена;core_use
растения для аквариума для травника отзывы;core_use
как выбрать растения для аквариума для травника;core_use
как посадить растения для аквариума для травника;core_use
растения для аквариума для травника в москве;core_use_geo
купить растения для аквариума для травника в москве;core_use_geo
заказать растения для аквариума для травника в москве;core_use_geo
растения для аквариума для травника в москве цена;core_use_geo
растения для аквариума для травника по москве;core_use_geo
купить растения для аквариума для травника по москве;core_use_geo
заказать растения для аквариума для травника по москве;core_use_geo
растения для аквариума для травника по москве цена;core_use_geo
растения для аквариума для травника по московской области;core_use_geo
купить растения для аквариума для травника по московской области;core_use_geo
заказать растения для аквариума для травника по московской области;core_use_geo
растения для аквариума для травника по московской области цена;core_use_geo
растения для аквариума для травника в москве с доставкой;core_use_geo
купить растения для аквариума для травника в москве с доставкой;core_use_geo
заказать растения для аквариума для травника в москве с доставкой;core_use_geo
растения для аквариума для травника в москве с доставкой цена;core_use_geo
растения для аквариума для травника по москве с доставкой;core_use_geo
купить растения для аквариума для травника по москве с доставкой;core_use_geo
заказать растения для аквариума для травника по москве с доставкой;core_use_geo
растения для аквариума для травника по москве с доставкой цена;core_use_geo
растения для аквариума для травника для москвы и области;core_use_geo
купить растения для аквариума для травника для москвы и области;core_use_geo
заказать растения для аквариума для травника для москвы и области;core_use_geo
растения для аквариума для травника для москвы и области цена;core_use_geo
растения для аквариума для запуска аквариума;core_use
купить растения для аквариума для запуска аквариума;core_use
заказать растения для аквариума для запуска аквариума;core_use
где купить растения для аквариума для запуска аквариума;core_use
растения для аквариума для запуска аквариума цена;core_use
растения для аквариума для запуска аквариума отзывы;core_use
как выбрать растения для аквариума для запуска аквариума;core_use
как посадить растения для аквариума для запуска аквариума;core_use
растения для аквариума для запуска аквариума в москве;core_use_geo
купить растения для аквариума для запуска аквариума в москве;core_use_geo
заказать растения для аквариума для запуска аквариума в москве;core_use_geo
растения для аквариума для запуска аквариума в москве цена;core_use_geo
растения для аквариума для запуска аквариума по москве;core_use_geo
купить растения для аквариума для запуска аквариума по москве;core_use_geo
заказать растения для аквариума для запуска аквариума по москве;core_use_geo
растения для аквариума для запуска аквариума по москве цена;core_use_geo
растения для аквариума для запуска аквариума по московской области;core_use_geo
купить растения для аквариума для запуска аквариума по московской области;core_use_geo
заказать растения для аквариума для запуска аквариума по московской области;core_use_geo
растения для аквариума для запуска аквариума по московской области цена;core_use_geo
растения для аквариума для запуска аквариума в москве с доставкой;core_use_geo
купить растения для аквариума для запуска аквариума в москве с доставкой;core_use_geo
заказать растения для аквариума для запуска аквариума в москве с доставкой;core_use_geo
растения для аквариума для запуска аквариума в москве с доставкой цена;core_use_geo
растения для аквариума для запуска аквариума по москве с доставкой;core_use_geo
купить растения для аквариума для запуска аквариума по москве с доставкой;core_use_geo
заказать растения для аквариума для запуска аквариума по москве с доставкой;core_use_geo
растения для аквариума для запуска аквариума по москве с доставкой цена;core_use_geo
растения для аквариума для запуска аквариума для москвы и области;core_use_geo
купить растения для аквариума для запуска аквариума для москвы и области;core_use_geo
заказать растения для аквариума для запуска аквариума для москвы и области;core_use_geo
растения для аквариума для запуска аквариума для москвы и области цена;core_use_geo
растения для аквариума для нового аквариума;core_use
купить растения для аквариума для нового аквариума;core_use
заказать растения для аквариума для нового аквариума;core_use
где купить растения для аквариума для нового аквариума;core_use
растения для аквариума для нового аквариума цена;core_use
растения для аквариума для нового аквариума отзывы;core_use
как выбрать растения для аквариума для нового аквариума;core_use
как посадить растения для аквариума для нового аквариума;core_use
растения для аквариума для нового аквариума в москве;core_use_geo
купить растения для аквариума для нового аквариума в москве;core_use_geo
заказать растения для аквариума для нового аквариума в москве;core_use_geo
растения для аквариума для нового аквариума в москве цена;core_use_geo
растения для аквариума для нового аквариума по москве;core_use_geo
купить растения для аквариума для нового аквариума по москве;core_use_geo
заказать растения для аквариума для нового аквариума по москве;core_use_geo
растения для аквариума для нового аквариума по москве цена;core_use_geo
растения для аквариума для нового аквариума по московской области;core_use_geo
купить растения для аквариума для нового аквариума по московской области;core_use_geo
заказать растения для аквариума для нового аквариума по московской области;core_use_geo
растения для аквариума для нового аквариума по московской области цена;core_use_geo
растения для аквариума для нового аквариума в москве с доставкой;core_use_geo
купить растения для аквариума для нового аквариума в москве с доставкой;core_use_geo
заказать растения для аквариума для нового аквариума в москве с доставкой;core_use_geo
растения для аквариума для нового аквариума в москве с доставкой цена;core_use_geo
растения для аквариума для нового аквариума по москве с доставкой;core_use_geo
купить растения для аквариума для нового аквариума по москве с доставкой;core_use_geo
заказать растения для аквариума для нового аквариума по москве с доставкой;core_use_geo
растения для аквариума для нового аквариума по москве с доставкой цена;core_use_geo
растения для аквариума для нового аквариума для москвы и области;core_use_geo
купить растения для аквариума для нового аквариума для москвы и области;core_use_geo
заказать растения для аквариума для нового аквариума для москвы и области;core_use_geo
растения для аквариума для нового аквариума для москвы и области цена;core_use_geo
растения для аквариума для переднего плана;core_use
купить растения для аквариума для переднего плана;core_use
заказать растения для аквариума для переднего плана;core_use
где купить растения для аквариума для переднего плана;core_use
растения для аквариума для переднего плана цена;core_use
растения для аквариума для переднего плана отзывы;core_use
как выбрать растения для аквариума для переднего плана;core_use
как посадить растения для аквариума для переднего плана;core_use
растения для аквариума для переднего плана в москве;core_use_geo
купить растения для аквариума для переднего плана в москве;core_use_geo
заказать растения для аквариума для переднего плана в москве;core_use_geo
растения для аквариума для переднего плана в москве цена;core_use_geo
растения для аквариума для переднего плана по москве;core_use_geo
купить растения для аквариума для переднего плана по москве;core_use_geo
заказать растения для аквариума для переднего плана по москве;core_use_geo
растения для аквариума для переднего плана по москве цена;core_use_geo
растения для аквариума для переднего плана по московской области;core_use_geo
купить растения для аквариума для переднего плана по московской области;core_use_geo
заказать растения для аквариума для переднего плана по московской области;core_use_geo
растения для аквариума для переднего плана по московской области цена;core_use_geo
растения для аквариума для переднего плана в москве с доставкой;core_use_geo
купить растения для аквариума для переднего плана в москве с доставкой;core_use_geo
заказать растения для аквариума для переднего плана в москве с доставкой;core_use_geo
растения для аквариума для переднего плана в москве с доставкой цена;core_use_geo
растения для аквариума для переднего плана по москве с доставкой;core_use_geo
купить растения для аквариума для переднего плана по москве с доставкой;core_use_geo
заказать растения для аквариума для переднего плана по москве с доставкой;core_use_geo
растения для аквариума для переднего плана по москве с доставкой цена;core_use_geo
растения для аквариума для переднего плана для москвы и области;core_use_geo
купить растения для аквариума для переднего плана для москвы и области;core_use_geo
заказать растения для аквариума для переднего плана для москвы и области;core_use_geo
растения для аквариума для переднего плана для москвы и области цена;core_use_geo
растения для аквариума для среднего плана;core_use
купить растения для аквариума для среднего плана;core_use
заказать растения для аквариума для среднего плана;core_use
где купить растения для аквариума для среднего плана;core_use
растения для аквариума для среднего плана цена;core_use
растения для аквариума для среднего плана отзывы;core_use
как выбрать растения для аквариума для среднего плана;core_use
как посадить растения для аквариума для среднего плана;core_use
растения для аквариума для среднего плана в москве;core_use_geo
купить растения для аквариума для среднего плана в москве;core_use_geo
заказать растения для аквариума для среднего плана в москве;core_use_geo
растения для аквариума для среднего плана в москве цена;core_use_geo
растения для аквариума для среднего плана по москве;core_use_geo
купить растения для аквариума для среднего плана по москве;core_use_geo
заказать растения для аквариума для среднего плана по москве;core_use_geo
растения для аквариума для среднего плана по москве цена;core_use_geo
растения для аквариума для среднего плана по московской области;core_use_geo
купить растения для аквариума для среднего плана по московской области;core_use_geo
заказать растения для аквариума для среднего плана по московской области;core_use_geo
растения для аквариума для среднего плана по московской области цена;core_use_geo
растения для аквариума для среднего плана в москве с доставкой;core_use_geo
купить растения для аквариума для среднего плана в москве с доставкой;core_use_geo
заказать растения для аквариума для среднего плана в москве с доставкой;core_use_geo
растения для аквариума для среднего плана в москве с доставкой цена;core_use_geo
растения для аквариума для среднего плана по москве с доставкой;core_use_geo
купить растения для аквариума для среднего плана по москве с доставкой;core_use_geo
заказать растения для аквариума для среднего плана по москве с доставкой;core_use_geo
растения для аквариума для среднего плана по москве с доставкой цена;core_use_geo
растения для аквариума для среднего плана для москвы и области;core_use_geo
купить растения для аквариума для среднего плана для москвы и области;core_use_geo
заказать растения для аквариума для среднего плана для москвы и области;core_use_geo
растения для аквариума для среднего плана для москвы и области цена;core_use_geo
растения для аквариума для заднего плана;core_use
купить растения для аквариума для заднего плана;core_use
заказать растения для аквариума для заднего плана;core_use
где купить растения для аквариума для заднего плана;core_use
растения для аквариума для заднего плана цена;core_use
растения для аквариума для заднего плана отзывы;core_use
как выбрать растения для аквариума для заднего плана;core_use
как посадить растения для аквариума для заднего плана;core_use
растения для аквариума для заднего плана в москве;core_use_geo
купить растения для аквариума для заднего плана в москве;core_use_geo
заказать растения для аквариума для заднего плана в москве;core_use_geo
растения для аквариума для заднего плана в москве цена;core_use_geo
растения для аквариума для заднего плана по москве;core_use_geo
купить растения для аквариума для заднего плана по москве;core_use_geo
заказать растения для аквариума для заднего плана по москве;core_use_geo
растения для аквариума для заднего плана по москве цена;core_use_geo
растения для аквариума для заднего плана по московской области;core_use_geo
купить растения для аквариума для заднего плана по московской области;core_use_geo
заказать растения для аквариума для заднего плана по московской области;core_use_geo
растения для аквариума для заднего плана по московской области цена;core_use_geo
растения для аквариума для заднего плана в москве с доставкой;core_use_geo
купить растения для аквариума для заднего плана в москве с доставкой;core_use_geo
заказать растения для аквариума для заднего плана в москве с доставкой;core_use_geo
растения для аквариума для заднего плана в москве с доставкой цена;core_use_geo
растения для аквариума для заднего плана по москве с доставкой;core_use_geo
купить растения для аквариума для заднего плана по москве с доставкой;core_use_geo
заказать растения для аквариума для заднего плана по москве с доставкой;core_use_geo
растения для аквариума для заднего плана по москве с доставкой цена;core_use_geo
растения для аквариума для заднего плана для москвы и области;core_use_geo
купить растения для аквариума для заднего плана для москвы и области;core_use_geo
заказать растения для аквариума для заднего плана для москвы и области;core_use_geo
растения для аквариума для заднего плана для москвы и области цена;core_use_geo
растения для аквариума для нано аквариума;core_use
купить растения для аквариума для нано аквариума;core_use
заказать растения для аквариума для нано аквариума;core_use
где купить растения для аквариума для нано аквариума;core_use
растения для аквариума для нано аквариума цена;core_use
растения для аквариума для нано аквариума отзывы;core_use
как выбрать растения для аквариума для нано аквариума;core_use
как посадить растения для аквариума для нано аквариума;core_use
растения для аквариума для нано аквариума в москве;core_use_geo
купить растения для аквариума для нано аквариума в москве;core_use_geo
заказать растения для аквариума для нано аквариума в москве;core_use_geo
растения для аквариума для нано аквариума в москве цена;core_use_geo
растения для аквариума для нано аквариума по москве;core_use_geo
купить растения для аквариума для нано аквариума по москве;core_use_geo
заказать растения для аквариума для нано аквариума по москве;core_use_geo
растения для аквариума для нано аквариума по москве цена;core_use_geo
растения для аквариума для нано аквариума по московской области;core_use_geo
купить растения для аквариума для нано аквариума по московской области;core_use_geo
заказать растения для аквариума для нано аквариума по московской области;core_use_geo
растения для аквариума для нано аквариума по московской области цена;core_use_geo
растения для аквариума для нано аквариума в москве с доставкой;core_use_geo
купить растения для аквариума для нано аквариума в москве с доставкой;core_use_geo
заказать растения для аквариума для нано аквариума в москве с доставкой;core_use_geo
растения для аквариума для нано аквариума в москве с доставкой цена;core_use_geo
растения для аквариума для нано аквариума по москве с доставкой;core_use_geo
купить растения для аквариума для нано аквариума по москве с доставкой;core_use_geo
заказать растения для аквариума для нано аквариума по москве с доставкой;core_use_geo
растения для аквариума для нано аквариума по москве с доставкой цена;core_use_geo
растения для аквариума для нано аквариума для москвы и области;core_use_geo
купить растения для аквариума для нано аквариума для москвы и области;core_use_geo
заказать растения для аквариума для нано аквариума для москвы и области;core_use_geo
растения для аквариума для нано аквариума для москвы и области цена;core_use_geo
растения для аквариума для креветочника;core_use
купить растения для аквариума для креветочника;core_use
заказать растения для аквариума для креветочника;core_use
где купить растения для аквариума для креветочника;core_use
растения для аквариума для креветочника цена;core_use
растения для аквариума для креветочника отзывы;core_use
как выбрать растения для аквариума для креветочника;core_use
как посадить растения для аквариума для креветочника;core_use
растения для аквариума для креветочника в москве;core_use_geo
купить растения для аквариума для креветочника в москве;core_use_geo
заказать растения для аквариума для креветочника в москве;core_use_geo
растения для аквариума для креветочника в москве цена;core_use_geo
растения для аквариума для креветочника по москве;core_use_geo
купить растения для аквариума для креветочника по москве;core_use_geo
заказать растения для аквариума для креветочника по москве;core_use_geo
растения для аквариума для креветочника по москве цена;core_use_geo
растения для аквариума для креветочника по московской области;core_use_geo
купить растения для аквариума для креветочника по московской области;core_use_geo
заказать растения для аквариума для креветочника по московской области;core_use_geo
растения для аквариума для креветочника по московской области цена;core_use_geo
растения для аквариума для креветочника в москве с доставкой;core_use_geo
купить растения для аквариума для креветочника в москве с доставкой;core_use_geo
заказать растения для аквариума для креветочника в москве с доставкой;core_use_geo
растения для аквариума для креветочника в москве с доставкой цена;core_use_geo
растения для аквариума для креветочника по москве с доставкой;core_use_geo
купить растения для аквариума для креветочника по москве с доставкой;core_use_geo
заказать растения для аквариума для креветочника по москве с доставкой;core_use_geo
растения для аквариума для креветочника по москве с доставкой цена;core_use_geo
растения для аквариума для креветочника для москвы и области;core_use_geo
купить растения для аквариума для креветочника для москвы и области;core_use_geo
заказать растения для аквариума для креветочника для москвы и области;core_use_geo
растения для аквариума для креветочника для москвы и области цена;core_use_geo
растения для аквариума для природного аквариума;core_use
купить растения для аквариума для природного аквариума;core_use
заказать растения для аквариума для природного аквариума;core_use
где купить растения для аквариума для природного аквариума;core_use
растения для аквариума для природного аквариума цена;core_use
растения для аквариума для природного аквариума отзывы;core_use
как выбрать растения для аквариума для природного аквариума;core_use
как посадить растения для аквариума для природного аквариума;core_use
растения для аквариума для природного аквариума в москве;core_use_geo
купить растения для аквариума для природного аквариума в москве;core_use_geo
заказать растения для аквариума для природного аквариума в москве;core_use_geo
растения для аквариума для природного аквариума в москве цена;core_use_geo
растения для аквариума для природного аквариума по москве;core_use_geo
купить растения для аквариума для природного аквариума по москве;core_use_geo
заказать растения для аквариума для природного аквариума по москве;core_use_geo
растения для аквариума для природного аквариума по москве цена;core_use_geo
растения для аквариума для природного аквариума по московской области;core_use_geo
купить растения для аквариума для природного аквариума по московской области;core_use_geo
заказать растения для аквариума для природного аквариума по московской области;core_use_geo
растения для аквариума для природного аквариума по московской области цена;core_use_geo
растения для аквариума для природного аквариума в москве с доставкой;core_use_geo
купить растения для аквариума для природного аквариума в москве с доставкой;core_use_geo
заказать растения для аквариума для природного аквариума в москве с доставкой;core_use_geo
растения для аквариума для природного аквариума в москве с доставкой цена;core_use_geo
растения для аквариума для природного аквариума по москве с доставкой;core_use_geo
купить растения для аквариума для природного аквариума по москве с доставкой;core_use_geo
заказать растения для аквариума для природного аквариума по москве с доставкой;core_use_geo
растения для аквариума для природного аквариума по москве с доставкой цена;core_use_geo
растения для аквариума для природного аквариума для москвы и области;core_use_geo
купить растения для аквариума для природного аквариума для москвы и области;core_use_geo
заказать растения для аквариума для природного аквариума для москвы и области;core_use_geo
растения для аквариума для природного аквариума для москвы и области цена;core_use_geo
растения для аквариума для голландского аквариума;core_use
купить растения для аквариума для голландского аквариума;core_use
заказать растения для аквариума для голландского аквариума;core_use
где купить растения для аквариума для голландского аквариума;core_use
растения для аквариума для голландского аквариума цена;core_use
растения для аквариума для голландского аквариума отзывы;core_use
как выбрать растения для аквариума для голландского аквариума;core_use
как посадить растения для аквариума для голландского аквариума;core_use
растения для аквариума для голландского аквариума в москве;core_use_geo
купить растения для аквариума для голландского аквариума в москве;core_use_geo
заказать растения для аквариума для голландского аквариума в москве;core_use_geo
растения для аквариума для голландского аквариума в москве цена;core_use_geo
растения для аквариума для голландского аквариума по москве;core_use_geo
купить растения для аквариума для голландского аквариума по москве;core_use_geo
заказать растения для аквариума для голландского аквариума по москве;core_use_geo
растения для аквариума для голландского аквариума по москве цена;core_use_geo
растения для аквариума для голландского аквариума по московской области;core_use_geo
купить растения для аквариума для голландского аквариума по московской области;core_use_geo
заказать растения для аквариума для голландского аквариума по московской области;core_use_geo
растения для аквариума для голландского аквариума по московской области цена;core_use_geo
растения для аквариума для голландского аквариума в москве с доставкой;core_use_geo
купить растения для аквариума для голландского аквариума в москве с доставкой;core_use_geo
заказать растения для аквариума для голландского аквариума в москве с доставкой;core_use_geo
растения для аквариума для голландского аквариума в москве с доставкой цена;core_use_geo
растения для аквариума для голландского аквариума по москве с доставкой;core_use_geo
купить растения для аквариума для голландского аквариума по москве с доставкой;core_use_geo
заказать растения для аквариума для голландского аквариума по москве с доставкой;core_use_geo
растения для аквариума для голландского аквариума по москве с доставкой цена;core_use_geo
растения для аквариума для голландского аквариума для москвы и области;core_use_geo
купить растения для аквариума для голландского аквариума для москвы и области;core_use_geo
заказать растения для аквариума для голландского аквариума для москвы и области;core_use_geo
растения для аквариума для голландского аквариума для москвы и области цена;core_use_geo
растения для аквариума для оформления аквариума;core_use
купить растения для аквариума для оформления аквариума;core_use
заказать растения для аквариума для оформления аквариума;core_use
где купить растения для аквариума для оформления аквариума;core_use
растения для аквариума для оформления аквариума цена;core_use
растения для аквариума для оформления аквариума отзывы;core_use
как выбрать растения для аквариума для оформления аквариума;core_use
как посадить растения для аквариума для оформления аквариума;core_use
растения для аквариума для оформления аквариума в москве;core_use_geo
купить растения для аквариума для оформления аквариума в москве;core_use_geo
заказать растения для аквариума для оформления аквариума в москве;core_use_geo
растения для аквариума для оформления аквариума в москве цена;core_use_geo
растения для аквариума для оформления аквариума по москве;core_use_geo
купить растения для аквариума для оформления аквариума по москве;core_use_geo
заказать растения для аквариума для оформления аквариума по москве;core_use_geo
растения для аквариума для оформления аквариума по москве цена;core_use_geo
растения для аквариума для оформления аквариума по московской области;core_use_geo
купить растения для аквариума для оформления аквариума по московской области;core_use_geo
заказать растения для аквариума для оформления аквариума по московской области;core_use_geo
растения для аквариума для оформления аквариума по московской области цена;core_use_geo
растения для аквариума для оформления аквариума в москве с доставкой;core_use_geo
купить растения для аквариума для оформления аквариума в москве с доставкой;core_use_geo
заказать растения для аквариума для оформления аквариума в москве с доставкой;core_use_geo
растения для аквариума для оформления аквариума в москве с доставкой цена;core_use_geo
растения для аквариума для оформления аквариума по москве с доставкой;core_use_geo
купить растения для аквариума для оформления аквариума по москве с доставкой;core_use_geo
заказать растения для аквариума для оформления аквариума по москве с доставкой;core_use_geo
растения для аквариума для оформления аквариума по москве с доставкой цена;core_use_geo
растения для аквариума для оформления аквариума для москвы и области;core_use_geo
купить растения для аквариума для оформления аквариума для москвы и области;core_use_geo
заказать растения для аквариума для оформления аквариума для москвы и области;core_use_geo
растения для аквариума для оформления аквариума для москвы и области цена;core_use_geo
растения для аквариума для аквариумного дизайна;core_use
купить растения для аквариума для аквариумного дизайна;core_use
заказать растения для аквариума для аквариумного дизайна;core_use
где купить растения для аквариума для аквариумного дизайна;core_use
растения для аквариума для аквариумного дизайна цена;core_use
растения для аквариума для аквариумного дизайна отзывы;core_use
как выбрать растения для аквариума для аквариумного дизайна;core_use
как посадить растения для аквариума для аквариумного дизайна;core_use
растения для аквариума для аквариумного дизайна в москве;core_use_geo
купить растения для аквариума для аквариумного дизайна в москве;core_use_geo
заказать растения для аквариума для аквариумного дизайна в москве;core_use_geo
растения для аквариума для аквариумного дизайна в москве цена;core_use_geo
растения для аквариума для аквариумного дизайна по москве;core_use_geo
купить растения для аквариума для аквариумного дизайна по москве;core_use_geo
заказать растения для аквариума для аквариумного дизайна по москве;core_use_geo
растения для аквариума для аквариумного дизайна по москве цена;core_use_geo
растения для аквариума для аквариумного дизайна по московской области;core_use_geo
купить растения для аквариума для аквариумного дизайна по московской области;core_use_geo
заказать растения для аквариума для аквариумного дизайна по московской области;core_use_geo
растения для аквариума для аквариумного дизайна по московской области цена;core_use_geo
растения для аквариума для аквариумного дизайна в москве с доставкой;core_use_geo
купить растения для аквариума для аквариумного дизайна в москве с доставкой;core_use_geo
заказать растения для аквариума для аквариумного дизайна в москве с доставкой;core_use_geo
растения для аквариума для аквариумного дизайна в москве с доставкой цена;core_use_geo
растения для аквариума для аквариумного дизайна по москве с доставкой;core_use_geo
купить растения для аквариума для аквариумного дизайна по москве с доставкой;core_use_geo
заказать растения для аквариума для аквариумного дизайна по москве с доставкой;core_use_geo
растения для аквариума для аквариумного дизайна по москве с доставкой цена;core_use_geo
растения для аквариума для аквариумного дизайна для москвы и области;core_use_geo
купить растения для аквариума для аквариумного дизайна для москвы и области;core_use_geo
заказать растения для аквариума для аквариумного дизайна для москвы и области;core_use_geo
растения для аквариума для аквариумного дизайна для москвы и области цена;core_use_geo
растения для аквариума для плотной посадки;core_use
купить растения для аквариума для плотной посадки;core_use
заказать растения для аквариума для плотной посадки;core_use
где купить растения для аквариума для плотной посадки;core_use
растения для аквариума для плотной посадки цена;core_use
растения для аквариума для плотной посадки отзывы;core_use
как выбрать растения для аквариума для плотной посадки;core_use
как посадить растения для аквариума для плотной посадки;core_use
растения для аквариума для плотной посадки в москве;core_use_geo
купить растения для аквариума для плотной посадки в москве;core_use_geo
заказать растения для аквариума для плотной посадки в москве;core_use_geo
растения для аквариума для плотной посадки в москве цена;core_use_geo
растения для аквариума для плотной посадки по москве;core_use_geo
купить растения для аквариума для плотной посадки по москве;core_use_geo
заказать растения для аквариума для плотной посадки по москве;core_use_geo
растения для аквариума для плотной посадки по москве цена;core_use_geo
растения для аквариума для плотной посадки по московской области;core_use_geo
купить растения для аквариума для плотной посадки по московской области;core_use_geo
заказать растения для аквариума для плотной посадки по московской области;core_use_geo
растения для аквариума для плотной посадки по московской области цена;core_use_geo
растения для аквариума для плотной посадки в москве с доставкой;core_use_geo
купить растения для аквариума для плотной посадки в москве с доставкой;core_use_geo
заказать растения для аквариума для плотной посадки в москве с доставкой;core_use_geo
растения для аквариума для плотной посадки в москве с доставкой цена;core_use_geo
растения для аквариума для плотной посадки по москве с доставкой;core_use_geo
купить растения для аквариума для плотной посадки по москве с доставкой;core_use_geo
заказать растения для аквариума для плотной посадки по москве с доставкой;core_use_geo
растения для аквариума для плотной посадки по москве с доставкой цена;core_use_geo
растения для аквариума для плотной посадки для москвы и области;core_use_geo
купить растения для аквариума для плотной посадки для москвы и области;core_use_geo
заказать растения для аквариума для плотной посадки для москвы и области;core_use_geo
растения для аквариума для плотной посадки для москвы и области цена;core_use_geo
растения для аквариума для чистого старта;core_use
купить растения для аквариума для чистого старта;core_use
заказать растения для аквариума для чистого старта;core_use
где купить растения для аквариума для чистого старта;core_use
растения для аквариума для чистого старта цена;core_use
растения для аквариума для чистого старта отзывы;core_use
как выбрать растения для аквариума для чистого старта;core_use
как посадить растения для аквариума для чистого старта;core_use
растения для аквариума для чистого старта в москве;core_use_geo
купить растения для аквариума для чистого старта в москве;core_use_geo
заказать растения для аквариума для чистого старта в москве;core_use_geo
растения для аквариума для чистого старта в москве цена;core_use_geo
растения для аквариума для чистого старта по москве;core_use_geo
купить растения для аквариума для чистого старта по москве;core_use_geo
заказать растения для аквариума для чистого старта по москве;core_use_geo
растения для аквариума для чистого старта по москве цена;core_use_geo
растения для аквариума для чистого старта по московской области;core_use_geo
купить растения для аквариума для чистого старта по московской области;core_use_geo
заказать растения для аквариума для чистого старта по московской области;core_use_geo
растения для аквариума для чистого старта по московской области цена;core_use_geo
растения для аквариума для чистого старта в москве с доставкой;core_use_geo
купить растения для аквариума для чистого старта в москве с доставкой;core_use_geo
заказать растения для аквариума для чистого старта в москве с доставкой;core_use_geo
растения для аквариума для чистого старта в москве с доставкой цена;core_use_geo
растения для аквариума для чистого старта по москве с доставкой;core_use_geo
купить растения для аквариума для чистого старта по москве с доставкой;core_use_geo
заказать растения для аквариума для чистого старта по москве с доставкой;core_use_geo
растения для аквариума для чистого старта по москве с доставкой цена;core_use_geo
растения для аквариума для чистого старта для москвы и области;core_use_geo
купить растения для аквариума для чистого старта для москвы и области;core_use_geo
заказать растения для аквариума для чистого старта для москвы и области;core_use_geo
растения для аквариума для чистого старта для москвы и области цена;core_use_geo
купить растения для аквариума для красивого аквариума;core_use
заказать растения для аквариума для красивого аквариума;core_use
где купить растения для аквариума для красивого аквариума;core_use
растения для аквариума для красивого аквариума цена;core_use
растения для аквариума для красивого аквариума отзывы;core_use
как выбрать растения для аквариума для красивого аквариума;core_use
как посадить растения для аквариума для красивого аквариума;core_use
растения для аквариума для красивого аквариума в москве;core_use_geo
купить растения для аквариума для красивого аквариума в москве;core_use_geo
заказать растения для аквариума для красивого аквариума в москве;core_use_geo
растения для аквариума для красивого аквариума в москве цена;core_use_geo
растения для аквариума для красивого аквариума по москве;core_use_geo
купить растения для аквариума для красивого аквариума по москве;core_use_geo
заказать растения для аквариума для красивого аквариума по москве;core_use_geo
растения для аквариума для красивого аквариума по москве цена;core_use_geo
растения для аквариума для красивого аквариума по московской области;core_use_geo
купить растения для аквариума для красивого аквариума по московской области;core_use_geo
заказать растения для аквариума для красивого аквариума по московской области;core_use_geo
растения для аквариума для красивого аквариума по московской области цена;core_use_geo
растения для аквариума для красивого аквариума в москве с доставкой;core_use_geo
купить растения для аквариума для красивого аквариума в москве с доставкой;core_use_geo
заказать растения для аквариума для красивого аквариума в москве с доставкой;core_use_geo
растения для аквариума для красивого аквариума в москве с доставкой цена;core_use_geo
растения для аквариума для красивого аквариума по москве с доставкой;core_use_geo
купить растения для аквариума для красивого аквариума по москве с доставкой;core_use_geo
заказать растения для аквариума для красивого аквариума по москве с доставкой;core_use_geo
растения для аквариума для красивого аквариума по москве с доставкой цена;core_use_geo
растения для аквариума для красивого аквариума для москвы и области;core_use_geo
купить растения для аквариума для красивого аквариума для москвы и области;core_use_geo
заказать растения для аквариума для красивого аквариума для москвы и области;core_use_geo
растения для аквариума для красивого аквариума для москвы и области цена;core_use_geo
купить растения для аквариума для здорового аквариума;core_use
заказать растения для аквариума для здорового аквариума;core_use
где купить растения для аквариума для здорового аквариума;core_use
растения для аквариума для здорового аквариума цена;core_use
растения для аквариума для здорового аквариума отзывы;core_use
как выбрать растения для аквариума для здорового аквариума;core_use
как посадить растения для аквариума для здорового аквариума;core_use
растения для аквариума для здорового аквариума в москве;core_use_geo
купить растения для аквариума для здорового аквариума в москве;core_use_geo
заказать растения для аквариума для здорового аквариума в москве;core_use_geo
растения для аквариума для здорового аквариума в москве цена;core_use_geo
растения для аквариума для здорового аквариума по москве;core_use_geo
купить растения для аквариума для здорового аквариума по москве;core_use_geo
заказать растения для аквариума для здорового аквариума по москве;core_use_geo
растения для аквариума для здорового аквариума по москве цена;core_use_geo
растения для аквариума для здорового аквариума по московской области;core_use_geo
купить растения для аквариума для здорового аквариума по московской области;core_use_geo
заказать растения для аквариума для здорового аквариума по московской области;core_use_geo
растения для аквариума для здорового аквариума по московской области цена;core_use_geo
растения для аквариума для здорового аквариума в москве с доставкой;core_use_geo
купить растения для аквариума для здорового аквариума в москве с доставкой;core_use_geo
заказать растения для аквариума для здорового аквариума в москве с доставкой;core_use_geo
растения для аквариума для здорового аквариума в москве с доставкой цена;core_use_geo
растения для аквариума для здорового аквариума по москве с доставкой;core_use_geo
купить растения для аквариума для здорового аквариума по москве с доставкой;core_use_geo
заказать растения для аквариума для здорового аквариума по москве с доставкой;core_use_geo
растения для аквариума для здорового аквариума по москве с доставкой цена;core_use_geo
растения для аквариума для здорового аквариума для москвы и области;core_use_geo
купить растения для аквариума для здорового аквариума для москвы и области;core_use_geo
заказать растения для аквариума для здорового аквариума для москвы и области;core_use_geo
растения для аквариума для здорового аквариума для москвы и области цена;core_use_geo
растения для аквариума для домашнего аквариума;core_use
купить растения для аквариума для домашнего аквариума;core_use
заказать растения для аквариума для домашнего аквариума;core_use
где купить растения для аквариума для домашнего аквариума;core_use
растения для аквариума для домашнего аквариума цена;core_use
растения для аквариума для домашнего аквариума отзывы;core_use
как выбрать растения для аквариума для домашнего аквариума;core_use
как посадить растения для аквариума для домашнего аквариума;core_use
растения для аквариума для домашнего аквариума в москве;core_use_geo
купить растения для аквариума для домашнего аквариума в москве;core_use_geo
заказать растения для аквариума для домашнего аквариума в москве;core_use_geo
растения для аквариума для домашнего аквариума в москве цена;core_use_geo
растения для аквариума для домашнего аквариума по москве;core_use_geo
купить растения для аквариума для домашнего аквариума по москве;core_use_geo
заказать растения для аквариума для домашнего аквариума по москве;core_use_geo
растения для аквариума для домашнего аквариума по москве цена;core_use_geo
растения для аквариума для домашнего аквариума по московской области;core_use_geo
купить растения для аквариума для домашнего аквариума по московской области;core_use_geo
заказать растения для аквариума для домашнего аквариума по московской области;core_use_geo
растения для аквариума для домашнего аквариума по московской области цена;core_use_geo
растения для аквариума для домашнего аквариума в москве с доставкой;core_use_geo
купить растения для аквариума для домашнего аквариума в москве с доставкой;core_use_geo
заказать растения для аквариума для домашнего аквариума в москве с доставкой;core_use_geo
растения для аквариума для домашнего аквариума в москве с доставкой цена;core_use_geo
растения для аквариума для домашнего аквариума по москве с доставкой;core_use_geo
купить растения для аквариума для домашнего аквариума по москве с доставкой;core_use_geo
заказать растения для аквариума для домашнего аквариума по москве с доставкой;core_use_geo
растения для аквариума для домашнего аквариума по москве с доставкой цена;core_use_geo
растения для аквариума для домашнего аквариума для москвы и области;core_use_geo
купить растения для аквариума для домашнего аквариума для москвы и области;core_use_geo
заказать растения для аквариума для домашнего аквариума для москвы и области;core_use_geo
растения для аквариума для домашнего аквариума для москвы и области цена;core_use_geo
растения для аквариума для профессионального аквариума;core_use
купить растения для аквариума для профессионального аквариума;core_use
заказать растения для аквариума для профессионального аквариума;core_use
где купить растения для аквариума для профессионального аквариума;core_use
растения для аквариума для профессионального аквариума цена;core_use
растения для аквариума для профессионального аквариума отзывы;core_use
как выбрать растения для аквариума для профессионального аквариума;core_use
как посадить растения для аквариума для профессионального аквариума;core_use
растения для аквариума для профессионального аквариума в москве;core_use_geo
купить растения для аквариума для профессионального аквариума в москве;core_use_geo
заказать растения для аквариума для профессионального аквариума в москве;core_use_geo
растения для аквариума для профессионального аквариума в москве цена;core_use_geo
растения для аквариума для профессионального аквариума по москве;core_use_geo
купить растения для аквариума для профессионального аквариума по москве;core_use_geo
заказать растения для аквариума для профессионального аквариума по москве;core_use_geo
растения для аквариума для профессионального аквариума по москве цена;core_use_geo
растения для аквариума для профессионального аквариума по московской области;core_use_geo
купить растения для аквариума для профессионального аквариума по московской области;core_use_geo
заказать растения для аквариума для профессионального аквариума по московской области;core_use_geo
растения для аквариума для профессионального аквариума по московской области цена;core_use_geo
растения для аквариума для профессионального аквариума в москве с доставкой;core_use_geo
купить растения для аквариума для профессионального аквариума в москве с доставкой;core_use_geo
заказать растения для аквариума для профессионального аквариума в москве с доставкой;core_use_geo
растения для аквариума для профессионального аквариума в москве с доставкой цена;core_use_geo
растения для аквариума для профессионального аквариума по москве с доставкой;core_use_geo
купить растения для аквариума для профессионального аквариума по москве с доставкой;core_use_geo
заказать растения для аквариума для профессионального аквариума по москве с доставкой;core_use_geo
растения для аквариума для профессионального аквариума по москве с доставкой цена;core_use_geo
растения для аквариума для профессионального аквариума для москвы и области;core_use_geo
купить растения для аквариума для профессионального аквариума для москвы и области;core_use_geo
заказать растения для аквариума для профессионального аквариума для москвы и области;core_use_geo
растения для аквариума для профессионального аквариума для москвы и области цена;core_use_geo
растения для аквариума для посадки на корягу;core_use
купить растения для аквариума для посадки на корягу;core_use
заказать растения для аквариума для посадки на корягу;core_use
где купить растения для аквариума для посадки на корягу;core_use
растения для аквариума для посадки на корягу цена;core_use
растения для аквариума для посадки на корягу отзывы;core_use
как выбрать растения для аквариума для посадки на корягу;core_use
как посадить растения для аквариума для посадки на корягу;core_use
растения для аквариума для посадки на корягу в москве;core_use_geo
купить растения для аквариума для посадки на корягу в москве;core_use_geo
заказать растения для аквариума для посадки на корягу в москве;core_use_geo
растения для аквариума для посадки на корягу в москве цена;core_use_geo
растения для аквариума для посадки на корягу по москве;core_use_geo
купить растения для аквариума для посадки на корягу по москве;core_use_geo
заказать растения для аквариума для посадки на корягу по москве;core_use_geo
растения для аквариума для посадки на корягу по москве цена;core_use_geo
растения для аквариума для посадки на корягу по московской области;core_use_geo
купить растения для аквариума для посадки на корягу по московской области;core_use_geo
заказать растения для аквариума для посадки на корягу по московской области;core_use_geo
растения для аквариума для посадки на корягу по московской области цена;core_use_geo
растения для аквариума для посадки на корягу в москве с доставкой;core_use_geo
купить растения для аквариума для посадки на корягу в москве с доставкой;core_use_geo
заказать растения для аквариума для посадки на корягу в москве с доставкой;core_use_geo
растения для аквариума для посадки на корягу в москве с доставкой цена;core_use_geo
растения для аквариума для посадки на корягу по москве с доставкой;core_use_geo
купить растения для аквариума для посадки на корягу по москве с доставкой;core_use_geo
заказать растения для аквариума для посадки на корягу по москве с доставкой;core_use_geo
растения для аквариума для посадки на корягу по москве с доставкой цена;core_use_geo
растения для аквариума для посадки на корягу для москвы и области;core_use_geo
купить растения для аквариума для посадки на корягу для москвы и области;core_use_geo
заказать растения для аквариума для посадки на корягу для москвы и области;core_use_geo
растения для аквариума для посадки на корягу для москвы и области цена;core_use_geo
растения для аквариума для посадки на камни;core_use
купить растения для аквариума для посадки на камни;core_use
заказать растения для аквариума для посадки на камни;core_use
где купить растения для аквариума для посадки на камни;core_use
растения для аквариума для посадки на камни цена;core_use
растения для аквариума для посадки на камни отзывы;core_use
как выбрать растения для аквариума для посадки на камни;core_use
как посадить растения для аквариума для посадки на камни;core_use
растения для аквариума для посадки на камни в москве;core_use_geo
купить растения для аквариума для посадки на камни в москве;core_use_geo
заказать растения для аквариума для посадки на камни в москве;core_use_geo
растения для аквариума для посадки на камни в москве цена;core_use_geo
растения для аквариума для посадки на камни по москве;core_use_geo
купить растения для аквариума для посадки на камни по москве;core_use_geo
заказать растения для аквариума для посадки на камни по москве;core_use_geo
растения для аквариума для посадки на камни по москве цена;core_use_geo
растения для аквариума для посадки на камни по московской области;core_use_geo
купить растения для аквариума для посадки на камни по московской области;core_use_geo
заказать растения для аквариума для посадки на камни по московской области;core_use_geo
растения для аквариума для посадки на камни по московской области цена;core_use_geo
растения для аквариума для посадки на камни в москве с доставкой;core_use_geo
купить растения для аквариума для посадки на камни в москве с доставкой;core_use_geo
заказать растения для аквариума для посадки на камни в москве с доставкой;core_use_geo
растения для аквариума для посадки на камни в москве с доставкой цена;core_use_geo
растения для аквариума для посадки на камни по москве с доставкой;core_use_geo
купить растения для аквариума для посадки на камни по москве с доставкой;core_use_geo
заказать растения для аквариума для посадки на камни по москве с доставкой;core_use_geo
растения для аквариума для посадки на камни по москве с доставкой цена;core_use_geo
растения для аквариума для посадки на камни для москвы и области;core_use_geo
купить растения для аквариума для посадки на камни для москвы и области;core_use_geo
заказать растения для аквариума для посадки на камни для москвы и области;core_use_geo
растения для аквариума для посадки на камни для москвы и области цена;core_use_geo
растения для аквариума без улиток;core_benefit
купить растения для аквариума без улиток;core_benefit
заказать растения для аквариума без улиток;core_benefit
растения для аквариума без улиток цена;core_benefit
растения для аквариума без улиток отзывы;core_benefit
как выбрать растения для аквариума без улиток;core_benefit
растения для аквариума без улиток в москве;core_benefit_geo
купить растения для аквариума без улиток в москве;core_benefit_geo
растения для аквариума без улиток в москве цена;core_benefit_geo
растения для аквариума без улиток по москве;core_benefit_geo
купить растения для аквариума без улиток по москве;core_benefit_geo
растения для аквариума без улиток по москве цена;core_benefit_geo
растения для аквариума без улиток по московской области;core_benefit_geo
купить растения для аквариума без улиток по московской области;core_benefit_geo
растения для аквариума без улиток по московской области цена;core_benefit_geo
растения для аквариума без улиток в москве с доставкой;core_benefit_geo
купить растения для аквариума без улиток в москве с доставкой;core_benefit_geo
растения для аквариума без улиток в москве с доставкой цена;core_benefit_geo
растения для аквариума без улиток по москве с доставкой;core_benefit_geo
купить растения для аквариума без улиток по москве с доставкой;core_benefit_geo
растения для аквариума без улиток по москве с доставкой цена;core_benefit_geo
растения для аквариума без улиток для москвы и области;core_benefit_geo
купить растения для аквариума без улиток для москвы и области;core_benefit_geo
растения для аквариума без улиток для москвы и области цена;core_benefit_geo
растения для аквариума без водорослей;core_benefit
купить растения для аквариума без водорослей;core_benefit
заказать растения для аквариума без водорослей;core_benefit
растения для аквариума без водорослей цена;core_benefit
растения для аквариума без водорослей отзывы;core_benefit
как выбрать растения для аквариума без водорослей;core_benefit
растения для аквариума без водорослей в москве;core_benefit_geo
купить растения для аквариума без водорослей в москве;core_benefit_geo
растения для аквариума без водорослей в москве цена;core_benefit_geo
растения для аквариума без водорослей по москве;core_benefit_geo
купить растения для аквариума без водорослей по москве;core_benefit_geo
растения для аквариума без водорослей по москве цена;core_benefit_geo
растения для аквариума без водорослей по московской области;core_benefit_geo
купить растения для аквариума без водорослей по московской области;core_benefit_geo
растения для аквариума без водорослей по московской области цена;core_benefit_geo
растения для аквариума без водорослей в москве с доставкой;core_benefit_geo
купить растения для аквариума без водорослей в москве с доставкой;core_benefit_geo
растения для аквариума без водорослей в москве с доставкой цена;core_benefit_geo
растения для аквариума без водорослей по москве с доставкой;core_benefit_geo
купить растения для аквариума без водорослей по москве с доставкой;core_benefit_geo
растения для аквариума без водорослей по москве с доставкой цена;core_benefit_geo
растения для аквариума без водорослей для москвы и области;core_benefit_geo
купить растения для аквариума без водорослей для москвы и области;core_benefit_geo
растения для аквариума без водорослей для москвы и области цена;core_benefit_geo
растения для аквариума стерильные;core_benefit
купить растения для аквариума стерильные;core_benefit
заказать растения для аквариума стерильные;core_benefit
растения для аквариума стерильные цена;core_benefit
растения для аквариума стерильные отзывы;core_benefit
как выбрать растения для аквариума стерильные;core_benefit
растения для аквариума стерильные в москве;core_benefit_geo
купить растения для аквариума стерильные в москве;core_benefit_geo
растения для аквариума стерильные в москве цена;core_benefit_geo
растения для аквариума стерильные по москве;core_benefit_geo
купить растения для аквариума стерильные по москве;core_benefit_geo
растения для аквариума стерильные по москве цена;core_benefit_geo
растения для аквариума стерильные по московской области;core_benefit_geo
купить растения для аквариума стерильные по московской области;core_benefit_geo
растения для аквариума стерильные по московской области цена;core_benefit_geo
растения для аквариума стерильные в москве с доставкой;core_benefit_geo
купить растения для аквариума стерильные в москве с доставкой;core_benefit_geo
растения для аквариума стерильные в москве с доставкой цена;core_benefit_geo
растения для аквариума стерильные по москве с доставкой;core_benefit_geo
купить растения для аквариума стерильные по москве с доставкой;core_benefit_geo
растения для аквариума стерильные по москве с доставкой цена;core_benefit_geo
растения для аквариума стерильные для москвы и области;core_benefit_geo
купить растения для аквариума стерильные для москвы и области;core_benefit_geo
растения для аквариума стерильные для москвы и области цена;core_benefit_geo
растения для аквариума in vitro;core_benefit
купить растения для аквариума in vitro;core_benefit
заказать растения для аквариума in vitro;core_benefit
растения для аквариума in vitro цена;core_benefit
растения для аквариума in vitro отзывы;core_benefit
как выбрать растения для аквариума in vitro;core_benefit
растения для аквариума in vitro в москве;core_benefit_geo
купить растения для аквариума in vitro в москве;core_benefit_geo
растения для аквариума in vitro в москве цена;core_benefit_geo
растения для аквариума in vitro по москве;core_benefit_geo
купить растения для аквариума in vitro по москве;core_benefit_geo
растения для аквариума in vitro по москве цена;core_benefit_geo
растения для аквариума in vitro по московской области;core_benefit_geo
купить растения для аквариума in vitro по московской области;core_benefit_geo
растения для аквариума in vitro по московской области цена;core_benefit_geo
растения для аквариума in vitro в москве с доставкой;core_benefit_geo
купить растения для аквариума in vitro в москве с доставкой;core_benefit_geo
растения для аквариума in vitro в москве с доставкой цена;core_benefit_geo
растения для аквариума in vitro по москве с доставкой;core_benefit_geo
купить растения для аквариума in vitro по москве с доставкой;core_benefit_geo
растения для аквариума in vitro по москве с доставкой цена;core_benefit_geo
растения для аквариума in vitro для москвы и области;core_benefit_geo
купить растения для аквариума in vitro для москвы и области;core_benefit_geo
растения для аквариума in vitro для москвы и области цена;core_benefit_geo
растения для аквариума в баночке;core_benefit
купить растения для аквариума в баночке;core_benefit
заказать растения для аквариума в баночке;core_benefit
растения для аквариума в баночке цена;core_benefit
растения для аквариума в баночке отзывы;core_benefit
как выбрать растения для аквариума в баночке;core_benefit
растения для аквариума в баночке в москве;core_benefit_geo
купить растения для аквариума в баночке в москве;core_benefit_geo
растения для аквариума в баночке в москве цена;core_benefit_geo
растения для аквариума в баночке по москве;core_benefit_geo
купить растения для аквариума в баночке по москве;core_benefit_geo
растения для аквариума в баночке по москве цена;core_benefit_geo
растения для аквариума в баночке по московской области;core_benefit_geo
купить растения для аквариума в баночке по московской области;core_benefit_geo
растения для аквариума в баночке по московской области цена;core_benefit_geo
растения для аквариума в баночке в москве с доставкой;core_benefit_geo
купить растения для аквариума в баночке в москве с доставкой;core_benefit_geo
растения для аквариума в баночке в москве с доставкой цена;core_benefit_geo
растения для аквариума в баночке по москве с доставкой;core_benefit_geo
купить растения для аквариума в баночке по москве с доставкой;core_benefit_geo
растения для аквариума в баночке по москве с доставкой цена;core_benefit_geo
растения для аквариума в баночке для москвы и области;core_benefit_geo
купить растения для аквариума в баночке для москвы и области;core_benefit_geo
растения для аквариума в баночке для москвы и области цена;core_benefit_geo
растения для аквариума в контейнере;core_benefit
купить растения для аквариума в контейнере;core_benefit
заказать растения для аквариума в контейнере;core_benefit
растения для аквариума в контейнере цена;core_benefit
растения для аквариума в контейнере отзывы;core_benefit
как выбрать растения для аквариума в контейнере;core_benefit
растения для аквариума в контейнере в москве;core_benefit_geo
купить растения для аквариума в контейнере в москве;core_benefit_geo
растения для аквариума в контейнере в москве цена;core_benefit_geo
растения для аквариума в контейнере по москве;core_benefit_geo
купить растения для аквариума в контейнере по москве;core_benefit_geo
растения для аквариума в контейнере по москве цена;core_benefit_geo
растения для аквариума в контейнере по московской области;core_benefit_geo
купить растения для аквариума в контейнере по московской области;core_benefit_geo
растения для аквариума в контейнере по московской области цена;core_benefit_geo
растения для аквариума в контейнере в москве с доставкой;core_benefit_geo
купить растения для аквариума в контейнере в москве с доставкой;core_benefit_geo
растения для аквариума в контейнере в москве с доставкой цена;core_benefit_geo
растения для аквариума в контейнере по москве с доставкой;core_benefit_geo
купить растения для аквариума в контейнере по москве с доставкой;core_benefit_geo
растения для аквариума в контейнере по москве с доставкой цена;core_benefit_geo
растения для аквариума в контейнере для москвы и области;core_benefit_geo
купить растения для аквариума в контейнере для москвы и области;core_benefit_geo
растения для аквариума в контейнере для москвы и области цена;core_benefit_geo
растения для аквариума с чистым стартом;core_benefit
купить растения для аквариума с чистым стартом;core_benefit
заказать растения для аквариума с чистым стартом;core_benefit
растения для аквариума с чистым стартом цена;core_benefit
растения для аквариума с чистым стартом отзывы;core_benefit
как выбрать растения для аквариума с чистым стартом;core_benefit
растения для аквариума с чистым стартом в москве;core_benefit_geo
купить растения для аквариума с чистым стартом в москве;core_benefit_geo
растения для аквариума с чистым стартом в москве цена;core_benefit_geo
растения для аквариума с чистым стартом по москве;core_benefit_geo
купить растения для аквариума с чистым стартом по москве;core_benefit_geo
растения для аквариума с чистым стартом по москве цена;core_benefit_geo
растения для аквариума с чистым стартом по московской области;core_benefit_geo
купить растения для аквариума с чистым стартом по московской области;core_benefit_geo
растения для аквариума с чистым стартом по московской области цена;core_benefit_geo
растения для аквариума с чистым стартом в москве с доставкой;core_benefit_geo
купить растения для аквариума с чистым стартом в москве с доставкой;core_benefit_geo
растения для аквариума с чистым стартом в москве с доставкой цена;core_benefit_geo
растения для аквариума с чистым стартом по москве с доставкой;core_benefit_geo
купить растения для аквариума с чистым стартом по москве с доставкой;core_benefit_geo
растения для аквариума с чистым стартом по москве с доставкой цена;core_benefit_geo
растения для аквариума с чистым стартом для москвы и области;core_benefit_geo
купить растения для аквариума с чистым стартом для москвы и области;core_benefit_geo
растения для аквариума с чистым стартом для москвы и области цена;core_benefit_geo
растения для аквариума для быстрой посадки;core_benefit
купить растения для аквариума для быстрой посадки;core_benefit
заказать растения для аквариума для быстрой посадки;core_benefit
растения для аквариума для быстрой посадки цена;core_benefit
растения для аквариума для быстрой посадки отзывы;core_benefit
как выбрать растения для аквариума для быстрой посадки;core_benefit
растения для аквариума для быстрой посадки в москве;core_benefit_geo
купить растения для аквариума для быстрой посадки в москве;core_benefit_geo
растения для аквариума для быстрой посадки в москве цена;core_benefit_geo
растения для аквариума для быстрой посадки по москве;core_benefit_geo
купить растения для аквариума для быстрой посадки по москве;core_benefit_geo
растения для аквариума для быстрой посадки по москве цена;core_benefit_geo
растения для аквариума для быстрой посадки по московской области;core_benefit_geo
купить растения для аквариума для быстрой посадки по московской области;core_benefit_geo
растения для аквариума для быстрой посадки по московской области цена;core_benefit_geo
растения для аквариума для быстрой посадки в москве с доставкой;core_benefit_geo
купить растения для аквариума для быстрой посадки в москве с доставкой;core_benefit_geo
растения для аквариума для быстрой посадки в москве с доставкой цена;core_benefit_geo
растения для аквариума для быстрой посадки по москве с доставкой;core_benefit_geo
купить растения для аквариума для быстрой посадки по москве с доставкой;core_benefit_geo
растения для аквариума для быстрой посадки по москве с доставкой цена;core_benefit_geo
растения для аквариума для быстрой посадки для москвы и области;core_benefit_geo
купить растения для аквариума для быстрой посадки для москвы и области;core_benefit_geo
растения для аквариума для быстрой посадки для москвы и области цена;core_benefit_geo
растения для аквариума для аккуратной посадки;core_benefit
купить растения для аквариума для аккуратной посадки;core_benefit
заказать растения для аквариума для аккуратной посадки;core_benefit
растения для аквариума для аккуратной посадки цена;core_benefit
растения для аквариума для аккуратной посадки отзывы;core_benefit
как выбрать растения для аквариума для аккуратной посадки;core_benefit
растения для аквариума для аккуратной посадки в москве;core_benefit_geo
купить растения для аквариума для аккуратной посадки в москве;core_benefit_geo
растения для аквариума для аккуратной посадки в москве цена;core_benefit_geo
растения для аквариума для аккуратной посадки по москве;core_benefit_geo
купить растения для аквариума для аккуратной посадки по москве;core_benefit_geo
растения для аквариума для аккуратной посадки по москве цена;core_benefit_geo
растения для аквариума для аккуратной посадки по московской области;core_benefit_geo
купить растения для аквариума для аккуратной посадки по московской области;core_benefit_geo
растения для аквариума для аккуратной посадки по московской области цена;core_benefit_geo
растения для аквариума для аккуратной посадки в москве с доставкой;core_benefit_geo
купить растения для аквариума для аккуратной посадки в москве с доставкой;core_benefit_geo
растения для аквариума для аккуратной посадки в москве с доставкой цена;core_benefit_geo
растения для аквариума для аккуратной посадки по москве с доставкой;core_benefit_geo
купить растения для аквариума для аккуратной посадки по москве с доставкой;core_benefit_geo
растения для аквариума для аккуратной посадки по москве с доставкой цена;core_benefit_geo
растения для аквариума для аккуратной посадки для москвы и области;core_benefit_geo
купить растения для аквариума для аккуратной посадки для москвы и области;core_benefit_geo
растения для аквариума для аккуратной посадки для москвы и области цена;core_benefit_geo
растения для аквариума для безопасного запуска;core_benefit
купить растения для аквариума для безопасного запуска;core_benefit
заказать растения для аквариума для безопасного запуска;core_benefit
растения для аквариума для безопасного запуска цена;core_benefit
растения для аквариума для безопасного запуска отзывы;core_benefit
как выбрать растения для аквариума для безопасного запуска;core_benefit
растения для аквариума для безопасного запуска в москве;core_benefit_geo
купить растения для аквариума для безопасного запуска в москве;core_benefit_geo
растения для аквариума для безопасного запуска в москве цена;core_benefit_geo
растения для аквариума для безопасного запуска по москве;core_benefit_geo
купить растения для аквариума для безопасного запуска по москве;core_benefit_geo
растения для аквариума для безопасного запуска по москве цена;core_benefit_geo
растения для аквариума для безопасного запуска по московской области;core_benefit_geo
купить растения для аквариума для безопасного запуска по московской области;core_benefit_geo
растения для аквариума для безопасного запуска по московской области цена;core_benefit_geo
растения для аквариума для безопасного запуска в москве с доставкой;core_benefit_geo
купить растения для аквариума для безопасного запуска в москве с доставкой;core_benefit_geo
растения для аквариума для безопасного запуска в москве с доставкой цена;core_benefit_geo
растения для аквариума для безопасного запуска по москве с доставкой;core_benefit_geo
купить растения для аквариума для безопасного запуска по москве с доставкой;core_benefit_geo
растения для аквариума для безопасного запуска по москве с доставкой цена;core_benefit_geo
растения для аквариума для безопасного запуска для москвы и области;core_benefit_geo
купить растения для аквариума для безопасного запуска для москвы и области;core_benefit_geo
растения для аквариума для безопасного запуска для москвы и области цена;core_benefit_geo
растения для аквариума для плотного ковра;core_benefit
купить растения для аквариума для плотного ковра;core_benefit
заказать растения для аквариума для плотного ковра;core_benefit
растения для аквариума для плотного ковра цена;core_benefit
растения для аквариума для плотного ковра отзывы;core_benefit
как выбрать растения для аквариума для плотного ковра;core_benefit
растения для аквариума для плотного ковра в москве;core_benefit_geo
купить растения для аквариума для плотного ковра в москве;core_benefit_geo
растения для аквариума для плотного ковра в москве цена;core_benefit_geo
растения для аквариума для плотного ковра по москве;core_benefit_geo
купить растения для аквариума для плотного ковра по москве;core_benefit_geo
растения для аквариума для плотного ковра по москве цена;core_benefit_geo
растения для аквариума для плотного ковра по московской области;core_benefit_geo
купить растения для аквариума для плотного ковра по московской области;core_benefit_geo
растения для аквариума для плотного ковра по московской области цена;core_benefit_geo
растения для аквариума для плотного ковра в москве с доставкой;core_benefit_geo
купить растения для аквариума для плотного ковра в москве с доставкой;core_benefit_geo
растения для аквариума для плотного ковра в москве с доставкой цена;core_benefit_geo
растения для аквариума для плотного ковра по москве с доставкой;core_benefit_geo
купить растения для аквариума для плотного ковра по москве с доставкой;core_benefit_geo
растения для аквариума для плотного ковра по москве с доставкой цена;core_benefit_geo
растения для аквариума для плотного ковра для москвы и области;core_benefit_geo
купить растения для аквариума для плотного ковра для москвы и области;core_benefit_geo
растения для аквариума для плотного ковра для москвы и области цена;core_benefit_geo
растения для аквариума для яркого акцента;core_benefit
купить растения для аквариума для яркого акцента;core_benefit
заказать растения для аквариума для яркого акцента;core_benefit
растения для аквариума для яркого акцента цена;core_benefit
растения для аквариума для яркого акцента отзывы;core_benefit
как выбрать растения для аквариума для яркого акцента;core_benefit
растения для аквариума для яркого акцента в москве;core_benefit_geo
купить растения для аквариума для яркого акцента в москве;core_benefit_geo
растения для аквариума для яркого акцента в москве цена;core_benefit_geo
растения для аквариума для яркого акцента по москве;core_benefit_geo
купить растения для аквариума для яркого акцента по москве;core_benefit_geo
растения для аквариума для яркого акцента по москве цена;core_benefit_geo
растения для аквариума для яркого акцента по московской области;core_benefit_geo
купить растения для аквариума для яркого акцента по московской области;core_benefit_geo
растения для аквариума для яркого акцента по московской области цена;core_benefit_geo
растения для аквариума для яркого акцента в москве с доставкой;core_benefit_geo
купить растения для аквариума для яркого акцента в москве с доставкой;core_benefit_geo
растения для аквариума для яркого акцента в москве с доставкой цена;core_benefit_geo
растения для аквариума для яркого акцента по москве с доставкой;core_benefit_geo
купить растения для аквариума для яркого акцента по москве с доставкой;core_benefit_geo
растения для аквариума для яркого акцента по москве с доставкой цена;core_benefit_geo
растения для аквариума для яркого акцента для москвы и области;core_benefit_geo
купить растения для аквариума для яркого акцента для москвы и области;core_benefit_geo
растения для аквариума для яркого акцента для москвы и области цена;core_benefit_geo
растения для аквариума для аквариума 20 литров;core_volume
купить растения для аквариума для аквариума 20 литров;core_volume
заказать растения для аквариума для аквариума 20 литров;core_volume
растения для аквариума для аквариума 20 литров цена;core_volume
как выбрать растения для аквариума для аквариума 20 литров;core_volume
растения для аквариума для аквариума 30 литров;core_volume
купить растения для аквариума для аквариума 30 литров;core_volume
заказать растения для аквариума для аквариума 30 литров;core_volume
растения для аквариума для аквариума 30 литров цена;core_volume
как выбрать растения для аквариума для аквариума 30 литров;core_volume
растения для аквариума для аквариума 40 литров;core_volume
купить растения для аквариума для аквариума 40 литров;core_volume
заказать растения для аквариума для аквариума 40 литров;core_volume
растения для аквариума для аквариума 40 литров цена;core_volume
как выбрать растения для аквариума для аквариума 40 литров;core_volume
растения для аквариума для аквариума 50 литров;core_volume
купить растения для аквариума для аквариума 50 литров;core_volume
заказать растения для аквариума для аквариума 50 литров;core_volume
растения для аквариума для аквариума 50 литров цена;core_volume
как выбрать растения для аквариума для аквариума 50 литров;core_volume
растения для аквариума для аквариума 60 литров;core_volume
купить растения для аквариума для аквариума 60 литров;core_volume
заказать растения для аквариума для аквариума 60 литров;core_volume
растения для аквариума для аквариума 60 литров цена;core_volume
как выбрать растения для аквариума для аквариума 60 литров;core_volume
растения для аквариума для аквариума 80 литров;core_volume
купить растения для аквариума для аквариума 80 литров;core_volume
заказать растения для аквариума для аквариума 80 литров;core_volume
растения для аквариума для аквариума 80 литров цена;core_volume
как выбрать растения для аквариума для аквариума 80 литров;core_volume
растения для аквариума для аквариума 100 литров;core_volume
купить растения для аквариума для аквариума 100 литров;core_volume
заказать растения для аквариума для аквариума 100 литров;core_volume
растения для аквариума для аквариума 100 литров цена;core_volume
как выбрать растения для аквариума для аквариума 100 литров;core_volume
растения для аквариума для аквариума 120 литров;core_volume
купить растения для аквариума для аквариума 120 литров;core_volume
заказать растения для аквариума для аквариума 120 литров;core_volume
растения для аквариума для аквариума 120 литров цена;core_volume
как выбрать растения для аквариума для аквариума 120 литров;core_volume
растения для аквариума для аквариума 200 литров;core_volume
купить растения для аквариума для аквариума 200 литров;core_volume
заказать растения для аквариума для аквариума 200 литров;core_volume
растения для аквариума для аквариума 200 литров цена;core_volume
как выбрать растения для аквариума для аквариума 200 литров;core_volume
купить меристемные аквариумные растения;core_commercial
заказать меристемные аквариумные растения;core_commercial
где купить меристемные аквариумные растения;core_commercial
где заказать меристемные аквариумные растения;core_commercial
меристемные аквариумные растения цена;core_commercial
меристемные аквариумные растения цены;core_commercial
меристемные аквариумные растения стоимость;core_commercial
меристемные аквариумные растения прайс;core_commercial
меристемные аквариумные растения наличие;core_commercial
меристемные аквариумные растения каталог;core_commercial
меристемные аквариумные растения отзывы;core_commercial
меристемные аквариумные растения доставка;core_commercial
меристемные аквариумные растения в наличии;core_commercial
как выбрать меристемные аквариумные растения;core_info
как заказать меристемные аквариумные растения;core_info
как купить меристемные аквариумные растения;core_info
как посадить меристемные аквариумные растения;core_info
как сажать меристемные аквариумные растения;core_info
меристемные аквариумные растения для начинающих;core_info
меристемные аквариумные растения для чистого запуска;core_info
меристемные аквариумные растения что выбрать;core_info
меристемные аквариумные растения как оформить заказ;core_info
меристемные аквариумные растения для красивого аквариума;core_info
меристемные аквариумные растения для здорового аквариума;core_info
меристемные аквариумные растения в москве;core_geo
купить меристемные аквариумные растения в москве;core_geo
заказать меристемные аквариумные растения в москве;core_geo
где купить меристемные аквариумные растения в москве;core_geo
меристемные аквариумные растения в москве цена;core_geo
меристемные аквариумные растения в москве наличие;core_geo
меристемные аквариумные растения по москве;core_geo
купить меристемные аквариумные растения по москве;core_geo
заказать меристемные аквариумные растения по москве;core_geo
где купить меристемные аквариумные растения по москве;core_geo
меристемные аквариумные растения по москве цена;core_geo
меристемные аквариумные растения по москве наличие;core_geo
меристемные аквариумные растения по московской области;core_geo
купить меристемные аквариумные растения по московской области;core_geo
заказать меристемные аквариумные растения по московской области;core_geo
где купить меристемные аквариумные растения по московской области;core_geo
меристемные аквариумные растения по московской области цена;core_geo
меристемные аквариумные растения по московской области наличие;core_geo
меристемные аквариумные растения в москве с доставкой;core_geo
купить меристемные аквариумные растения в москве с доставкой;core_geo
заказать меристемные аквариумные растения в москве с доставкой;core_geo
где купить меристемные аквариумные растения в москве с доставкой;core_geo
меристемные аквариумные растения в москве с доставкой цена;core_geo
меристемные аквариумные растения в москве с доставкой наличие;core_geo
меристемные аквариумные растения по москве с доставкой;core_geo
купить меристемные аквариумные растения по москве с доставкой;core_geo
заказать меристемные аквариумные растения по москве с доставкой;core_geo
где купить меристемные аквариумные растения по москве с доставкой;core_geo
меристемные аквариумные растения по москве с доставкой цена;core_geo
меристемные аквариумные растения по москве с доставкой наличие;core_geo
меристемные аквариумные растения для москвы и области;core_geo
купить меристемные аквариумные растения для москвы и области;core_geo
заказать меристемные аквариумные растения для москвы и области;core_geo
где купить меристемные аквариумные растения для москвы и области;core_geo
меристемные аквариумные растения для москвы и области цена;core_geo
меристемные аквариумные растения для москвы и области наличие;core_geo
меристемные аквариумные растения для акваскейпа;core_use
купить меристемные аквариумные растения для акваскейпа;core_use
заказать меристемные аквариумные растения для акваскейпа;core_use
где купить меристемные аквариумные растения для акваскейпа;core_use
меристемные аквариумные растения для акваскейпа цена;core_use
меристемные аквариумные растения для акваскейпа отзывы;core_use
как выбрать меристемные аквариумные растения для акваскейпа;core_use
как посадить меристемные аквариумные растения для акваскейпа;core_use
меристемные аквариумные растения для акваскейпа в москве;core_use_geo
купить меристемные аквариумные растения для акваскейпа в москве;core_use_geo
заказать меристемные аквариумные растения для акваскейпа в москве;core_use_geo
меристемные аквариумные растения для акваскейпа в москве цена;core_use_geo
меристемные аквариумные растения для акваскейпа по москве;core_use_geo
купить меристемные аквариумные растения для акваскейпа по москве;core_use_geo
заказать меристемные аквариумные растения для акваскейпа по москве;core_use_geo
меристемные аквариумные растения для акваскейпа по москве цена;core_use_geo
меристемные аквариумные растения для акваскейпа по московской области;core_use_geo
купить меристемные аквариумные растения для акваскейпа по московской области;core_use_geo
заказать меристемные аквариумные растения для акваскейпа по московской области;core_use_geo
меристемные аквариумные растения для акваскейпа по московской области цена;core_use_geo
меристемные аквариумные растения для акваскейпа в москве с доставкой;core_use_geo
купить меристемные аквариумные растения для акваскейпа в москве с доставкой;core_use_geo
заказать меристемные аквариумные растения для акваскейпа в москве с доставкой;core_use_geo
меристемные аквариумные растения для акваскейпа в москве с доставкой цена;core_use_geo
меристемные аквариумные растения для акваскейпа по москве с доставкой;core_use_geo
купить меристемные аквариумные растения для акваскейпа по москве с доставкой;core_use_geo
заказать меристемные аквариумные растения для акваскейпа по москве с доставкой;core_use_geo
меристемные аквариумные растения для акваскейпа по москве с доставкой цена;core_use_geo
меристемные аквариумные растения для акваскейпа для москвы и области;core_use_geo
купить меристемные аквариумные растения для акваскейпа для москвы и области;core_use_geo
заказать меристемные аквариумные растения для акваскейпа для москвы и области;core_use_geo
меристемные аквариумные растения для акваскейпа для москвы и области цена;core_use_geo
меристемные аквариумные растения для травника;core_use
купить меристемные аквариумные растения для травника;core_use
заказать меристемные аквариумные растения для травника;core_use
где купить меристемные аквариумные растения для травника;core_use
меристемные аквариумные растения для травника цена;core_use
меристемные аквариумные растения для травника отзывы;core_use
как выбрать меристемные аквариумные растения для травника;core_use
как посадить меристемные аквариумные растения для травника;core_use
меристемные аквариумные растения для травника в москве;core_use_geo
купить меристемные аквариумные растения для травника в москве;core_use_geo
заказать меристемные аквариумные растения для травника в москве;core_use_geo
меристемные аквариумные растения для травника в москве цена;core_use_geo
меристемные аквариумные растения для травника по москве;core_use_geo
купить меристемные аквариумные растения для травника по москве;core_use_geo
заказать меристемные аквариумные растения для травника по москве;core_use_geo
меристемные аквариумные растения для травника по москве цена;core_use_geo
меристемные аквариумные растения для травника по московской области;core_use_geo
купить меристемные аквариумные растения для травника по московской области;core_use_geo
заказать меристемные аквариумные растения для травника по московской области;core_use_geo
меристемные аквариумные растения для травника по московской области цена;core_use_geo
меристемные аквариумные растения для травника в москве с доставкой;core_use_geo
купить меристемные аквариумные растения для травника в москве с доставкой;core_use_geo
заказать меристемные аквариумные растения для травника в москве с доставкой;core_use_geo
меристемные аквариумные растения для травника в москве с доставкой цена;core_use_geo
меристемные аквариумные растения для травника по москве с доставкой;core_use_geo
купить меристемные аквариумные растения для травника по москве с доставкой;core_use_geo
заказать меристемные аквариумные растения для травника по москве с доставкой;core_use_geo
меристемные аквариумные растения для травника по москве с доставкой цена;core_use_geo
меристемные аквариумные растения для травника для москвы и области;core_use_geo
купить меристемные аквариумные растения для травника для москвы и области;core_use_geo
заказать меристемные аквариумные растения для травника для москвы и области;core_use_geo
меристемные аквариумные растения для травника для москвы и области цена;core_use_geo
меристемные аквариумные растения для запуска аквариума;core_use
купить меристемные аквариумные растения для запуска аквариума;core_use
заказать меристемные аквариумные растения для запуска аквариума;core_use
где купить меристемные аквариумные растения для запуска аквариума;core_use
меристемные аквариумные растения для запуска аквариума цена;core_use
меристемные аквариумные растения для запуска аквариума отзывы;core_use
как выбрать меристемные аквариумные растения для запуска аквариума;core_use
как посадить меристемные аквариумные растения для запуска аквариума;core_use
меристемные аквариумные растения для запуска аквариума в москве;core_use_geo
купить меристемные аквариумные растения для запуска аквариума в москве;core_use_geo
заказать меристемные аквариумные растения для запуска аквариума в москве;core_use_geo
меристемные аквариумные растения для запуска аквариума в москве цена;core_use_geo
меристемные аквариумные растения для запуска аквариума по москве;core_use_geo
купить меристемные аквариумные растения для запуска аквариума по москве;core_use_geo
заказать меристемные аквариумные растения для запуска аквариума по москве;core_use_geo
меристемные аквариумные растения для запуска аквариума по москве цена;core_use_geo
меристемные аквариумные растения для запуска аквариума по московской области;core_use_geo
купить меристемные аквариумные растения для запуска аквариума по московской области;core_use_geo
заказать меристемные аквариумные растения для запуска аквариума по московской области;core_use_geo
меристемные аквариумные растения для запуска аквариума по московской области цена;core_use_geo
меристемные аквариумные растения для запуска аквариума в москве с доставкой;core_use_geo
купить меристемные аквариумные растения для запуска аквариума в москве с доставкой;core_use_geo
заказать меристемные аквариумные растения для запуска аквариума в москве с доставкой;core_use_geo
меристемные аквариумные растения для запуска аквариума в москве с доставкой цена;core_use_geo
меристемные аквариумные растения для запуска аквариума по москве с доставкой;core_use_geo
купить меристемные аквариумные растения для запуска аквариума по москве с доставкой;core_use_geo
заказать меристемные аквариумные растения для запуска аквариума по москве с доставкой;core_use_geo
меристемные аквариумные растения для запуска аквариума по москве с доставкой цена;core_use_geo
меристемные аквариумные растения для запуска аквариума для москвы и области;core_use_geo
купить меристемные аквариумные растения для запуска аквариума для москвы и области;core_use_geo
заказать меристемные аквариумные растения для запуска аквариума для москвы и области;core_use_geo
меристемные аквариумные растения для запуска аквариума для москвы и области цена;core_use_geo
меристемные аквариумные растения для нового аквариума;core_use
купить меристемные аквариумные растения для нового аквариума;core_use
заказать меристемные аквариумные растения для нового аквариума;core_use
где купить меристемные аквариумные растения для нового аквариума;core_use
меристемные аквариумные растения для нового аквариума цена;core_use
меристемные аквариумные растения для нового аквариума отзывы;core_use
как выбрать меристемные аквариумные растения для нового аквариума;core_use
как посадить меристемные аквариумные растения для нового аквариума;core_use
меристемные аквариумные растения для нового аквариума в москве;core_use_geo
купить меристемные аквариумные растения для нового аквариума в москве;core_use_geo
заказать меристемные аквариумные растения для нового аквариума в москве;core_use_geo
меристемные аквариумные растения для нового аквариума в москве цена;core_use_geo
меристемные аквариумные растения для нового аквариума по москве;core_use_geo
купить меристемные аквариумные растения для нового аквариума по москве;core_use_geo
заказать меристемные аквариумные растения для нового аквариума по москве;core_use_geo
меристемные аквариумные растения для нового аквариума по москве цена;core_use_geo
меристемные аквариумные растения для нового аквариума по московской области;core_use_geo
купить меристемные аквариумные растения для нового аквариума по московской области;core_use_geo
заказать меристемные аквариумные растения для нового аквариума по московской области;core_use_geo
меристемные аквариумные растения для нового аквариума по московской области цена;core_use_geo
меристемные аквариумные растения для нового аквариума в москве с доставкой;core_use_geo
купить меристемные аквариумные растения для нового аквариума в москве с доставкой;core_use_geo
заказать меристемные аквариумные растения для нового аквариума в москве с доставкой;core_use_geo
меристемные аквариумные растения для нового аквариума в москве с доставкой цена;core_use_geo
меристемные аквариумные растения для нового аквариума по москве с доставкой;core_use_geo
купить меристемные аквариумные растения для нового аквариума по москве с доставкой;core_use_geo
заказать меристемные аквариумные растения для нового аквариума по москве с доставкой;core_use_geo
меристемные аквариумные растения для нового аквариума по москве с доставкой цена;core_use_geo
меристемные аквариумные растения для нового аквариума для москвы и области;core_use_geo
купить меристемные аквариумные растения для нового аквариума для москвы и области;core_use_geo
заказать меристемные аквариумные растения для нового аквариума для москвы и области;core_use_geo
меристемные аквариумные растения для нового аквариума для москвы и области цена;core_use_geo
меристемные аквариумные растения для переднего плана;core_use
купить меристемные аквариумные растения для переднего плана;core_use
заказать меристемные аквариумные растения для переднего плана;core_use
где купить меристемные аквариумные растения для переднего плана;core_use
меристемные аквариумные растения для переднего плана цена;core_use
меристемные аквариумные растения для переднего плана отзывы;core_use
как выбрать меристемные аквариумные растения для переднего плана;core_use
как посадить меристемные аквариумные растения для переднего плана;core_use
меристемные аквариумные растения для переднего плана в москве;core_use_geo
купить меристемные аквариумные растения для переднего плана в москве;core_use_geo
заказать меристемные аквариумные растения для переднего плана в москве;core_use_geo
меристемные аквариумные растения для переднего плана в москве цена;core_use_geo
меристемные аквариумные растения для переднего плана по москве;core_use_geo
купить меристемные аквариумные растения для переднего плана по москве;core_use_geo
заказать меристемные аквариумные растения для переднего плана по москве;core_use_geo
меристемные аквариумные растения для переднего плана по москве цена;core_use_geo
меристемные аквариумные растения для переднего плана по московской области;core_use_geo
купить меристемные аквариумные растения для переднего плана по московской области;core_use_geo
заказать меристемные аквариумные растения для переднего плана по московской области;core_use_geo
меристемные аквариумные растения для переднего плана по московской области цена;core_use_geo
меристемные аквариумные растения для переднего плана в москве с доставкой;core_use_geo
купить меристемные аквариумные растения для переднего плана в москве с доставкой;core_use_geo
заказать меристемные аквариумные растения для переднего плана в москве с доставкой;core_use_geo
меристемные аквариумные растения для переднего плана в москве с доставкой цена;core_use_geo
меристемные аквариумные растения для переднего плана по москве с доставкой;core_use_geo
купить меристемные аквариумные растения для переднего плана по москве с доставкой;core_use_geo
заказать меристемные аквариумные растения для переднего плана по москве с доставкой;core_use_geo
меристемные аквариумные растения для переднего плана по москве с доставкой цена;core_use_geo
меристемные аквариумные растения для переднего плана для москвы и области;core_use_geo
купить меристемные аквариумные растения для переднего плана для москвы и области;core_use_geo
заказать меристемные аквариумные растения для переднего плана для москвы и области;core_use_geo
меристемные аквариумные растения для переднего плана для москвы и области цена;core_use_geo
меристемные аквариумные растения для среднего плана;core_use
купить меристемные аквариумные растения для среднего плана;core_use
заказать меристемные аквариумные растения для среднего плана;core_use
где купить меристемные аквариумные растения для среднего плана;core_use
меристемные аквариумные растения для среднего плана цена;core_use
меристемные аквариумные растения для среднего плана отзывы;core_use
как выбрать меристемные аквариумные растения для среднего плана;core_use
как посадить меристемные аквариумные растения для среднего плана;core_use
меристемные аквариумные растения для среднего плана в москве;core_use_geo
купить меристемные аквариумные растения для среднего плана в москве;core_use_geo
заказать меристемные аквариумные растения для среднего плана в москве;core_use_geo
меристемные аквариумные растения для среднего плана в москве цена;core_use_geo
меристемные аквариумные растения для среднего плана по москве;core_use_geo
купить меристемные аквариумные растения для среднего плана по москве;core_use_geo
заказать меристемные аквариумные растения для среднего плана по москве;core_use_geo
меристемные аквариумные растения для среднего плана по москве цена;core_use_geo
меристемные аквариумные растения для среднего плана по московской области;core_use_geo
купить меристемные аквариумные растения для среднего плана по московской области;core_use_geo
заказать меристемные аквариумные растения для среднего плана по московской области;core_use_geo
меристемные аквариумные растения для среднего плана по московской области цена;core_use_geo
меристемные аквариумные растения для среднего плана в москве с доставкой;core_use_geo
купить меристемные аквариумные растения для среднего плана в москве с доставкой;core_use_geo
заказать меристемные аквариумные растения для среднего плана в москве с доставкой;core_use_geo
меристемные аквариумные растения для среднего плана в москве с доставкой цена;core_use_geo
меристемные аквариумные растения для среднего плана по москве с доставкой;core_use_geo
купить меристемные аквариумные растения для среднего плана по москве с доставкой;core_use_geo
заказать меристемные аквариумные растения для среднего плана по москве с доставкой;core_use_geo
меристемные аквариумные растения для среднего плана по москве с доставкой цена;core_use_geo
меристемные аквариумные растения для среднего плана для москвы и области;core_use_geo
купить меристемные аквариумные растения для среднего плана для москвы и области;core_use_geo
заказать меристемные аквариумные растения для среднего плана для москвы и области;core_use_geo
меристемные аквариумные растения для среднего плана для москвы и области цена;core_use_geo
меристемные аквариумные растения для заднего плана;core_use
купить меристемные аквариумные растения для заднего плана;core_use
заказать меристемные аквариумные растения для заднего плана;core_use
где купить меристемные аквариумные растения для заднего плана;core_use
меристемные аквариумные растения для заднего плана цена;core_use
меристемные аквариумные растения для заднего плана отзывы;core_use
как выбрать меристемные аквариумные растения для заднего плана;core_use
как посадить меристемные аквариумные растения для заднего плана;core_use
меристемные аквариумные растения для заднего плана в москве;core_use_geo
купить меристемные аквариумные растения для заднего плана в москве;core_use_geo
заказать меристемные аквариумные растения для заднего плана в москве;core_use_geo
меристемные аквариумные растения для заднего плана в москве цена;core_use_geo
меристемные аквариумные растения для заднего плана по москве;core_use_geo
купить меристемные аквариумные растения для заднего плана по москве;core_use_geo
заказать меристемные аквариумные растения для заднего плана по москве;core_use_geo
меристемные аквариумные растения для заднего плана по москве цена;core_use_geo
меристемные аквариумные растения для заднего плана по московской области;core_use_geo
купить меристемные аквариумные растения для заднего плана по московской области;core_use_geo
заказать меристемные аквариумные растения для заднего плана по московской области;core_use_geo
меристемные аквариумные растения для заднего плана по московской области цена;core_use_geo
меристемные аквариумные растения для заднего плана в москве с доставкой;core_use_geo
купить меристемные аквариумные растения для заднего плана в москве с доставкой;core_use_geo
заказать меристемные аквариумные растения для заднего плана в москве с доставкой;core_use_geo
меристемные аквариумные растения для заднего плана в москве с доставкой цена;core_use_geo
меристемные аквариумные растения для заднего плана по москве с доставкой;core_use_geo
купить меристемные аквариумные растения для заднего плана по москве с доставкой;core_use_geo
заказать меристемные аквариумные растения для заднего плана по москве с доставкой;core_use_geo
меристемные аквариумные растения для заднего плана по москве с доставкой цена;core_use_geo
меристемные аквариумные растения для заднего плана для москвы и области;core_use_geo
купить меристемные аквариумные растения для заднего плана для москвы и области;core_use_geo
заказать меристемные аквариумные растения для заднего плана для москвы и области;core_use_geo
меристемные аквариумные растения для заднего плана для москвы и области цена;core_use_geo
меристемные аквариумные растения для нано аквариума;core_use
купить меристемные аквариумные растения для нано аквариума;core_use
заказать меристемные аквариумные растения для нано аквариума;core_use
где купить меристемные аквариумные растения для нано аквариума;core_use
меристемные аквариумные растения для нано аквариума цена;core_use
меристемные аквариумные растения для нано аквариума отзывы;core_use
как выбрать меристемные аквариумные растения для нано аквариума;core_use
как посадить меристемные аквариумные растения для нано аквариума;core_use
меристемные аквариумные растения для нано аквариума в москве;core_use_geo
купить меристемные аквариумные растения для нано аквариума в москве;core_use_geo
заказать меристемные аквариумные растения для нано аквариума в москве;core_use_geo
меристемные аквариумные растения для нано аквариума в москве цена;core_use_geo
меристемные аквариумные растения для нано аквариума по москве;core_use_geo
купить меристемные аквариумные растения для нано аквариума по москве;core_use_geo
заказать меристемные аквариумные растения для нано аквариума по москве;core_use_geo
меристемные аквариумные растения для нано аквариума по москве цена;core_use_geo
меристемные аквариумные растения для нано аквариума по московской области;core_use_geo
купить меристемные аквариумные растения для нано аквариума по московской области;core_use_geo
заказать меристемные аквариумные растения для нано аквариума по московской области;core_use_geo
меристемные аквариумные растения для нано аквариума по московской области цена;core_use_geo
меристемные аквариумные растения для нано аквариума в москве с доставкой;core_use_geo
купить меристемные аквариумные растения для нано аквариума в москве с доставкой;core_use_geo
заказать меристемные аквариумные растения для нано аквариума в москве с доставкой;core_use_geo
меристемные аквариумные растения для нано аквариума в москве с доставкой цена;core_use_geo
меристемные аквариумные растения для нано аквариума по москве с доставкой;core_use_geo
купить меристемные аквариумные растения для нано аквариума по москве с доставкой;core_use_geo
заказать меристемные аквариумные растения для нано аквариума по москве с доставкой;core_use_geo
меристемные аквариумные растения для нано аквариума по москве с доставкой цена;core_use_geo
меристемные аквариумные растения для нано аквариума для москвы и области;core_use_geo
купить меристемные аквариумные растения для нано аквариума для москвы и области;core_use_geo
заказать меристемные аквариумные растения для нано аквариума для москвы и области;core_use_geo
меристемные аквариумные растения для нано аквариума для москвы и области цена;core_use_geo
меристемные аквариумные растения для креветочника;core_use
купить меристемные аквариумные растения для креветочника;core_use
заказать меристемные аквариумные растения для креветочника;core_use
где купить меристемные аквариумные растения для креветочника;core_use
меристемные аквариумные растения для креветочника цена;core_use
меристемные аквариумные растения для креветочника отзывы;core_use
как выбрать меристемные аквариумные растения для креветочника;core_use
как посадить меристемные аквариумные растения для креветочника;core_use
меристемные аквариумные растения для креветочника в москве;core_use_geo
купить меристемные аквариумные растения для креветочника в москве;core_use_geo
заказать меристемные аквариумные растения для креветочника в москве;core_use_geo
меристемные аквариумные растения для креветочника в москве цена;core_use_geo
меристемные аквариумные растения для креветочника по москве;core_use_geo
купить меристемные аквариумные растения для креветочника по москве;core_use_geo
заказать меристемные аквариумные растения для креветочника по москве;core_use_geo
меристемные аквариумные растения для креветочника по москве цена;core_use_geo
меристемные аквариумные растения для креветочника по московской области;core_use_geo
купить меристемные аквариумные растения для креветочника по московской области;core_use_geo
заказать меристемные аквариумные растения для креветочника по московской области;core_use_geo
меристемные аквариумные растения для креветочника по московской области цена;core_use_geo
меристемные аквариумные растения для креветочника в москве с доставкой;core_use_geo
купить меристемные аквариумные растения для креветочника в москве с доставкой;core_use_geo
заказать меристемные аквариумные растения для креветочника в москве с доставкой;core_use_geo
меристемные аквариумные растения для креветочника в москве с доставкой цена;core_use_geo
меристемные аквариумные растения для креветочника по москве с доставкой;core_use_geo
купить меристемные аквариумные растения для креветочника по москве с доставкой;core_use_geo
заказать меристемные аквариумные растения для креветочника по москве с доставкой;core_use_geo
меристемные аквариумные растения для креветочника по москве с доставкой цена;core_use_geo
меристемные аквариумные растения для креветочника для москвы и области;core_use_geo
купить меристемные аквариумные растения для креветочника для москвы и области;core_use_geo
заказать меристемные аквариумные растения для креветочника для москвы и области;core_use_geo
меристемные аквариумные растения для креветочника для москвы и области цена;core_use_geo
меристемные аквариумные растения для природного аквариума;core_use
купить меристемные аквариумные растения для природного аквариума;core_use
заказать меристемные аквариумные растения для природного аквариума;core_use
где купить меристемные аквариумные растения для природного аквариума;core_use
меристемные аквариумные растения для природного аквариума цена;core_use
меристемные аквариумные растения для природного аквариума отзывы;core_use
как выбрать меристемные аквариумные растения для природного аквариума;core_use
как посадить меристемные аквариумные растения для природного аквариума;core_use
меристемные аквариумные растения для природного аквариума в москве;core_use_geo
купить меристемные аквариумные растения для природного аквариума в москве;core_use_geo
заказать меристемные аквариумные растения для природного аквариума в москве;core_use_geo
меристемные аквариумные растения для природного аквариума в москве цена;core_use_geo
меристемные аквариумные растения для природного аквариума по москве;core_use_geo
купить меристемные аквариумные растения для природного аквариума по москве;core_use_geo
заказать меристемные аквариумные растения для природного аквариума по москве;core_use_geo
меристемные аквариумные растения для природного аквариума по москве цена;core_use_geo
меристемные аквариумные растения для природного аквариума по московской области;core_use_geo
купить меристемные аквариумные растения для природного аквариума по московской области;core_use_geo
заказать меристемные аквариумные растения для природного аквариума по московской области;core_use_geo
меристемные аквариумные растения для природного аквариума по московской области цена;core_use_geo
меристемные аквариумные растения для природного аквариума в москве с доставкой;core_use_geo
купить меристемные аквариумные растения для природного аквариума в москве с доставкой;core_use_geo
заказать меристемные аквариумные растения для природного аквариума в москве с доставкой;core_use_geo
меристемные аквариумные растения для природного аквариума в москве с доставкой цена;core_use_geo
меристемные аквариумные растения для природного аквариума по москве с доставкой;core_use_geo
купить меристемные аквариумные растения для природного аквариума по москве с доставкой;core_use_geo
заказать меристемные аквариумные растения для природного аквариума по москве с доставкой;core_use_geo
меристемные аквариумные растения для природного аквариума по москве с доставкой цена;core_use_geo
меристемные аквариумные растения для природного аквариума для москвы и области;core_use_geo
купить меристемные аквариумные растения для природного аквариума для москвы и области;core_use_geo
заказать меристемные аквариумные растения для природного аквариума для москвы и области;core_use_geo
меристемные аквариумные растения для природного аквариума для москвы и области цена;core_use_geo
меристемные аквариумные растения для голландского аквариума;core_use
купить меристемные аквариумные растения для голландского аквариума;core_use
заказать меристемные аквариумные растения для голландского аквариума;core_use
где купить меристемные аквариумные растения для голландского аквариума;core_use
меристемные аквариумные растения для голландского аквариума цена;core_use
меристемные аквариумные растения для голландского аквариума отзывы;core_use
как выбрать меристемные аквариумные растения для голландского аквариума;core_use
как посадить меристемные аквариумные растения для голландского аквариума;core_use
меристемные аквариумные растения для голландского аквариума в москве;core_use_geo
купить меристемные аквариумные растения для голландского аквариума в москве;core_use_geo
заказать меристемные аквариумные растения для голландского аквариума в москве;core_use_geo
меристемные аквариумные растения для голландского аквариума в москве цена;core_use_geo
меристемные аквариумные растения для голландского аквариума по москве;core_use_geo
купить меристемные аквариумные растения для голландского аквариума по москве;core_use_geo
заказать меристемные аквариумные растения для голландского аквариума по москве;core_use_geo
меристемные аквариумные растения для голландского аквариума по москве цена;core_use_geo
меристемные аквариумные растения для голландского аквариума по московской области;core_use_geo
купить меристемные аквариумные растения для голландского аквариума по московской области;core_use_geo
заказать меристемные аквариумные растения для голландского аквариума по московской области;core_use_geo
меристемные аквариумные растения для голландского аквариума по московской области цена;core_use_geo
меристемные аквариумные растения для голландского аквариума в москве с доставкой;core_use_geo
купить меристемные аквариумные растения для голландского аквариума в москве с доставкой;core_use_geo
заказать меристемные аквариумные растения для голландского аквариума в москве с доставкой;core_use_geo
меристемные аквариумные растения для голландского аквариума в москве с доставкой цена;core_use_geo
меристемные аквариумные растения для голландского аквариума по москве с доставкой;core_use_geo
купить меристемные аквариумные растения для голландского аквариума по москве с доставкой;core_use_geo
заказать меристемные аквариумные растения для голландского аквариума по москве с доставкой;core_use_geo
меристемные аквариумные растения для голландского аквариума по москве с доставкой цена;core_use_geo
меристемные аквариумные растения для голландского аквариума для москвы и области;core_use_geo
купить меристемные аквариумные растения для голландского аквариума для москвы и области;core_use_geo
заказать меристемные аквариумные растения для голландского аквариума для москвы и области;core_use_geo
меристемные аквариумные растения для голландского аквариума для москвы и области цена;core_use_geo
меристемные аквариумные растения для оформления аквариума;core_use
купить меристемные аквариумные растения для оформления аквариума;core_use
заказать меристемные аквариумные растения для оформления аквариума;core_use
где купить меристемные аквариумные растения для оформления аквариума;core_use
меристемные аквариумные растения для оформления аквариума цена;core_use
меристемные аквариумные растения для оформления аквариума отзывы;core_use
как выбрать меристемные аквариумные растения для оформления аквариума;core_use
как посадить меристемные аквариумные растения для оформления аквариума;core_use
меристемные аквариумные растения для оформления аквариума в москве;core_use_geo
купить меристемные аквариумные растения для оформления аквариума в москве;core_use_geo
заказать меристемные аквариумные растения для оформления аквариума в москве;core_use_geo
меристемные аквариумные растения для оформления аквариума в москве цена;core_use_geo
меристемные аквариумные растения для оформления аквариума по москве;core_use_geo
купить меристемные аквариумные растения для оформления аквариума по москве;core_use_geo
заказать меристемные аквариумные растения для оформления аквариума по москве;core_use_geo
меристемные аквариумные растения для оформления аквариума по москве цена;core_use_geo
меристемные аквариумные растения для оформления аквариума по московской области;core_use_geo
купить меристемные аквариумные растения для оформления аквариума по московской области;core_use_geo
заказать меристемные аквариумные растения для оформления аквариума по московской области;core_use_geo
меристемные аквариумные растения для оформления аквариума по московской области цена;core_use_geo
меристемные аквариумные растения для оформления аквариума в москве с доставкой;core_use_geo
купить меристемные аквариумные растения для оформления аквариума в москве с доставкой;core_use_geo
заказать меристемные аквариумные растения для оформления аквариума в москве с доставкой;core_use_geo
меристемные аквариумные растения для оформления аквариума в москве с доставкой цена;core_use_geo
меристемные аквариумные растения для оформления аквариума по москве с доставкой;core_use_geo
купить меристемные аквариумные растения для оформления аквариума по москве с доставкой;core_use_geo
заказать меристемные аквариумные растения для оформления аквариума по москве с доставкой;core_use_geo
меристемные аквариумные растения для оформления аквариума по москве с доставкой цена;core_use_geo
меристемные аквариумные растения для оформления аквариума для москвы и области;core_use_geo
купить меристемные аквариумные растения для оформления аквариума для москвы и области;core_use_geo
заказать меристемные аквариумные растения для оформления аквариума для москвы и области;core_use_geo
меристемные аквариумные растения для оформления аквариума для москвы и области цена;core_use_geo
меристемные аквариумные растения для аквариумного дизайна;core_use
купить меристемные аквариумные растения для аквариумного дизайна;core_use
заказать меристемные аквариумные растения для аквариумного дизайна;core_use
где купить меристемные аквариумные растения для аквариумного дизайна;core_use
меристемные аквариумные растения для аквариумного дизайна цена;core_use
меристемные аквариумные растения для аквариумного дизайна отзывы;core_use
как выбрать меристемные аквариумные растения для аквариумного дизайна;core_use
как посадить меристемные аквариумные растения для аквариумного дизайна;core_use
меристемные аквариумные растения для аквариумного дизайна в москве;core_use_geo
купить меристемные аквариумные растения для аквариумного дизайна в москве;core_use_geo
заказать меристемные аквариумные растения для аквариумного дизайна в москве;core_use_geo
меристемные аквариумные растения для аквариумного дизайна в москве цена;core_use_geo
меристемные аквариумные растения для аквариумного дизайна по москве;core_use_geo
купить меристемные аквариумные растения для аквариумного дизайна по москве;core_use_geo
заказать меристемные аквариумные растения для аквариумного дизайна по москве;core_use_geo
меристемные аквариумные растения для аквариумного дизайна по москве цена;core_use_geo
меристемные аквариумные растения для аквариумного дизайна по московской области;core_use_geo
купить меристемные аквариумные растения для аквариумного дизайна по московской области;core_use_geo
заказать меристемные аквариумные растения для аквариумного дизайна по московской области;core_use_geo
меристемные аквариумные растения для аквариумного дизайна по московской области цена;core_use_geo
меристемные аквариумные растения для аквариумного дизайна в москве с доставкой;core_use_geo
купить меристемные аквариумные растения для аквариумного дизайна в москве с доставкой;core_use_geo
заказать меристемные аквариумные растения для аквариумного дизайна в москве с доставкой;core_use_geo
меристемные аквариумные растения для аквариумного дизайна в москве с доставкой цена;core_use_geo
меристемные аквариумные растения для аквариумного дизайна по москве с доставкой;core_use_geo
купить меристемные аквариумные растения для аквариумного дизайна по москве с доставкой;core_use_geo
заказать меристемные аквариумные растения для аквариумного дизайна по москве с доставкой;core_use_geo
меристемные аквариумные растения для аквариумного дизайна по москве с доставкой цена;core_use_geo
меристемные аквариумные растения для аквариумного дизайна для москвы и области;core_use_geo
купить меристемные аквариумные растения для аквариумного дизайна для москвы и области;core_use_geo
заказать меристемные аквариумные растения для аквариумного дизайна для москвы и области;core_use_geo
меристемные аквариумные растения для аквариумного дизайна для москвы и области цена;core_use_geo
меристемные аквариумные растения для плотной посадки;core_use
купить меристемные аквариумные растения для плотной посадки;core_use
заказать меристемные аквариумные растения для плотной посадки;core_use
где купить меристемные аквариумные растения для плотной посадки;core_use
меристемные аквариумные растения для плотной посадки цена;core_use
меристемные аквариумные растения для плотной посадки отзывы;core_use
как выбрать меристемные аквариумные растения для плотной посадки;core_use
как посадить меристемные аквариумные растения для плотной посадки;core_use
меристемные аквариумные растения для плотной посадки в москве;core_use_geo
купить меристемные аквариумные растения для плотной посадки в москве;core_use_geo
заказать меристемные аквариумные растения для плотной посадки в москве;core_use_geo
меристемные аквариумные растения для плотной посадки в москве цена;core_use_geo
меристемные аквариумные растения для плотной посадки по москве;core_use_geo
купить меристемные аквариумные растения для плотной посадки по москве;core_use_geo
заказать меристемные аквариумные растения для плотной посадки по москве;core_use_geo
меристемные аквариумные растения для плотной посадки по москве цена;core_use_geo
меристемные аквариумные растения для плотной посадки по московской области;core_use_geo
купить меристемные аквариумные растения для плотной посадки по московской области;core_use_geo
заказать меристемные аквариумные растения для плотной посадки по московской области;core_use_geo
меристемные аквариумные растения для плотной посадки по московской области цена;core_use_geo
меристемные аквариумные растения для плотной посадки в москве с доставкой;core_use_geo
купить меристемные аквариумные растения для плотной посадки в москве с доставкой;core_use_geo
заказать меристемные аквариумные растения для плотной посадки в москве с доставкой;core_use_geo
меристемные аквариумные растения для плотной посадки в москве с доставкой цена;core_use_geo
меристемные аквариумные растения для плотной посадки по москве с доставкой;core_use_geo
купить меристемные аквариумные растения для плотной посадки по москве с доставкой;core_use_geo
заказать меристемные аквариумные растения для плотной посадки по москве с доставкой;core_use_geo
меристемные аквариумные растения для плотной посадки по москве с доставкой цена;core_use_geo
меристемные аквариумные растения для плотной посадки для москвы и области;core_use_geo
купить меристемные аквариумные растения для плотной посадки для москвы и области;core_use_geo
заказать меристемные аквариумные растения для плотной посадки для москвы и области;core_use_geo
меристемные аквариумные растения для плотной посадки для москвы и области цена;core_use_geo
меристемные аквариумные растения для чистого старта;core_use
купить меристемные аквариумные растения для чистого старта;core_use
заказать меристемные аквариумные растения для чистого старта;core_use
где купить меристемные аквариумные растения для чистого старта;core_use
меристемные аквариумные растения для чистого старта цена;core_use
меристемные аквариумные растения для чистого старта отзывы;core_use
как выбрать меристемные аквариумные растения для чистого старта;core_use
как посадить меристемные аквариумные растения для чистого старта;core_use
меристемные аквариумные растения для чистого старта в москве;core_use_geo
купить меристемные аквариумные растения для чистого старта в москве;core_use_geo
заказать меристемные аквариумные растения для чистого старта в москве;core_use_geo
меристемные аквариумные растения для чистого старта в москве цена;core_use_geo
меристемные аквариумные растения для чистого старта по москве;core_use_geo
купить меристемные аквариумные растения для чистого старта по москве;core_use_geo
заказать меристемные аквариумные растения для чистого старта по москве;core_use_geo
меристемные аквариумные растения для чистого старта по москве цена;core_use_geo
меристемные аквариумные растения для чистого старта по московской области;core_use_geo
купить меристемные аквариумные растения для чистого старта по московской области;core_use_geo
заказать меристемные аквариумные растения для чистого старта по московской области;core_use_geo
меристемные аквариумные растения для чистого старта по московской области цена;core_use_geo
меристемные аквариумные растения для чистого старта в москве с доставкой;core_use_geo
купить меристемные аквариумные растения для чистого старта в москве с доставкой;core_use_geo
заказать меристемные аквариумные растения для чистого старта в москве с доставкой;core_use_geo
меристемные аквариумные растения для чистого старта в москве с доставкой цена;core_use_geo
меристемные аквариумные растения для чистого старта по москве с доставкой;core_use_geo
купить меристемные аквариумные растения для чистого старта по москве с доставкой;core_use_geo
заказать меристемные аквариумные растения для чистого старта по москве с доставкой;core_use_geo
меристемные аквариумные растения для чистого старта по москве с доставкой цена;core_use_geo
меристемные аквариумные растения для чистого старта для москвы и области;core_use_geo
купить меристемные аквариумные растения для чистого старта для москвы и области;core_use_geo
заказать меристемные аквариумные растения для чистого старта для москвы и области;core_use_geo
меристемные аквариумные растения для чистого старта для москвы и области цена;core_use_geo
купить меристемные аквариумные растения для красивого аквариума;core_use
заказать меристемные аквариумные растения для красивого аквариума;core_use
где купить меристемные аквариумные растения для красивого аквариума;core_use
меристемные аквариумные растения для красивого аквариума цена;core_use
меристемные аквариумные растения для красивого аквариума отзывы;core_use
как выбрать меристемные аквариумные растения для красивого аквариума;core_use
как посадить меристемные аквариумные растения для красивого аквариума;core_use
меристемные аквариумные растения для красивого аквариума в москве;core_use_geo
купить меристемные аквариумные растения для красивого аквариума в москве;core_use_geo
заказать меристемные аквариумные растения для красивого аквариума в москве;core_use_geo
меристемные аквариумные растения для красивого аквариума в москве цена;core_use_geo
меристемные аквариумные растения для красивого аквариума по москве;core_use_geo
купить меристемные аквариумные растения для красивого аквариума по москве;core_use_geo
заказать меристемные аквариумные растения для красивого аквариума по москве;core_use_geo
меристемные аквариумные растения для красивого аквариума по москве цена;core_use_geo
меристемные аквариумные растения для красивого аквариума по московской области;core_use_geo
купить меристемные аквариумные растения для красивого аквариума по московской области;core_use_geo
заказать меристемные аквариумные растения для красивого аквариума по московской области;core_use_geo
меристемные аквариумные растения для красивого аквариума по московской области цена;core_use_geo
меристемные аквариумные растения для красивого аквариума в москве с доставкой;core_use_geo
купить меристемные аквариумные растения для красивого аквариума в москве с доставкой;core_use_geo
заказать меристемные аквариумные растения для красивого аквариума в москве с доставкой;core_use_geo
меристемные аквариумные растения для красивого аквариума в москве с доставкой цена;core_use_geo
меристемные аквариумные растения для красивого аквариума по москве с доставкой;core_use_geo
купить меристемные аквариумные растения для красивого аквариума по москве с доставкой;core_use_geo
заказать меристемные аквариумные растения для красивого аквариума по москве с доставкой;core_use_geo
меристемные аквариумные растения для красивого аквариума по москве с доставкой цена;core_use_geo
меристемные аквариумные растения для красивого аквариума для москвы и области;core_use_geo
купить меристемные аквариумные растения для красивого аквариума для москвы и области;core_use_geo
заказать меристемные аквариумные растения для красивого аквариума для москвы и области;core_use_geo
меристемные аквариумные растения для красивого аквариума для москвы и области цена;core_use_geo
купить меристемные аквариумные растения для здорового аквариума;core_use
заказать меристемные аквариумные растения для здорового аквариума;core_use
где купить меристемные аквариумные растения для здорового аквариума;core_use
меристемные аквариумные растения для здорового аквариума цена;core_use
меристемные аквариумные растения для здорового аквариума отзывы;core_use
как выбрать меристемные аквариумные растения для здорового аквариума;core_use
как посадить меристемные аквариумные растения для здорового аквариума;core_use
меристемные аквариумные растения для здорового аквариума в москве;core_use_geo
купить меристемные аквариумные растения для здорового аквариума в москве;core_use_geo
заказать меристемные аквариумные растения для здорового аквариума в москве;core_use_geo
меристемные аквариумные растения для здорового аквариума в москве цена;core_use_geo
меристемные аквариумные растения для здорового аквариума по москве;core_use_geo
купить меристемные аквариумные растения для здорового аквариума по москве;core_use_geo
заказать меристемные аквариумные растения для здорового аквариума по москве;core_use_geo
меристемные аквариумные растения для здорового аквариума по москве цена;core_use_geo
меристемные аквариумные растения для здорового аквариума по московской области;core_use_geo
купить меристемные аквариумные растения для здорового аквариума по московской области;core_use_geo
заказать меристемные аквариумные растения для здорового аквариума по московской области;core_use_geo
меристемные аквариумные растения для здорового аквариума по московской области цена;core_use_geo
меристемные аквариумные растения для здорового аквариума в москве с доставкой;core_use_geo
купить меристемные аквариумные растения для здорового аквариума в москве с доставкой;core_use_geo
заказать меристемные аквариумные растения для здорового аквариума в москве с доставкой;core_use_geo
меристемные аквариумные растения для здорового аквариума в москве с доставкой цена;core_use_geo
меристемные аквариумные растения для здорового аквариума по москве с доставкой;core_use_geo
купить меристемные аквариумные растения для здорового аквариума по москве с доставкой;core_use_geo
заказать меристемные аквариумные растения для здорового аквариума по москве с доставкой;core_use_geo
меристемные аквариумные растения для здорового аквариума по москве с доставкой цена;core_use_geo
меристемные аквариумные растения для здорового аквариума для москвы и области;core_use_geo
купить меристемные аквариумные растения для здорового аквариума для москвы и области;core_use_geo
заказать меристемные аквариумные растения для здорового аквариума для москвы и области;core_use_geo
меристемные аквариумные растения для здорового аквариума для москвы и области цена;core_use_geo
меристемные аквариумные растения для домашнего аквариума;core_use
купить меристемные аквариумные растения для домашнего аквариума;core_use
заказать меристемные аквариумные растения для домашнего аквариума;core_use
где купить меристемные аквариумные растения для домашнего аквариума;core_use
меристемные аквариумные растения для домашнего аквариума цена;core_use
меристемные аквариумные растения для домашнего аквариума отзывы;core_use
как выбрать меристемные аквариумные растения для домашнего аквариума;core_use
как посадить меристемные аквариумные растения для домашнего аквариума;core_use
меристемные аквариумные растения для домашнего аквариума в москве;core_use_geo
купить меристемные аквариумные растения для домашнего аквариума в москве;core_use_geo
заказать меристемные аквариумные растения для домашнего аквариума в москве;core_use_geo
меристемные аквариумные растения для домашнего аквариума в москве цена;core_use_geo
меристемные аквариумные растения для домашнего аквариума по москве;core_use_geo
купить меристемные аквариумные растения для домашнего аквариума по москве;core_use_geo
заказать меристемные аквариумные растения для домашнего аквариума по москве;core_use_geo
меристемные аквариумные растения для домашнего аквариума по москве цена;core_use_geo
меристемные аквариумные растения для домашнего аквариума по московской области;core_use_geo
купить меристемные аквариумные растения для домашнего аквариума по московской области;core_use_geo
заказать меристемные аквариумные растения для домашнего аквариума по московской области;core_use_geo
меристемные аквариумные растения для домашнего аквариума по московской области цена;core_use_geo
меристемные аквариумные растения для домашнего аквариума в москве с доставкой;core_use_geo
купить меристемные аквариумные растения для домашнего аквариума в москве с доставкой;core_use_geo
заказать меристемные аквариумные растения для домашнего аквариума в москве с доставкой;core_use_geo
меристемные аквариумные растения для домашнего аквариума в москве с доставкой цена;core_use_geo
меристемные аквариумные растения для домашнего аквариума по москве с доставкой;core_use_geo
купить меристемные аквариумные растения для домашнего аквариума по москве с доставкой;core_use_geo
заказать меристемные аквариумные растения для домашнего аквариума по москве с доставкой;core_use_geo
меристемные аквариумные растения для домашнего аквариума по москве с доставкой цена;core_use_geo
меристемные аквариумные растения для домашнего аквариума для москвы и области;core_use_geo
купить меристемные аквариумные растения для домашнего аквариума для москвы и области;core_use_geo
заказать меристемные аквариумные растения для домашнего аквариума для москвы и области;core_use_geo
меристемные аквариумные растения для домашнего аквариума для москвы и области цена;core_use_geo
меристемные аквариумные растения для профессионального аквариума;core_use
купить меристемные аквариумные растения для профессионального аквариума;core_use
заказать меристемные аквариумные растения для профессионального аквариума;core_use
где купить меристемные аквариумные растения для профессионального аквариума;core_use
меристемные аквариумные растения для профессионального аквариума цена;core_use
меристемные аквариумные растения для профессионального аквариума отзывы;core_use
как выбрать меристемные аквариумные растения для профессионального аквариума;core_use
как посадить меристемные аквариумные растения для профессионального аквариума;core_use
меристемные аквариумные растения для профессионального аквариума в москве;core_use_geo
купить меристемные аквариумные растения для профессионального аквариума в москве;core_use_geo
заказать меристемные аквариумные растения для профессионального аквариума в москве;core_use_geo
меристемные аквариумные растения для профессионального аквариума в москве цена;core_use_geo
меристемные аквариумные растения для профессионального аквариума по москве;core_use_geo
купить меристемные аквариумные растения для профессионального аквариума по москве;core_use_geo
заказать меристемные аквариумные растения для профессионального аквариума по москве;core_use_geo
меристемные аквариумные растения для профессионального аквариума по москве цена;core_use_geo
меристемные аквариумные растения для профессионального аквариума по московской области;core_use_geo
купить меристемные аквариумные растения для профессионального аквариума по московской области;core_use_geo
заказать меристемные аквариумные растения для профессионального аквариума по московской области;core_use_geo
меристемные аквариумные растения для профессионального аквариума по московской области цена;core_use_geo
меристемные аквариумные растения для профессионального аквариума в москве с доставкой;core_use_geo
купить меристемные аквариумные растения для профессионального аквариума в москве с доставкой;core_use_geo
заказать меристемные аквариумные растения для профессионального аквариума в москве с доставкой;core_use_geo
меристемные аквариумные растения для профессионального аквариума в москве с доставкой цена;core_use_geo
меристемные аквариумные растения для профессионального аквариума по москве с доставкой;core_use_geo
купить меристемные аквариумные растения для профессионального аквариума по москве с доставкой;core_use_geo
заказать меристемные аквариумные растения для профессионального аквариума по москве с доставкой;core_use_geo
меристемные аквариумные растения для профессионального аквариума по москве с доставкой цена;core_use_geo
меристемные аквариумные растения для профессионального аквариума для москвы и области;core_use_geo
купить меристемные аквариумные растения для профессионального аквариума для москвы и области;core_use_geo
заказать меристемные аквариумные растения для профессионального аквариума для москвы и области;core_use_geo
меристемные аквариумные растения для профессионального аквариума для москвы и области цена;core_use_geo
меристемные аквариумные растения для посадки на корягу;core_use
купить меристемные аквариумные растения для посадки на корягу;core_use
заказать меристемные аквариумные растения для посадки на корягу;core_use
где купить меристемные аквариумные растения для посадки на корягу;core_use
меристемные аквариумные растения для посадки на корягу цена;core_use
меристемные аквариумные растения для посадки на корягу отзывы;core_use
как выбрать меристемные аквариумные растения для посадки на корягу;core_use
как посадить меристемные аквариумные растения для посадки на корягу;core_use
меристемные аквариумные растения для посадки на корягу в москве;core_use_geo
купить меристемные аквариумные растения для посадки на корягу в москве;core_use_geo
заказать меристемные аквариумные растения для посадки на корягу в москве;core_use_geo
меристемные аквариумные растения для посадки на корягу в москве цена;core_use_geo
меристемные аквариумные растения для посадки на корягу по москве;core_use_geo
купить меристемные аквариумные растения для посадки на корягу по москве;core_use_geo
заказать меристемные аквариумные растения для посадки на корягу по москве;core_use_geo
меристемные аквариумные растения для посадки на корягу по москве цена;core_use_geo
меристемные аквариумные растения для посадки на корягу по московской области;core_use_geo
купить меристемные аквариумные растения для посадки на корягу по московской области;core_use_geo
заказать меристемные аквариумные растения для посадки на корягу по московской области;core_use_geo
меристемные аквариумные растения для посадки на корягу по московской области цена;core_use_geo
меристемные аквариумные растения для посадки на корягу в москве с доставкой;core_use_geo
купить меристемные аквариумные растения для посадки на корягу в москве с доставкой;core_use_geo
заказать меристемные аквариумные растения для посадки на корягу в москве с доставкой;core_use_geo
меристемные аквариумные растения для посадки на корягу в москве с доставкой цена;core_use_geo
меристемные аквариумные растения для посадки на корягу по москве с доставкой;core_use_geo
купить меристемные аквариумные растения для посадки на корягу по москве с доставкой;core_use_geo
заказать меристемные аквариумные растения для посадки на корягу по москве с доставкой;core_use_geo
меристемные аквариумные растения для посадки на корягу по москве с доставкой цена;core_use_geo
меристемные аквариумные растения для посадки на корягу для москвы и области;core_use_geo
купить меристемные аквариумные растения для посадки на корягу для москвы и области;core_use_geo
заказать меристемные аквариумные растения для посадки на корягу для москвы и области;core_use_geo
меристемные аквариумные растения для посадки на корягу для москвы и области цена;core_use_geo
меристемные аквариумные растения для посадки на камни;core_use
купить меристемные аквариумные растения для посадки на камни;core_use
заказать меристемные аквариумные растения для посадки на камни;core_use
где купить меристемные аквариумные растения для посадки на камни;core_use
меристемные аквариумные растения для посадки на камни цена;core_use
меристемные аквариумные растения для посадки на камни отзывы;core_use
как выбрать меристемные аквариумные растения для посадки на камни;core_use
как посадить меристемные аквариумные растения для посадки на камни;core_use
меристемные аквариумные растения для посадки на камни в москве;core_use_geo
купить меристемные аквариумные растения для посадки на камни в москве;core_use_geo
заказать меристемные аквариумные растения для посадки на камни в москве;core_use_geo
меристемные аквариумные растения для посадки на камни в москве цена;core_use_geo
меристемные аквариумные растения для посадки на камни по москве;core_use_geo
купить меристемные аквариумные растения для посадки на камни по москве;core_use_geo
заказать меристемные аквариумные растения для посадки на камни по москве;core_use_geo
меристемные аквариумные растения для посадки на камни по москве цена;core_use_geo
меристемные аквариумные растения для посадки на камни по московской области;core_use_geo
купить меристемные аквариумные растения для посадки на камни по московской области;core_use_geo
заказать меристемные аквариумные растения для посадки на камни по московской области;core_use_geo
меристемные аквариумные растения для посадки на камни по московской области цена;core_use_geo
меристемные аквариумные растения для посадки на камни в москве с доставкой;core_use_geo
купить меристемные аквариумные растения для посадки на камни в москве с доставкой;core_use_geo
заказать меристемные аквариумные растения для посадки на камни в москве с доставкой;core_use_geo
меристемные аквариумные растения для посадки на камни в москве с доставкой цена;core_use_geo
меристемные аквариумные растения для посадки на камни по москве с доставкой;core_use_geo
купить меристемные аквариумные растения для посадки на камни по москве с доставкой;core_use_geo
заказать меристемные аквариумные растения для посадки на камни по москве с доставкой;core_use_geo
меристемные аквариумные растения для посадки на камни по москве с доставкой цена;core_use_geo
меристемные аквариумные растения для посадки на камни для москвы и области;core_use_geo
купить меристемные аквариумные растения для посадки на камни для москвы и области;core_use_geo
заказать меристемные аквариумные растения для посадки на камни для москвы и области;core_use_geo
меристемные аквариумные растения для посадки на камни для москвы и области цена;core_use_geo
меристемные аквариумные растения без улиток;core_benefit
купить меристемные аквариумные растения без улиток;core_benefit
заказать меристемные аквариумные растения без улиток;core_benefit
меристемные аквариумные растения без улиток цена;core_benefit
меристемные аквариумные растения без улиток отзывы;core_benefit
как выбрать меристемные аквариумные растения без улиток;core_benefit
меристемные аквариумные растения без улиток в москве;core_benefit_geo
купить меристемные аквариумные растения без улиток в москве;core_benefit_geo
меристемные аквариумные растения без улиток в москве цена;core_benefit_geo
меристемные аквариумные растения без улиток по москве;core_benefit_geo
купить меристемные аквариумные растения без улиток по москве;core_benefit_geo
меристемные аквариумные растения без улиток по москве цена;core_benefit_geo
меристемные аквариумные растения без улиток по московской области;core_benefit_geo
купить меристемные аквариумные растения без улиток по московской области;core_benefit_geo
меристемные аквариумные растения без улиток по московской области цена;core_benefit_geo
меристемные аквариумные растения без улиток в москве с доставкой;core_benefit_geo
купить меристемные аквариумные растения без улиток в москве с доставкой;core_benefit_geo
меристемные аквариумные растения без улиток в москве с доставкой цена;core_benefit_geo
меристемные аквариумные растения без улиток по москве с доставкой;core_benefit_geo
купить меристемные аквариумные растения без улиток по москве с доставкой;core_benefit_geo
меристемные аквариумные растения без улиток по москве с доставкой цена;core_benefit_geo
меристемные аквариумные растения без улиток для москвы и области;core_benefit_geo
купить меристемные аквариумные растения без улиток для москвы и области;core_benefit_geo
меристемные аквариумные растения без улиток для москвы и области цена;core_benefit_geo
меристемные аквариумные растения без водорослей;core_benefit
купить меристемные аквариумные растения без водорослей;core_benefit
заказать меристемные аквариумные растения без водорослей;core_benefit
меристемные аквариумные растения без водорослей цена;core_benefit
меристемные аквариумные растения без водорослей отзывы;core_benefit
как выбрать меристемные аквариумные растения без водорослей;core_benefit
меристемные аквариумные растения без водорослей в москве;core_benefit_geo
купить меристемные аквариумные растения без водорослей в москве;core_benefit_geo
меристемные аквариумные растения без водорослей в москве цена;core_benefit_geo
меристемные аквариумные растения без водорослей по москве;core_benefit_geo
купить меристемные аквариумные растения без водорослей по москве;core_benefit_geo
меристемные аквариумные растения без водорослей по москве цена;core_benefit_geo
меристемные аквариумные растения без водорослей по московской области;core_benefit_geo
купить меристемные аквариумные растения без водорослей по московской области;core_benefit_geo
меристемные аквариумные растения без водорослей по московской области цена;core_benefit_geo
меристемные аквариумные растения без водорослей в москве с доставкой;core_benefit_geo
купить меристемные аквариумные растения без водорослей в москве с доставкой;core_benefit_geo
меристемные аквариумные растения без водорослей в москве с доставкой цена;core_benefit_geo
меристемные аквариумные растения без водорослей по москве с доставкой;core_benefit_geo
купить меристемные аквариумные растения без водорослей по москве с доставкой;core_benefit_geo
меристемные аквариумные растения без водорослей по москве с доставкой цена;core_benefit_geo
меристемные аквариумные растения без водорослей для москвы и области;core_benefit_geo
купить меристемные аквариумные растения без водорослей для москвы и области;core_benefit_geo
меристемные аквариумные растения без водорослей для москвы и области цена;core_benefit_geo
меристемные аквариумные растения стерильные;core_benefit
купить меристемные аквариумные растения стерильные;core_benefit
заказать меристемные аквариумные растения стерильные;core_benefit
меристемные аквариумные растения стерильные цена;core_benefit
меристемные аквариумные растения стерильные отзывы;core_benefit
как выбрать меристемные аквариумные растения стерильные;core_benefit
меристемные аквариумные растения стерильные в москве;core_benefit_geo
купить меристемные аквариумные растения стерильные в москве;core_benefit_geo
меристемные аквариумные растения стерильные в москве цена;core_benefit_geo
меристемные аквариумные растения стерильные по москве;core_benefit_geo
купить меристемные аквариумные растения стерильные по москве;core_benefit_geo
меристемные аквариумные растения стерильные по москве цена;core_benefit_geo
меристемные аквариумные растения стерильные по московской области;core_benefit_geo
купить меристемные аквариумные растения стерильные по московской области;core_benefit_geo
меристемные аквариумные растения стерильные по московской области цена;core_benefit_geo
меристемные аквариумные растения стерильные в москве с доставкой;core_benefit_geo
купить меристемные аквариумные растения стерильные в москве с доставкой;core_benefit_geo
меристемные аквариумные растения стерильные в москве с доставкой цена;core_benefit_geo
меристемные аквариумные растения стерильные по москве с доставкой;core_benefit_geo
купить меристемные аквариумные растения стерильные по москве с доставкой;core_benefit_geo
меристемные аквариумные растения стерильные по москве с доставкой цена;core_benefit_geo
меристемные аквариумные растения стерильные для москвы и области;core_benefit_geo
купить меристемные аквариумные растения стерильные для москвы и области;core_benefit_geo
меристемные аквариумные растения стерильные для москвы и области цена;core_benefit_geo
меристемные аквариумные растения in vitro;core_benefit
купить меристемные аквариумные растения in vitro;core_benefit
заказать меристемные аквариумные растения in vitro;core_benefit
меристемные аквариумные растения in vitro цена;core_benefit
меристемные аквариумные растения in vitro отзывы;core_benefit
как выбрать меристемные аквариумные растения in vitro;core_benefit
меристемные аквариумные растения in vitro в москве;core_benefit_geo
купить меристемные аквариумные растения in vitro в москве;core_benefit_geo
меристемные аквариумные растения in vitro в москве цена;core_benefit_geo
меристемные аквариумные растения in vitro по москве;core_benefit_geo
купить меристемные аквариумные растения in vitro по москве;core_benefit_geo
меристемные аквариумные растения in vitro по москве цена;core_benefit_geo
меристемные аквариумные растения in vitro по московской области;core_benefit_geo
купить меристемные аквариумные растения in vitro по московской области;core_benefit_geo
меристемные аквариумные растения in vitro по московской области цена;core_benefit_geo
меристемные аквариумные растения in vitro в москве с доставкой;core_benefit_geo
купить меристемные аквариумные растения in vitro в москве с доставкой;core_benefit_geo
меристемные аквариумные растения in vitro в москве с доставкой цена;core_benefit_geo
меристемные аквариумные растения in vitro по москве с доставкой;core_benefit_geo
купить меристемные аквариумные растения in vitro по москве с доставкой;core_benefit_geo
меристемные аквариумные растения in vitro по москве с доставкой цена;core_benefit_geo
меристемные аквариумные растения in vitro для москвы и области;core_benefit_geo
купить меристемные аквариумные растения in vitro для москвы и области;core_benefit_geo
меристемные аквариумные растения in vitro для москвы и области цена;core_benefit_geo
меристемные аквариумные растения в баночке;core_benefit
купить меристемные аквариумные растения в баночке;core_benefit
заказать меристемные аквариумные растения в баночке;core_benefit
меристемные аквариумные растения в баночке цена;core_benefit
меристемные аквариумные растения в баночке отзывы;core_benefit
как выбрать меристемные аквариумные растения в баночке;core_benefit
меристемные аквариумные растения в баночке в москве;core_benefit_geo
купить меристемные аквариумные растения в баночке в москве;core_benefit_geo
меристемные аквариумные растения в баночке в москве цена;core_benefit_geo
меристемные аквариумные растения в баночке по москве;core_benefit_geo
купить меристемные аквариумные растения в баночке по москве;core_benefit_geo
меристемные аквариумные растения в баночке по москве цена;core_benefit_geo
меристемные аквариумные растения в баночке по московской области;core_benefit_geo
купить меристемные аквариумные растения в баночке по московской области;core_benefit_geo
меристемные аквариумные растения в баночке по московской области цена;core_benefit_geo
меристемные аквариумные растения в баночке в москве с доставкой;core_benefit_geo
купить меристемные аквариумные растения в баночке в москве с доставкой;core_benefit_geo
меристемные аквариумные растения в баночке в москве с доставкой цена;core_benefit_geo
меристемные аквариумные растения в баночке по москве с доставкой;core_benefit_geo
купить меристемные аквариумные растения в баночке по москве с доставкой;core_benefit_geo
меристемные аквариумные растения в баночке по москве с доставкой цена;core_benefit_geo
меристемные аквариумные растения в баночке для москвы и области;core_benefit_geo
купить меристемные аквариумные растения в баночке для москвы и области;core_benefit_geo
меристемные аквариумные растения в баночке для москвы и области цена;core_benefit_geo
меристемные аквариумные растения в контейнере;core_benefit
купить меристемные аквариумные растения в контейнере;core_benefit
заказать меристемные аквариумные растения в контейнере;core_benefit
меристемные аквариумные растения в контейнере цена;core_benefit
меристемные аквариумные растения в контейнере отзывы;core_benefit
как выбрать меристемные аквариумные растения в контейнере;core_benefit
меристемные аквариумные растения в контейнере в москве;core_benefit_geo
купить меристемные аквариумные растения в контейнере в москве;core_benefit_geo
меристемные аквариумные растения в контейнере в москве цена;core_benefit_geo
меристемные аквариумные растения в контейнере по москве;core_benefit_geo
купить меристемные аквариумные растения в контейнере по москве;core_benefit_geo
меристемные аквариумные растения в контейнере по москве цена;core_benefit_geo
меристемные аквариумные растения в контейнере по московской области;core_benefit_geo
купить меристемные аквариумные растения в контейнере по московской области;core_benefit_geo
меристемные аквариумные растения в контейнере по московской области цена;core_benefit_geo
меристемные аквариумные растения в контейнере в москве с доставкой;core_benefit_geo
купить меристемные аквариумные растения в контейнере в москве с доставкой;core_benefit_geo
меристемные аквариумные растения в контейнере в москве с доставкой цена;core_benefit_geo
меристемные аквариумные растения в контейнере по москве с доставкой;core_benefit_geo
купить меристемные аквариумные растения в контейнере по москве с доставкой;core_benefit_geo
меристемные аквариумные растения в контейнере по москве с доставкой цена;core_benefit_geo
меристемные аквариумные растения в контейнере для москвы и области;core_benefit_geo
купить меристемные аквариумные растения в контейнере для москвы и области;core_benefit_geo
меристемные аквариумные растения в контейнере для москвы и области цена;core_benefit_geo
меристемные аквариумные растения с чистым стартом;core_benefit
купить меристемные аквариумные растения с чистым стартом;core_benefit
заказать меристемные аквариумные растения с чистым стартом;core_benefit
меристемные аквариумные растения с чистым стартом цена;core_benefit
меристемные аквариумные растения с чистым стартом отзывы;core_benefit
как выбрать меристемные аквариумные растения с чистым стартом;core_benefit
меристемные аквариумные растения с чистым стартом в москве;core_benefit_geo
купить меристемные аквариумные растения с чистым стартом в москве;core_benefit_geo
меристемные аквариумные растения с чистым стартом в москве цена;core_benefit_geo
меристемные аквариумные растения с чистым стартом по москве;core_benefit_geo
купить меристемные аквариумные растения с чистым стартом по москве;core_benefit_geo
меристемные аквариумные растения с чистым стартом по москве цена;core_benefit_geo
меристемные аквариумные растения с чистым стартом по московской области;core_benefit_geo
купить меристемные аквариумные растения с чистым стартом по московской области;core_benefit_geo
меристемные аквариумные растения с чистым стартом по московской области цена;core_benefit_geo
меристемные аквариумные растения с чистым стартом в москве с доставкой;core_benefit_geo
купить меристемные аквариумные растения с чистым стартом в москве с доставкой;core_benefit_geo
меристемные аквариумные растения с чистым стартом в москве с доставкой цена;core_benefit_geo
меристемные аквариумные растения с чистым стартом по москве с доставкой;core_benefit_geo
купить меристемные аквариумные растения с чистым стартом по москве с доставкой;core_benefit_geo
меристемные аквариумные растения с чистым стартом по москве с доставкой цена;core_benefit_geo
меристемные аквариумные растения с чистым стартом для москвы и области;core_benefit_geo
купить меристемные аквариумные растения с чистым стартом для москвы и области;core_benefit_geo
меристемные аквариумные растения с чистым стартом для москвы и области цена;core_benefit_geo
меристемные аквариумные растения для быстрой посадки;core_benefit
купить меристемные аквариумные растения для быстрой посадки;core_benefit
заказать меристемные аквариумные растения для быстрой посадки;core_benefit
меристемные аквариумные растения для быстрой посадки цена;core_benefit
меристемные аквариумные растения для быстрой посадки отзывы;core_benefit
как выбрать меристемные аквариумные растения для быстрой посадки;core_benefit
меристемные аквариумные растения для быстрой посадки в москве;core_benefit_geo
купить меристемные аквариумные растения для быстрой посадки в москве;core_benefit_geo
меристемные аквариумные растения для быстрой посадки в москве цена;core_benefit_geo
меристемные аквариумные растения для быстрой посадки по москве;core_benefit_geo
купить меристемные аквариумные растения для быстрой посадки по москве;core_benefit_geo
меристемные аквариумные растения для быстрой посадки по москве цена;core_benefit_geo
меристемные аквариумные растения для быстрой посадки по московской области;core_benefit_geo
купить меристемные аквариумные растения для быстрой посадки по московской области;core_benefit_geo
меристемные аквариумные растения для быстрой посадки по московской области цена;core_benefit_geo
меристемные аквариумные растения для быстрой посадки в москве с доставкой;core_benefit_geo
купить меристемные аквариумные растения для быстрой посадки в москве с доставкой;core_benefit_geo
меристемные аквариумные растения для быстрой посадки в москве с доставкой цена;core_benefit_geo
меристемные аквариумные растения для быстрой посадки по москве с доставкой;core_benefit_geo
купить меристемные аквариумные растения для быстрой посадки по москве с доставкой;core_benefit_geo
меристемные аквариумные растения для быстрой посадки по москве с доставкой цена;core_benefit_geo
меристемные аквариумные растения для быстрой посадки для москвы и области;core_benefit_geo
купить меристемные аквариумные растения для быстрой посадки для москвы и области;core_benefit_geo
меристемные аквариумные растения для быстрой посадки для москвы и области цена;core_benefit_geo
меристемные аквариумные растения для аккуратной посадки;core_benefit
купить меристемные аквариумные растения для аккуратной посадки;core_benefit
заказать меристемные аквариумные растения для аккуратной посадки;core_benefit
меристемные аквариумные растения для аккуратной посадки цена;core_benefit
меристемные аквариумные растения для аккуратной посадки отзывы;core_benefit
как выбрать меристемные аквариумные растения для аккуратной посадки;core_benefit
меристемные аквариумные растения для аккуратной посадки в москве;core_benefit_geo
купить меристемные аквариумные растения для аккуратной посадки в москве;core_benefit_geo
меристемные аквариумные растения для аккуратной посадки в москве цена;core_benefit_geo
меристемные аквариумные растения для аккуратной посадки по москве;core_benefit_geo
купить меристемные аквариумные растения для аккуратной посадки по москве;core_benefit_geo
меристемные аквариумные растения для аккуратной посадки по москве цена;core_benefit_geo
меристемные аквариумные растения для аккуратной посадки по московской области;core_benefit_geo
купить меристемные аквариумные растения для аккуратной посадки по московской области;core_benefit_geo
меристемные аквариумные растения для аккуратной посадки по московской области цена;core_benefit_geo
меристемные аквариумные растения для аккуратной посадки в москве с доставкой;core_benefit_geo
купить меристемные аквариумные растения для аккуратной посадки в москве с доставкой;core_benefit_geo
меристемные аквариумные растения для аккуратной посадки в москве с доставкой цена;core_benefit_geo
меристемные аквариумные растения для аккуратной посадки по москве с доставкой;core_benefit_geo
купить меристемные аквариумные растения для аккуратной посадки по москве с доставкой;core_benefit_geo
меристемные аквариумные растения для аккуратной посадки по москве с доставкой цена;core_benefit_geo
меристемные аквариумные растения для аккуратной посадки для москвы и области;core_benefit_geo
купить меристемные аквариумные растения для аккуратной посадки для москвы и области;core_benefit_geo
меристемные аквариумные растения для аккуратной посадки для москвы и области цена;core_benefit_geo
меристемные аквариумные растения для безопасного запуска;core_benefit
купить меристемные аквариумные растения для безопасного запуска;core_benefit
заказать меристемные аквариумные растения для безопасного запуска;core_benefit
меристемные аквариумные растения для безопасного запуска цена;core_benefit
меристемные аквариумные растения для безопасного запуска отзывы;core_benefit
как выбрать меристемные аквариумные растения для безопасного запуска;core_benefit
меристемные аквариумные растения для безопасного запуска в москве;core_benefit_geo
купить меристемные аквариумные растения для безопасного запуска в москве;core_benefit_geo
меристемные аквариумные растения для безопасного запуска в москве цена;core_benefit_geo
меристемные аквариумные растения для безопасного запуска по москве;core_benefit_geo
купить меристемные аквариумные растения для безопасного запуска по москве;core_benefit_geo
меристемные аквариумные растения для безопасного запуска по москве цена;core_benefit_geo
меристемные аквариумные растения для безопасного запуска по московской области;core_benefit_geo
купить меристемные аквариумные растения для безопасного запуска по московской области;core_benefit_geo
меристемные аквариумные растения для безопасного запуска по московской области цена;core_benefit_geo
меристемные аквариумные растения для безопасного запуска в москве с доставкой;core_benefit_geo
купить меристемные аквариумные растения для безопасного запуска в москве с доставкой;core_benefit_geo
меристемные аквариумные растения для безопасного запуска в москве с доставкой цена;core_benefit_geo
меристемные аквариумные растения для безопасного запуска по москве с доставкой;core_benefit_geo
купить меристемные аквариумные растения для безопасного запуска по москве с доставкой;core_benefit_geo
меристемные аквариумные растения для безопасного запуска по москве с доставкой цена;core_benefit_geo
меристемные аквариумные растения для безопасного запуска для москвы и области;core_benefit_geo
купить меристемные аквариумные растения для безопасного запуска для москвы и области;core_benefit_geo
меристемные аквариумные растения для безопасного запуска для москвы и области цена;core_benefit_geo
меристемные аквариумные растения для плотного ковра;core_benefit
купить меристемные аквариумные растения для плотного ковра;core_benefit
заказать меристемные аквариумные растения для плотного ковра;core_benefit
меристемные аквариумные растения для плотного ковра цена;core_benefit
меристемные аквариумные растения для плотного ковра отзывы;core_benefit
как выбрать меристемные аквариумные растения для плотного ковра;core_benefit
меристемные аквариумные растения для плотного ковра в москве;core_benefit_geo
купить меристемные аквариумные растения для плотного ковра в москве;core_benefit_geo
меристемные аквариумные растения для плотного ковра в москве цена;core_benefit_geo
меристемные аквариумные растения для плотного ковра по москве;core_benefit_geo
купить меристемные аквариумные растения для плотного ковра по москве;core_benefit_geo
меристемные аквариумные растения для плотного ковра по москве цена;core_benefit_geo
меристемные аквариумные растения для плотного ковра по московской области;core_benefit_geo
купить меристемные аквариумные растения для плотного ковра по московской области;core_benefit_geo
меристемные аквариумные растения для плотного ковра по московской области цена;core_benefit_geo
меристемные аквариумные растения для плотного ковра в москве с доставкой;core_benefit_geo
купить меристемные аквариумные растения для плотного ковра в москве с доставкой;core_benefit_geo
меристемные аквариумные растения для плотного ковра в москве с доставкой цена;core_benefit_geo
меристемные аквариумные растения для плотного ковра по москве с доставкой;core_benefit_geo
купить меристемные аквариумные растения для плотного ковра по москве с доставкой;core_benefit_geo
меристемные аквариумные растения для плотного ковра по москве с доставкой цена;core_benefit_geo
меристемные аквариумные растения для плотного ковра для москвы и области;core_benefit_geo
купить меристемные аквариумные растения для плотного ковра для москвы и области;core_benefit_geo
меристемные аквариумные растения для плотного ковра для москвы и области цена;core_benefit_geo
меристемные аквариумные растения для яркого акцента;core_benefit
купить меристемные аквариумные растения для яркого акцента;core_benefit
заказать меристемные аквариумные растения для яркого акцента;core_benefit
меристемные аквариумные растения для яркого акцента цена;core_benefit
меристемные аквариумные растения для яркого акцента отзывы;core_benefit
как выбрать меристемные аквариумные растения для яркого акцента;core_benefit
меристемные аквариумные растения для яркого акцента в москве;core_benefit_geo
купить меристемные аквариумные растения для яркого акцента в москве;core_benefit_geo
меристемные аквариумные растения для яркого акцента в москве цена;core_benefit_geo
меристемные аквариумные растения для яркого акцента по москве;core_benefit_geo
купить меристемные аквариумные растения для яркого акцента по москве;core_benefit_geo
меристемные аквариумные растения для яркого акцента по москве цена;core_benefit_geo
меристемные аквариумные растения для яркого акцента по московской области;core_benefit_geo
купить меристемные аквариумные растения для яркого акцента по московской области;core_benefit_geo
меристемные аквариумные растения для яркого акцента по московской области цена;core_benefit_geo
меристемные аквариумные растения для яркого акцента в москве с доставкой;core_benefit_geo
купить меристемные аквариумные растения для яркого акцента в москве с доставкой;core_benefit_geo
меристемные аквариумные растения для яркого акцента в москве с доставкой цена;core_benefit_geo
меристемные аквариумные растения для яркого акцента по москве с доставкой;core_benefit_geo
купить меристемные аквариумные растения для яркого акцента по москве с доставкой;core_benefit_geo
меристемные аквариумные растения для яркого акцента по москве с доставкой цена;core_benefit_geo
меристемные аквариумные растения для яркого акцента для москвы и области;core_benefit_geo
купить меристемные аквариумные растения для яркого акцента для москвы и области;core_benefit_geo
меристемные аквариумные растения для яркого акцента для москвы и области цена;core_benefit_geo
меристемные аквариумные растения для аквариума 20 литров;core_volume
купить меристемные аквариумные растения для аквариума 20 литров;core_volume
заказать меристемные аквариумные растения для аквариума 20 литров;core_volume
меристемные аквариумные растения для аквариума 20 литров цена;core_volume
как выбрать меристемные аквариумные растения для аквариума 20 литров;core_volume
меристемные аквариумные растения для аквариума 30 литров;core_volume
купить меристемные аквариумные растения для аквариума 30 литров;core_volume
заказать меристемные аквариумные растения для аквариума 30 литров;core_volume
меристемные аквариумные растения для аквариума 30 литров цена;core_volume
как выбрать меристемные аквариумные растения для аквариума 30 литров;core_volume
меристемные аквариумные растения для аквариума 40 литров;core_volume
купить меристемные аквариумные растения для аквариума 40 литров;core_volume
заказать меристемные аквариумные растения для аквариума 40 литров;core_volume
меристемные аквариумные растения для аквариума 40 литров цена;core_volume
как выбрать меристемные аквариумные растения для аквариума 40 литров;core_volume
меристемные аквариумные растения для аквариума 50 литров;core_volume
купить меристемные аквариумные растения для аквариума 50 литров;core_volume
заказать меристемные аквариумные растения для аквариума 50 литров;core_volume
меристемные аквариумные растения для аквариума 50 литров цена;core_volume
как выбрать меристемные аквариумные растения для аквариума 50 литров;core_volume
меристемные аквариумные растения для аквариума 60 литров;core_volume
купить меристемные аквариумные растения для аквариума 60 литров;core_volume
заказать меристемные аквариумные растения для аквариума 60 литров;core_volume
меристемные аквариумные растения для аквариума 60 литров цена;core_volume
как выбрать меристемные аквариумные растения для аквариума 60 литров;core_volume
меристемные аквариумные растения для аквариума 80 литров;core_volume
купить меристемные аквариумные растения для аквариума 80 литров;core_volume
заказать меристемные аквариумные растения для аквариума 80 литров;core_volume
меристемные аквариумные растения для аквариума 80 литров цена;core_volume
как выбрать меристемные аквариумные растения для аквариума 80 литров;core_volume
меристемные аквариумные растения для аквариума 100 литров;core_volume
купить меристемные аквариумные растения для аквариума 100 литров;core_volume
заказать меристемные аквариумные растения для аквариума 100 литров;core_volume
меристемные аквариумные растения для аквариума 100 литров цена;core_volume
как выбрать меристемные аквариумные растения для аквариума 100 литров;core_volume
меристемные аквариумные растения для аквариума 120 литров;core_volume
купить меристемные аквариумные растения для аквариума 120 литров;core_volume
заказать меристемные аквариумные растения для аквариума 120 литров;core_volume
меристемные аквариумные растения для аквариума 120 литров цена;core_volume
как выбрать меристемные аквариумные растения для аквариума 120 литров;core_volume
меристемные аквариумные растения для аквариума 200 литров;core_volume
купить меристемные аквариумные растения для аквариума 200 литров;core_volume
заказать меристемные аквариумные растения для аквариума 200 литров;core_volume
меристемные аквариумные растения для аквариума 200 литров цена;core_volume
как выбрать меристемные аквариумные растения для аквариума 200 литров;core_volume
купить меристемные растения для аквариума;core_commercial
заказать меристемные растения для аквариума;core_commercial
где купить меристемные растения для аквариума;core_commercial
где заказать меристемные растения для аквариума;core_commercial
меристемные растения для аквариума цена;core_commercial
меристемные растения для аквариума цены;core_commercial
меристемные растения для аквариума стоимость;core_commercial
меристемные растения для аквариума прайс;core_commercial
меристемные растения для аквариума наличие;core_commercial
меристемные растения для аквариума каталог;core_commercial
меристемные растения для аквариума отзывы;core_commercial
меристемные растения для аквариума доставка;core_commercial
меристемные растения для аквариума в наличии;core_commercial
как заказать меристемные растения для аквариума;core_info
как купить меристемные растения для аквариума;core_info
как посадить меристемные растения для аквариума;core_info
как сажать меристемные растения для аквариума;core_info
меристемные растения для аквариума для начинающих;core_info
меристемные растения для аквариума для чистого запуска;core_info
меристемные растения для аквариума что выбрать;core_info
меристемные растения для аквариума как оформить заказ;core_info
меристемные растения для аквариума для красивого аквариума;core_info
меристемные растения для аквариума для здорового аквариума;core_info
меристемные растения для аквариума в москве;core_geo
купить меристемные растения для аквариума в москве;core_geo
заказать меристемные растения для аквариума в москве;core_geo
где купить меристемные растения для аквариума в москве;core_geo
меристемные растения для аквариума в москве цена;core_geo
меристемные растения для аквариума в москве наличие;core_geo
меристемные растения для аквариума по москве;core_geo
купить меристемные растения для аквариума по москве;core_geo
заказать меристемные растения для аквариума по москве;core_geo
где купить меристемные растения для аквариума по москве;core_geo
меристемные растения для аквариума по москве цена;core_geo
меристемные растения для аквариума по москве наличие;core_geo
меристемные растения для аквариума по московской области;core_geo
купить меристемные растения для аквариума по московской области;core_geo
заказать меристемные растения для аквариума по московской области;core_geo
где купить меристемные растения для аквариума по московской области;core_geo
меристемные растения для аквариума по московской области цена;core_geo
меристемные растения для аквариума по московской области наличие;core_geo
меристемные растения для аквариума в москве с доставкой;core_geo
купить меристемные растения для аквариума в москве с доставкой;core_geo
заказать меристемные растения для аквариума в москве с доставкой;core_geo
где купить меристемные растения для аквариума в москве с доставкой;core_geo
меристемные растения для аквариума в москве с доставкой цена;core_geo
меристемные растения для аквариума в москве с доставкой наличие;core_geo
меристемные растения для аквариума по москве с доставкой;core_geo
купить меристемные растения для аквариума по москве с доставкой;core_geo
заказать меристемные растения для аквариума по москве с доставкой;core_geo
где купить меристемные растения для аквариума по москве с доставкой;core_geo
меристемные растения для аквариума по москве с доставкой цена;core_geo
меристемные растения для аквариума по москве с доставкой наличие;core_geo
меристемные растения для аквариума для москвы и области;core_geo
купить меристемные растения для аквариума для москвы и области;core_geo
заказать меристемные растения для аквариума для москвы и области;core_geo
где купить меристемные растения для аквариума для москвы и области;core_geo
меристемные растения для аквариума для москвы и области цена;core_geo
меристемные растения для аквариума для москвы и области наличие;core_geo
меристемные растения для аквариума для акваскейпа;core_use
купить меристемные растения для аквариума для акваскейпа;core_use
заказать меристемные растения для аквариума для акваскейпа;core_use
где купить меристемные растения для аквариума для акваскейпа;core_use
меристемные растения для аквариума для акваскейпа цена;core_use
меристемные растения для аквариума для акваскейпа отзывы;core_use
как выбрать меристемные растения для аквариума для акваскейпа;core_use
как посадить меристемные растения для аквариума для акваскейпа;core_use
меристемные растения для аквариума для акваскейпа в москве;core_use_geo
купить меристемные растения для аквариума для акваскейпа в москве;core_use_geo
заказать меристемные растения для аквариума для акваскейпа в москве;core_use_geo
меристемные растения для аквариума для акваскейпа в москве цена;core_use_geo
меристемные растения для аквариума для акваскейпа по москве;core_use_geo
купить меристемные растения для аквариума для акваскейпа по москве;core_use_geo
заказать меристемные растения для аквариума для акваскейпа по москве;core_use_geo
меристемные растения для аквариума для акваскейпа по москве цена;core_use_geo
меристемные растения для аквариума для акваскейпа по московской области;core_use_geo
купить меристемные растения для аквариума для акваскейпа по московской области;core_use_geo
заказать меристемные растения для аквариума для акваскейпа по московской области;core_use_geo
меристемные растения для аквариума для акваскейпа по московской области цена;core_use_geo
меристемные растения для аквариума для акваскейпа в москве с доставкой;core_use_geo
купить меристемные растения для аквариума для акваскейпа в москве с доставкой;core_use_geo
заказать меристемные растения для аквариума для акваскейпа в москве с доставкой;core_use_geo
меристемные растения для аквариума для акваскейпа в москве с доставкой цена;core_use_geo
меристемные растения для аквариума для акваскейпа по москве с доставкой;core_use_geo
купить меристемные растения для аквариума для акваскейпа по москве с доставкой;core_use_geo
заказать меристемные растения для аквариума для акваскейпа по москве с доставкой;core_use_geo
меристемные растения для аквариума для акваскейпа по москве с доставкой цена;core_use_geo
меристемные растения для аквариума для акваскейпа для москвы и области;core_use_geo
купить меристемные растения для аквариума для акваскейпа для москвы и области;core_use_geo
заказать меристемные растения для аквариума для акваскейпа для москвы и области;core_use_geo
меристемные растения для аквариума для акваскейпа для москвы и области цена;core_use_geo
меристемные растения для аквариума для травника;core_use
купить меристемные растения для аквариума для травника;core_use
заказать меристемные растения для аквариума для травника;core_use
где купить меристемные растения для аквариума для травника;core_use
меристемные растения для аквариума для травника цена;core_use
меристемные растения для аквариума для травника отзывы;core_use
как выбрать меристемные растения для аквариума для травника;core_use
как посадить меристемные растения для аквариума для травника;core_use
меристемные растения для аквариума для травника в москве;core_use_geo
купить меристемные растения для аквариума для травника в москве;core_use_geo
заказать меристемные растения для аквариума для травника в москве;core_use_geo
меристемные растения для аквариума для травника в москве цена;core_use_geo
меристемные растения для аквариума для травника по москве;core_use_geo
купить меристемные растения для аквариума для травника по москве;core_use_geo
заказать меристемные растения для аквариума для травника по москве;core_use_geo
меристемные растения для аквариума для травника по москве цена;core_use_geo
меристемные растения для аквариума для травника по московской области;core_use_geo
купить меристемные растения для аквариума для травника по московской области;core_use_geo
заказать меристемные растения для аквариума для травника по московской области;core_use_geo
меристемные растения для аквариума для травника по московской области цена;core_use_geo
меристемные растения для аквариума для травника в москве с доставкой;core_use_geo
купить меристемные растения для аквариума для травника в москве с доставкой;core_use_geo
заказать меристемные растения для аквариума для травника в москве с доставкой;core_use_geo
меристемные растения для аквариума для травника в москве с доставкой цена;core_use_geo
меристемные растения для аквариума для травника по москве с доставкой;core_use_geo
купить меристемные растения для аквариума для травника по москве с доставкой;core_use_geo
заказать меристемные растения для аквариума для травника по москве с доставкой;core_use_geo
меристемные растения для аквариума для травника по москве с доставкой цена;core_use_geo
меристемные растения для аквариума для травника для москвы и области;core_use_geo
купить меристемные растения для аквариума для травника для москвы и области;core_use_geo
заказать меристемные растения для аквариума для травника для москвы и области;core_use_geo
меристемные растения для аквариума для травника для москвы и области цена;core_use_geo
меристемные растения для аквариума для запуска аквариума;core_use
купить меристемные растения для аквариума для запуска аквариума;core_use
заказать меристемные растения для аквариума для запуска аквариума;core_use
где купить меристемные растения для аквариума для запуска аквариума;core_use
меристемные растения для аквариума для запуска аквариума цена;core_use
меристемные растения для аквариума для запуска аквариума отзывы;core_use
как выбрать меристемные растения для аквариума для запуска аквариума;core_use
как посадить меристемные растения для аквариума для запуска аквариума;core_use
меристемные растения для аквариума для запуска аквариума в москве;core_use_geo
купить меристемные растения для аквариума для запуска аквариума в москве;core_use_geo
заказать меристемные растения для аквариума для запуска аквариума в москве;core_use_geo
меристемные растения для аквариума для запуска аквариума в москве цена;core_use_geo
меристемные растения для аквариума для запуска аквариума по москве;core_use_geo
купить меристемные растения для аквариума для запуска аквариума по москве;core_use_geo
заказать меристемные растения для аквариума для запуска аквариума по москве;core_use_geo
меристемные растения для аквариума для запуска аквариума по москве цена;core_use_geo
меристемные растения для аквариума для запуска аквариума по московской области;core_use_geo
купить меристемные растения для аквариума для запуска аквариума по московской области;core_use_geo
заказать меристемные растения для аквариума для запуска аквариума по московской области;core_use_geo
меристемные растения для аквариума для запуска аквариума по московской области цена;core_use_geo
меристемные растения для аквариума для запуска аквариума в москве с доставкой;core_use_geo
купить меристемные растения для аквариума для запуска аквариума в москве с доставкой;core_use_geo
заказать меристемные растения для аквариума для запуска аквариума в москве с доставкой;core_use_geo
меристемные растения для аквариума для запуска аквариума в москве с доставкой цена;core_use_geo
меристемные растения для аквариума для запуска аквариума по москве с доставкой;core_use_geo
купить меристемные растения для аквариума для запуска аквариума по москве с доставкой;core_use_geo
заказать меристемные растения для аквариума для запуска аквариума по москве с доставкой;core_use_geo
меристемные растения для аквариума для запуска аквариума по москве с доставкой цена;core_use_geo
меристемные растения для аквариума для запуска аквариума для москвы и области;core_use_geo
купить меристемные растения для аквариума для запуска аквариума для москвы и области;core_use_geo
заказать меристемные растения для аквариума для запуска аквариума для москвы и области;core_use_geo
меристемные растения для аквариума для запуска аквариума для москвы и области цена;core_use_geo
меристемные растения для аквариума для нового аквариума;core_use
купить меристемные растения для аквариума для нового аквариума;core_use
заказать меристемные растения для аквариума для нового аквариума;core_use
где купить меристемные растения для аквариума для нового аквариума;core_use
меристемные растения для аквариума для нового аквариума цена;core_use
меристемные растения для аквариума для нового аквариума отзывы;core_use
как выбрать меристемные растения для аквариума для нового аквариума;core_use
как посадить меристемные растения для аквариума для нового аквариума;core_use
меристемные растения для аквариума для нового аквариума в москве;core_use_geo
купить меристемные растения для аквариума для нового аквариума в москве;core_use_geo
заказать меристемные растения для аквариума для нового аквариума в москве;core_use_geo
меристемные растения для аквариума для нового аквариума в москве цена;core_use_geo
меристемные растения для аквариума для нового аквариума по москве;core_use_geo
купить меристемные растения для аквариума для нового аквариума по москве;core_use_geo
заказать меристемные растения для аквариума для нового аквариума по москве;core_use_geo
меристемные растения для аквариума для нового аквариума по москве цена;core_use_geo
меристемные растения для аквариума для нового аквариума по московской области;core_use_geo
купить меристемные растения для аквариума для нового аквариума по московской области;core_use_geo
заказать меристемные растения для аквариума для нового аквариума по московской области;core_use_geo
меристемные растения для аквариума для нового аквариума по московской области цена;core_use_geo
меристемные растения для аквариума для нового аквариума в москве с доставкой;core_use_geo
купить меристемные растения для аквариума для нового аквариума в москве с доставкой;core_use_geo
заказать меристемные растения для аквариума для нового аквариума в москве с доставкой;core_use_geo
меристемные растения для аквариума для нового аквариума в москве с доставкой цена;core_use_geo
меристемные растения для аквариума для нового аквариума по москве с доставкой;core_use_geo
купить меристемные растения для аквариума для нового аквариума по москве с доставкой;core_use_geo
заказать меристемные растения для аквариума для нового аквариума по москве с доставкой;core_use_geo
меристемные растения для аквариума для нового аквариума по москве с доставкой цена;core_use_geo
меристемные растения для аквариума для нового аквариума для москвы и области;core_use_geo
купить меристемные растения для аквариума для нового аквариума для москвы и области;core_use_geo
заказать меристемные растения для аквариума для нового аквариума для москвы и области;core_use_geo
меристемные растения для аквариума для нового аквариума для москвы и области цена;core_use_geo
меристемные растения для аквариума для переднего плана;core_use
купить меристемные растения для аквариума для переднего плана;core_use
заказать меристемные растения для аквариума для переднего плана;core_use
где купить меристемные растения для аквариума для переднего плана;core_use
меристемные растения для аквариума для переднего плана цена;core_use
меристемные растения для аквариума для переднего плана отзывы;core_use
как выбрать меристемные растения для аквариума для переднего плана;core_use
как посадить меристемные растения для аквариума для переднего плана;core_use
меристемные растения для аквариума для переднего плана в москве;core_use_geo
купить меристемные растения для аквариума для переднего плана в москве;core_use_geo
заказать меристемные растения для аквариума для переднего плана в москве;core_use_geo
меристемные растения для аквариума для переднего плана в москве цена;core_use_geo
меристемные растения для аквариума для переднего плана по москве;core_use_geo
купить меристемные растения для аквариума для переднего плана по москве;core_use_geo
заказать меристемные растения для аквариума для переднего плана по москве;core_use_geo
меристемные растения для аквариума для переднего плана по москве цена;core_use_geo
меристемные растения для аквариума для переднего плана по московской области;core_use_geo
купить меристемные растения для аквариума для переднего плана по московской области;core_use_geo
заказать меристемные растения для аквариума для переднего плана по московской области;core_use_geo
меристемные растения для аквариума для переднего плана по московской области цена;core_use_geo
меристемные растения для аквариума для переднего плана в москве с доставкой;core_use_geo
купить меристемные растения для аквариума для переднего плана в москве с доставкой;core_use_geo
заказать меристемные растения для аквариума для переднего плана в москве с доставкой;core_use_geo
меристемные растения для аквариума для переднего плана в москве с доставкой цена;core_use_geo
меристемные растения для аквариума для переднего плана по москве с доставкой;core_use_geo
купить меристемные растения для аквариума для переднего плана по москве с доставкой;core_use_geo
заказать меристемные растения для аквариума для переднего плана по москве с доставкой;core_use_geo
меристемные растения для аквариума для переднего плана по москве с доставкой цена;core_use_geo
меристемные растения для аквариума для переднего плана для москвы и области;core_use_geo
купить меристемные растения для аквариума для переднего плана для москвы и области;core_use_geo
заказать меристемные растения для аквариума для переднего плана для москвы и области;core_use_geo
меристемные растения для аквариума для переднего плана для москвы и области цена;core_use_geo
меристемные растения для аквариума для среднего плана;core_use
купить меристемные растения для аквариума для среднего плана;core_use
заказать меристемные растения для аквариума для среднего плана;core_use
где купить меристемные растения для аквариума для среднего плана;core_use
меристемные растения для аквариума для среднего плана цена;core_use
меристемные растения для аквариума для среднего плана отзывы;core_use
как выбрать меристемные растения для аквариума для среднего плана;core_use
как посадить меристемные растения для аквариума для среднего плана;core_use
меристемные растения для аквариума для среднего плана в москве;core_use_geo
купить меристемные растения для аквариума для среднего плана в москве;core_use_geo
заказать меристемные растения для аквариума для среднего плана в москве;core_use_geo
меристемные растения для аквариума для среднего плана в москве цена;core_use_geo
меристемные растения для аквариума для среднего плана по москве;core_use_geo
купить меристемные растения для аквариума для среднего плана по москве;core_use_geo
заказать меристемные растения для аквариума для среднего плана по москве;core_use_geo
меристемные растения для аквариума для среднего плана по москве цена;core_use_geo
меристемные растения для аквариума для среднего плана по московской области;core_use_geo
купить меристемные растения для аквариума для среднего плана по московской области;core_use_geo
заказать меристемные растения для аквариума для среднего плана по московской области;core_use_geo
меристемные растения для аквариума для среднего плана по московской области цена;core_use_geo
меристемные растения для аквариума для среднего плана в москве с доставкой;core_use_geo
купить меристемные растения для аквариума для среднего плана в москве с доставкой;core_use_geo
заказать меристемные растения для аквариума для среднего плана в москве с доставкой;core_use_geo
меристемные растения для аквариума для среднего плана в москве с доставкой цена;core_use_geo
меристемные растения для аквариума для среднего плана по москве с доставкой;core_use_geo
купить меристемные растения для аквариума для среднего плана по москве с доставкой;core_use_geo
заказать меристемные растения для аквариума для среднего плана по москве с доставкой;core_use_geo
меристемные растения для аквариума для среднего плана по москве с доставкой цена;core_use_geo
меристемные растения для аквариума для среднего плана для москвы и области;core_use_geo
купить меристемные растения для аквариума для среднего плана для москвы и области;core_use_geo
заказать меристемные растения для аквариума для среднего плана для москвы и области;core_use_geo
меристемные растения для аквариума для среднего плана для москвы и области цена;core_use_geo
меристемные растения для аквариума для заднего плана;core_use
купить меристемные растения для аквариума для заднего плана;core_use
заказать меристемные растения для аквариума для заднего плана;core_use
где купить меристемные растения для аквариума для заднего плана;core_use
меристемные растения для аквариума для заднего плана цена;core_use
меристемные растения для аквариума для заднего плана отзывы;core_use
как выбрать меристемные растения для аквариума для заднего плана;core_use
как посадить меристемные растения для аквариума для заднего плана;core_use
меристемные растения для аквариума для заднего плана в москве;core_use_geo
купить меристемные растения для аквариума для заднего плана в москве;core_use_geo
заказать меристемные растения для аквариума для заднего плана в москве;core_use_geo
меристемные растения для аквариума для заднего плана в москве цена;core_use_geo
меристемные растения для аквариума для заднего плана по москве;core_use_geo
купить меристемные растения для аквариума для заднего плана по москве;core_use_geo
заказать меристемные растения для аквариума для заднего плана по москве;core_use_geo
меристемные растения для аквариума для заднего плана по москве цена;core_use_geo
меристемные растения для аквариума для заднего плана по московской области;core_use_geo
купить меристемные растения для аквариума для заднего плана по московской области;core_use_geo
заказать меристемные растения для аквариума для заднего плана по московской области;core_use_geo
меристемные растения для аквариума для заднего плана по московской области цена;core_use_geo
меристемные растения для аквариума для заднего плана в москве с доставкой;core_use_geo
купить меристемные растения для аквариума для заднего плана в москве с доставкой;core_use_geo
заказать меристемные растения для аквариума для заднего плана в москве с доставкой;core_use_geo
меристемные растения для аквариума для заднего плана в москве с доставкой цена;core_use_geo
меристемные растения для аквариума для заднего плана по москве с доставкой;core_use_geo
купить меристемные растения для аквариума для заднего плана по москве с доставкой;core_use_geo
заказать меристемные растения для аквариума для заднего плана по москве с доставкой;core_use_geo
меристемные растения для аквариума для заднего плана по москве с доставкой цена;core_use_geo
меристемные растения для аквариума для заднего плана для москвы и области;core_use_geo
купить меристемные растения для аквариума для заднего плана для москвы и области;core_use_geo
заказать меристемные растения для аквариума для заднего плана для москвы и области;core_use_geo
меристемные растения для аквариума для заднего плана для москвы и области цена;core_use_geo
меристемные растения для аквариума для нано аквариума;core_use
купить меристемные растения для аквариума для нано аквариума;core_use
заказать меристемные растения для аквариума для нано аквариума;core_use
где купить меристемные растения для аквариума для нано аквариума;core_use
меристемные растения для аквариума для нано аквариума цена;core_use
меристемные растения для аквариума для нано аквариума отзывы;core_use
как выбрать меристемные растения для аквариума для нано аквариума;core_use
как посадить меристемные растения для аквариума для нано аквариума;core_use
меристемные растения для аквариума для нано аквариума в москве;core_use_geo
купить меристемные растения для аквариума для нано аквариума в москве;core_use_geo
заказать меристемные растения для аквариума для нано аквариума в москве;core_use_geo
меристемные растения для аквариума для нано аквариума в москве цена;core_use_geo
меристемные растения для аквариума для нано аквариума по москве;core_use_geo
купить меристемные растения для аквариума для нано аквариума по москве;core_use_geo
заказать меристемные растения для аквариума для нано аквариума по москве;core_use_geo
меристемные растения для аквариума для нано аквариума по москве цена;core_use_geo
меристемные растения для аквариума для нано аквариума по московской области;core_use_geo
купить меристемные растения для аквариума для нано аквариума по московской области;core_use_geo
заказать меристемные растения для аквариума для нано аквариума по московской области;core_use_geo
меристемные растения для аквариума для нано аквариума по московской области цена;core_use_geo
меристемные растения для аквариума для нано аквариума в москве с доставкой;core_use_geo
купить меристемные растения для аквариума для нано аквариума в москве с доставкой;core_use_geo
заказать меристемные растения для аквариума для нано аквариума в москве с доставкой;core_use_geo
меристемные растения для аквариума для нано аквариума в москве с доставкой цена;core_use_geo
меристемные растения для аквариума для нано аквариума по москве с доставкой;core_use_geo
купить меристемные растения для аквариума для нано аквариума по москве с доставкой;core_use_geo
заказать меристемные растения для аквариума для нано аквариума по москве с доставкой;core_use_geo
меристемные растения для аквариума для нано аквариума по москве с доставкой цена;core_use_geo
меристемные растения для аквариума для нано аквариума для москвы и области;core_use_geo
купить меристемные растения для аквариума для нано аквариума для москвы и области;core_use_geo
заказать меристемные растения для аквариума для нано аквариума для москвы и области;core_use_geo
меристемные растения для аквариума для нано аквариума для москвы и области цена;core_use_geo
меристемные растения для аквариума для креветочника;core_use
купить меристемные растения для аквариума для креветочника;core_use
заказать меристемные растения для аквариума для креветочника;core_use
где купить меристемные растения для аквариума для креветочника;core_use
меристемные растения для аквариума для креветочника цена;core_use
меристемные растения для аквариума для креветочника отзывы;core_use
как выбрать меристемные растения для аквариума для креветочника;core_use
как посадить меристемные растения для аквариума для креветочника;core_use
меристемные растения для аквариума для креветочника в москве;core_use_geo
купить меристемные растения для аквариума для креветочника в москве;core_use_geo
заказать меристемные растения для аквариума для креветочника в москве;core_use_geo
меристемные растения для аквариума для креветочника в москве цена;core_use_geo
меристемные растения для аквариума для креветочника по москве;core_use_geo
купить меристемные растения для аквариума для креветочника по москве;core_use_geo
заказать меристемные растения для аквариума для креветочника по москве;core_use_geo
меристемные растения для аквариума для креветочника по москве цена;core_use_geo
меристемные растения для аквариума для креветочника по московской области;core_use_geo
купить меристемные растения для аквариума для креветочника по московской области;core_use_geo
заказать меристемные растения для аквариума для креветочника по московской области;core_use_geo
меристемные растения для аквариума для креветочника по московской области цена;core_use_geo
меристемные растения для аквариума для креветочника в москве с доставкой;core_use_geo
купить меристемные растения для аквариума для креветочника в москве с доставкой;core_use_geo
заказать меристемные растения для аквариума для креветочника в москве с доставкой;core_use_geo
меристемные растения для аквариума для креветочника в москве с доставкой цена;core_use_geo
меристемные растения для аквариума для креветочника по москве с доставкой;core_use_geo
купить меристемные растения для аквариума для креветочника по москве с доставкой;core_use_geo
заказать меристемные растения для аквариума для креветочника по москве с доставкой;core_use_geo
меристемные растения для аквариума для креветочника по москве с доставкой цена;core_use_geo
меристемные растения для аквариума для креветочника для москвы и области;core_use_geo
купить меристемные растения для аквариума для креветочника для москвы и области;core_use_geo
заказать меристемные растения для аквариума для креветочника для москвы и области;core_use_geo
меристемные растения для аквариума для креветочника для москвы и области цена;core_use_geo
меристемные растения для аквариума для природного аквариума;core_use
купить меристемные растения для аквариума для природного аквариума;core_use
заказать меристемные растения для аквариума для природного аквариума;core_use
где купить меристемные растения для аквариума для природного аквариума;core_use
меристемные растения для аквариума для природного аквариума цена;core_use
меристемные растения для аквариума для природного аквариума отзывы;core_use
как выбрать меристемные растения для аквариума для природного аквариума;core_use
как посадить меристемные растения для аквариума для природного аквариума;core_use
меристемные растения для аквариума для природного аквариума в москве;core_use_geo
купить меристемные растения для аквариума для природного аквариума в москве;core_use_geo
заказать меристемные растения для аквариума для природного аквариума в москве;core_use_geo
меристемные растения для аквариума для природного аквариума в москве цена;core_use_geo
меристемные растения для аквариума для природного аквариума по москве;core_use_geo
купить меристемные растения для аквариума для природного аквариума по москве;core_use_geo
заказать меристемные растения для аквариума для природного аквариума по москве;core_use_geo
меристемные растения для аквариума для природного аквариума по москве цена;core_use_geo
меристемные растения для аквариума для природного аквариума по московской области;core_use_geo
купить меристемные растения для аквариума для природного аквариума по московской области;core_use_geo
заказать меристемные растения для аквариума для природного аквариума по московской области;core_use_geo
меристемные растения для аквариума для природного аквариума по московской области цена;core_use_geo
меристемные растения для аквариума для природного аквариума в москве с доставкой;core_use_geo
купить меристемные растения для аквариума для природного аквариума в москве с доставкой;core_use_geo
заказать меристемные растения для аквариума для природного аквариума в москве с доставкой;core_use_geo
меристемные растения для аквариума для природного аквариума в москве с доставкой цена;core_use_geo
меристемные растения для аквариума для природного аквариума по москве с доставкой;core_use_geo
купить меристемные растения для аквариума для природного аквариума по москве с доставкой;core_use_geo
заказать меристемные растения для аквариума для природного аквариума по москве с доставкой;core_use_geo
меристемные растения для аквариума для природного аквариума по москве с доставкой цена;core_use_geo
меристемные растения для аквариума для природного аквариума для москвы и области;core_use_geo
купить меристемные растения для аквариума для природного аквариума для москвы и области;core_use_geo
заказать меристемные растения для аквариума для природного аквариума для москвы и области;core_use_geo
меристемные растения для аквариума для природного аквариума для москвы и области цена;core_use_geo
меристемные растения для аквариума для голландского аквариума;core_use
купить меристемные растения для аквариума для голландского аквариума;core_use
заказать меристемные растения для аквариума для голландского аквариума;core_use
где купить меристемные растения для аквариума для голландского аквариума;core_use
меристемные растения для аквариума для голландского аквариума цена;core_use
меристемные растения для аквариума для голландского аквариума отзывы;core_use
как выбрать меристемные растения для аквариума для голландского аквариума;core_use
как посадить меристемные растения для аквариума для голландского аквариума;core_use
меристемные растения для аквариума для голландского аквариума в москве;core_use_geo
купить меристемные растения для аквариума для голландского аквариума в москве;core_use_geo
заказать меристемные растения для аквариума для голландского аквариума в москве;core_use_geo
меристемные растения для аквариума для голландского аквариума в москве цена;core_use_geo
меристемные растения для аквариума для голландского аквариума по москве;core_use_geo
купить меристемные растения для аквариума для голландского аквариума по москве;core_use_geo
заказать меристемные растения для аквариума для голландского аквариума по москве;core_use_geo
меристемные растения для аквариума для голландского аквариума по москве цена;core_use_geo
меристемные растения для аквариума для голландского аквариума по московской области;core_use_geo
купить меристемные растения для аквариума для голландского аквариума по московской области;core_use_geo
заказать меристемные растения для аквариума для голландского аквариума по московской области;core_use_geo
меристемные растения для аквариума для голландского аквариума по московской области цена;core_use_geo
меристемные растения для аквариума для голландского аквариума в москве с доставкой;core_use_geo
купить меристемные растения для аквариума для голландского аквариума в москве с доставкой;core_use_geo
заказать меристемные растения для аквариума для голландского аквариума в москве с доставкой;core_use_geo
меристемные растения для аквариума для голландского аквариума в москве с доставкой цена;core_use_geo
меристемные растения для аквариума для голландского аквариума по москве с доставкой;core_use_geo
купить меристемные растения для аквариума для голландского аквариума по москве с доставкой;core_use_geo
заказать меристемные растения для аквариума для голландского аквариума по москве с доставкой;core_use_geo
меристемные растения для аквариума для голландского аквариума по москве с доставкой цена;core_use_geo
меристемные растения для аквариума для голландского аквариума для москвы и области;core_use_geo
купить меристемные растения для аквариума для голландского аквариума для москвы и области;core_use_geo
заказать меристемные растения для аквариума для голландского аквариума для москвы и области;core_use_geo
меристемные растения для аквариума для голландского аквариума для москвы и области цена;core_use_geo
меристемные растения для аквариума для оформления аквариума;core_use
купить меристемные растения для аквариума для оформления аквариума;core_use
заказать меристемные растения для аквариума для оформления аквариума;core_use
где купить меристемные растения для аквариума для оформления аквариума;core_use
меристемные растения для аквариума для оформления аквариума цена;core_use
меристемные растения для аквариума для оформления аквариума отзывы;core_use
как выбрать меристемные растения для аквариума для оформления аквариума;core_use
как посадить меристемные растения для аквариума для оформления аквариума;core_use
меристемные растения для аквариума для оформления аквариума в москве;core_use_geo
купить меристемные растения для аквариума для оформления аквариума в москве;core_use_geo
заказать меристемные растения для аквариума для оформления аквариума в москве;core_use_geo
меристемные растения для аквариума для оформления аквариума в москве цена;core_use_geo
меристемные растения для аквариума для оформления аквариума по москве;core_use_geo
купить меристемные растения для аквариума для оформления аквариума по москве;core_use_geo
заказать меристемные растения для аквариума для оформления аквариума по москве;core_use_geo
меристемные растения для аквариума для оформления аквариума по москве цена;core_use_geo
меристемные растения для аквариума для оформления аквариума по московской области;core_use_geo
купить меристемные растения для аквариума для оформления аквариума по московской области;core_use_geo
заказать меристемные растения для аквариума для оформления аквариума по московской области;core_use_geo
меристемные растения для аквариума для оформления аквариума по московской области цена;core_use_geo
меристемные растения для аквариума для оформления аквариума в москве с доставкой;core_use_geo
купить меристемные растения для аквариума для оформления аквариума в москве с доставкой;core_use_geo
заказать меристемные растения для аквариума для оформления аквариума в москве с доставкой;core_use_geo
меристемные растения для аквариума для оформления аквариума в москве с доставкой цена;core_use_geo
меристемные растения для аквариума для оформления аквариума по москве с доставкой;core_use_geo
купить меристемные растения для аквариума для оформления аквариума по москве с доставкой;core_use_geo
заказать меристемные растения для аквариума для оформления аквариума по москве с доставкой;core_use_geo
меристемные растения для аквариума для оформления аквариума по москве с доставкой цена;core_use_geo
меристемные растения для аквариума для оформления аквариума для москвы и области;core_use_geo
купить меристемные растения для аквариума для оформления аквариума для москвы и области;core_use_geo
заказать меристемные растения для аквариума для оформления аквариума для москвы и области;core_use_geo
меристемные растения для аквариума для оформления аквариума для москвы и области цена;core_use_geo
меристемные растения для аквариума для аквариумного дизайна;core_use
купить меристемные растения для аквариума для аквариумного дизайна;core_use
заказать меристемные растения для аквариума для аквариумного дизайна;core_use
где купить меристемные растения для аквариума для аквариумного дизайна;core_use
меристемные растения для аквариума для аквариумного дизайна цена;core_use
меристемные растения для аквариума для аквариумного дизайна отзывы;core_use
как выбрать меристемные растения для аквариума для аквариумного дизайна;core_use
как посадить меристемные растения для аквариума для аквариумного дизайна;core_use
меристемные растения для аквариума для аквариумного дизайна в москве;core_use_geo
купить меристемные растения для аквариума для аквариумного дизайна в москве;core_use_geo
заказать меристемные растения для аквариума для аквариумного дизайна в москве;core_use_geo
меристемные растения для аквариума для аквариумного дизайна в москве цена;core_use_geo
меристемные растения для аквариума для аквариумного дизайна по москве;core_use_geo
купить меристемные растения для аквариума для аквариумного дизайна по москве;core_use_geo
заказать меристемные растения для аквариума для аквариумного дизайна по москве;core_use_geo
меристемные растения для аквариума для аквариумного дизайна по москве цена;core_use_geo
меристемные растения для аквариума для аквариумного дизайна по московской области;core_use_geo
купить меристемные растения для аквариума для аквариумного дизайна по московской области;core_use_geo
заказать меристемные растения для аквариума для аквариумного дизайна по московской области;core_use_geo
меристемные растения для аквариума для аквариумного дизайна по московской области цена;core_use_geo
меристемные растения для аквариума для аквариумного дизайна в москве с доставкой;core_use_geo
купить меристемные растения для аквариума для аквариумного дизайна в москве с доставкой;core_use_geo
заказать меристемные растения для аквариума для аквариумного дизайна в москве с доставкой;core_use_geo
меристемные растения для аквариума для аквариумного дизайна в москве с доставкой цена;core_use_geo
меристемные растения для аквариума для аквариумного дизайна по москве с доставкой;core_use_geo
купить меристемные растения для аквариума для аквариумного дизайна по москве с доставкой;core_use_geo
заказать меристемные растения для аквариума для аквариумного дизайна по москве с доставкой;core_use_geo
меристемные растения для аквариума для аквариумного дизайна по москве с доставкой цена;core_use_geo
меристемные растения для аквариума для аквариумного дизайна для москвы и области;core_use_geo
купить меристемные растения для аквариума для аквариумного дизайна для москвы и области;core_use_geo
заказать меристемные растения для аквариума для аквариумного дизайна для москвы и области;core_use_geo
меристемные растения для аквариума для аквариумного дизайна для москвы и области цена;core_use_geo
меристемные растения для аквариума для плотной посадки;core_use
купить меристемные растения для аквариума для плотной посадки;core_use
заказать меристемные растения для аквариума для плотной посадки;core_use
где купить меристемные растения для аквариума для плотной посадки;core_use
меристемные растения для аквариума для плотной посадки цена;core_use
меристемные растения для аквариума для плотной посадки отзывы;core_use
как выбрать меристемные растения для аквариума для плотной посадки;core_use
как посадить меристемные растения для аквариума для плотной посадки;core_use
меристемные растения для аквариума для плотной посадки в москве;core_use_geo
купить меристемные растения для аквариума для плотной посадки в москве;core_use_geo
заказать меристемные растения для аквариума для плотной посадки в москве;core_use_geo
меристемные растения для аквариума для плотной посадки в москве цена;core_use_geo
меристемные растения для аквариума для плотной посадки по москве;core_use_geo
купить меристемные растения для аквариума для плотной посадки по москве;core_use_geo
заказать меристемные растения для аквариума для плотной посадки по москве;core_use_geo
меристемные растения для аквариума для плотной посадки по москве цена;core_use_geo
меристемные растения для аквариума для плотной посадки по московской области;core_use_geo
купить меристемные растения для аквариума для плотной посадки по московской области;core_use_geo
заказать меристемные растения для аквариума для плотной посадки по московской области;core_use_geo
меристемные растения для аквариума для плотной посадки по московской области цена;core_use_geo
меристемные растения для аквариума для плотной посадки в москве с доставкой;core_use_geo
купить меристемные растения для аквариума для плотной посадки в москве с доставкой;core_use_geo
заказать меристемные растения для аквариума для плотной посадки в москве с доставкой;core_use_geo
меристемные растения для аквариума для плотной посадки в москве с доставкой цена;core_use_geo
меристемные растения для аквариума для плотной посадки по москве с доставкой;core_use_geo
купить меристемные растения для аквариума для плотной посадки по москве с доставкой;core_use_geo
заказать меристемные растения для аквариума для плотной посадки по москве с доставкой;core_use_geo
меристемные растения для аквариума для плотной посадки по москве с доставкой цена;core_use_geo
меристемные растения для аквариума для плотной посадки для москвы и области;core_use_geo
купить меристемные растения для аквариума для плотной посадки для москвы и области;core_use_geo
заказать меристемные растения для аквариума для плотной посадки для москвы и области;core_use_geo
меристемные растения для аквариума для плотной посадки для москвы и области цена;core_use_geo
меристемные растения для аквариума для чистого старта;core_use
купить меристемные растения для аквариума для чистого старта;core_use
заказать меристемные растения для аквариума для чистого старта;core_use
где купить меристемные растения для аквариума для чистого старта;core_use
меристемные растения для аквариума для чистого старта цена;core_use
меристемные растения для аквариума для чистого старта отзывы;core_use
как выбрать меристемные растения для аквариума для чистого старта;core_use
как посадить меристемные растения для аквариума для чистого старта;core_use
меристемные растения для аквариума для чистого старта в москве;core_use_geo
купить меристемные растения для аквариума для чистого старта в москве;core_use_geo
заказать меристемные растения для аквариума для чистого старта в москве;core_use_geo
меристемные растения для аквариума для чистого старта в москве цена;core_use_geo
меристемные растения для аквариума для чистого старта по москве;core_use_geo
купить меристемные растения для аквариума для чистого старта по москве;core_use_geo
заказать меристемные растения для аквариума для чистого старта по москве;core_use_geo
меристемные растения для аквариума для чистого старта по москве цена;core_use_geo
меристемные растения для аквариума для чистого старта по московской области;core_use_geo
купить меристемные растения для аквариума для чистого старта по московской области;core_use_geo
заказать меристемные растения для аквариума для чистого старта по московской области;core_use_geo
меристемные растения для аквариума для чистого старта по московской области цена;core_use_geo
меристемные растения для аквариума для чистого старта в москве с доставкой;core_use_geo
купить меристемные растения для аквариума для чистого старта в москве с доставкой;core_use_geo
заказать меристемные растения для аквариума для чистого старта в москве с доставкой;core_use_geo
меристемные растения для аквариума для чистого старта в москве с доставкой цена;core_use_geo
меристемные растения для аквариума для чистого старта по москве с доставкой;core_use_geo
купить меристемные растения для аквариума для чистого старта по москве с доставкой;core_use_geo
заказать меристемные растения для аквариума для чистого старта по москве с доставкой;core_use_geo
меристемные растения для аквариума для чистого старта по москве с доставкой цена;core_use_geo
меристемные растения для аквариума для чистого старта для москвы и области;core_use_geo
купить меристемные растения для аквариума для чистого старта для москвы и области;core_use_geo
заказать меристемные растения для аквариума для чистого старта для москвы и области;core_use_geo
меристемные растения для аквариума для чистого старта для москвы и области цена;core_use_geo
купить меристемные растения для аквариума для красивого аквариума;core_use
заказать меристемные растения для аквариума для красивого аквариума;core_use
где купить меристемные растения для аквариума для красивого аквариума;core_use
меристемные растения для аквариума для красивого аквариума цена;core_use
меристемные растения для аквариума для красивого аквариума отзывы;core_use
как выбрать меристемные растения для аквариума для красивого аквариума;core_use
как посадить меристемные растения для аквариума для красивого аквариума;core_use
меристемные растения для аквариума для красивого аквариума в москве;core_use_geo
купить меристемные растения для аквариума для красивого аквариума в москве;core_use_geo
заказать меристемные растения для аквариума для красивого аквариума в москве;core_use_geo
меристемные растения для аквариума для красивого аквариума в москве цена;core_use_geo
меристемные растения для аквариума для красивого аквариума по москве;core_use_geo
купить меристемные растения для аквариума для красивого аквариума по москве;core_use_geo
заказать меристемные растения для аквариума для красивого аквариума по москве;core_use_geo
меристемные растения для аквариума для красивого аквариума по москве цена;core_use_geo
меристемные растения для аквариума для красивого аквариума по московской области;core_use_geo
купить меристемные растения для аквариума для красивого аквариума по московской области;core_use_geo
заказать меристемные растения для аквариума для красивого аквариума по московской области;core_use_geo
меристемные растения для аквариума для красивого аквариума по московской области цена;core_use_geo
меристемные растения для аквариума для красивого аквариума в москве с доставкой;core_use_geo
купить меристемные растения для аквариума для красивого аквариума в москве с доставкой;core_use_geo
заказать меристемные растения для аквариума для красивого аквариума в москве с доставкой;core_use_geo
меристемные растения для аквариума для красивого аквариума в москве с доставкой цена;core_use_geo
меристемные растения для аквариума для красивого аквариума по москве с доставкой;core_use_geo
купить меристемные растения для аквариума для красивого аквариума по москве с доставкой;core_use_geo
заказать меристемные растения для аквариума для красивого аквариума по москве с доставкой;core_use_geo
меристемные растения для аквариума для красивого аквариума по москве с доставкой цена;core_use_geo
меристемные растения для аквариума для красивого аквариума для москвы и области;core_use_geo
купить меристемные растения для аквариума для красивого аквариума для москвы и области;core_use_geo
заказать меристемные растения для аквариума для красивого аквариума для москвы и области;core_use_geo
меристемные растения для аквариума для красивого аквариума для москвы и области цена;core_use_geo
купить меристемные растения для аквариума для здорового аквариума;core_use
заказать меристемные растения для аквариума для здорового аквариума;core_use
где купить меристемные растения для аквариума для здорового аквариума;core_use
меристемные растения для аквариума для здорового аквариума цена;core_use
меристемные растения для аквариума для здорового аквариума отзывы;core_use
как выбрать меристемные растения для аквариума для здорового аквариума;core_use
как посадить меристемные растения для аквариума для здорового аквариума;core_use
меристемные растения для аквариума для здорового аквариума в москве;core_use_geo
купить меристемные растения для аквариума для здорового аквариума в москве;core_use_geo
заказать меристемные растения для аквариума для здорового аквариума в москве;core_use_geo
меристемные растения для аквариума для здорового аквариума в москве цена;core_use_geo
меристемные растения для аквариума для здорового аквариума по москве;core_use_geo
купить меристемные растения для аквариума для здорового аквариума по москве;core_use_geo
заказать меристемные растения для аквариума для здорового аквариума по москве;core_use_geo
меристемные растения для аквариума для здорового аквариума по москве цена;core_use_geo
меристемные растения для аквариума для здорового аквариума по московской области;core_use_geo
купить меристемные растения для аквариума для здорового аквариума по московской области;core_use_geo
заказать меристемные растения для аквариума для здорового аквариума по московской области;core_use_geo
меристемные растения для аквариума для здорового аквариума по московской области цена;core_use_geo
меристемные растения для аквариума для здорового аквариума в москве с доставкой;core_use_geo
купить меристемные растения для аквариума для здорового аквариума в москве с доставкой;core_use_geo
заказать меристемные растения для аквариума для здорового аквариума в москве с доставкой;core_use_geo
меристемные растения для аквариума для здорового аквариума в москве с доставкой цена;core_use_geo
меристемные растения для аквариума для здорового аквариума по москве с доставкой;core_use_geo
купить меристемные растения для аквариума для здорового аквариума по москве с доставкой;core_use_geo
заказать меристемные растения для аквариума для здорового аквариума по москве с доставкой;core_use_geo
меристемные растения для аквариума для здорового аквариума по москве с доставкой цена;core_use_geo
меристемные растения для аквариума для здорового аквариума для москвы и области;core_use_geo
купить меристемные растения для аквариума для здорового аквариума для москвы и области;core_use_geo
заказать меристемные растения для аквариума для здорового аквариума для москвы и области;core_use_geo
меристемные растения для аквариума для здорового аквариума для москвы и области цена;core_use_geo
меристемные растения для аквариума для домашнего аквариума;core_use
купить меристемные растения для аквариума для домашнего аквариума;core_use
заказать меристемные растения для аквариума для домашнего аквариума;core_use
где купить меристемные растения для аквариума для домашнего аквариума;core_use
меристемные растения для аквариума для домашнего аквариума цена;core_use
меристемные растения для аквариума для домашнего аквариума отзывы;core_use
как выбрать меристемные растения для аквариума для домашнего аквариума;core_use
как посадить меристемные растения для аквариума для домашнего аквариума;core_use
меристемные растения для аквариума для домашнего аквариума в москве;core_use_geo
купить меристемные растения для аквариума для домашнего аквариума в москве;core_use_geo
заказать меристемные растения для аквариума для домашнего аквариума в москве;core_use_geo
меристемные растения для аквариума для домашнего аквариума в москве цена;core_use_geo
меристемные растения для аквариума для домашнего аквариума по москве;core_use_geo
купить меристемные растения для аквариума для домашнего аквариума по москве;core_use_geo
заказать меристемные растения для аквариума для домашнего аквариума по москве;core_use_geo
меристемные растения для аквариума для домашнего аквариума по москве цена;core_use_geo
меристемные растения для аквариума для домашнего аквариума по московской области;core_use_geo
купить меристемные растения для аквариума для домашнего аквариума по московской области;core_use_geo
заказать меристемные растения для аквариума для домашнего аквариума по московской области;core_use_geo
меристемные растения для аквариума для домашнего аквариума по московской области цена;core_use_geo
меристемные растения для аквариума для домашнего аквариума в москве с доставкой;core_use_geo
купить меристемные растения для аквариума для домашнего аквариума в москве с доставкой;core_use_geo
заказать меристемные растения для аквариума для домашнего аквариума в москве с доставкой;core_use_geo
меристемные растения для аквариума для домашнего аквариума в москве с доставкой цена;core_use_geo
меристемные растения для аквариума для домашнего аквариума по москве с доставкой;core_use_geo
купить меристемные растения для аквариума для домашнего аквариума по москве с доставкой;core_use_geo
заказать меристемные растения для аквариума для домашнего аквариума по москве с доставкой;core_use_geo
меристемные растения для аквариума для домашнего аквариума по москве с доставкой цена;core_use_geo
меристемные растения для аквариума для домашнего аквариума для москвы и области;core_use_geo
купить меристемные растения для аквариума для домашнего аквариума для москвы и области;core_use_geo
заказать меристемные растения для аквариума для домашнего аквариума для москвы и области;core_use_geo
меристемные растения для аквариума для домашнего аквариума для москвы и области цена;core_use_geo
меристемные растения для аквариума для профессионального аквариума;core_use
купить меристемные растения для аквариума для профессионального аквариума;core_use
заказать меристемные растения для аквариума для профессионального аквариума;core_use
где купить меристемные растения для аквариума для профессионального аквариума;core_use
меристемные растения для аквариума для профессионального аквариума цена;core_use
меристемные растения для аквариума для профессионального аквариума отзывы;core_use
как выбрать меристемные растения для аквариума для профессионального аквариума;core_use
как посадить меристемные растения для аквариума для профессионального аквариума;core_use
меристемные растения для аквариума для профессионального аквариума в москве;core_use_geo
купить меристемные растения для аквариума для профессионального аквариума в москве;core_use_geo
заказать меристемные растения для аквариума для профессионального аквариума в москве;core_use_geo
меристемные растения для аквариума для профессионального аквариума в москве цена;core_use_geo
меристемные растения для аквариума для профессионального аквариума по москве;core_use_geo
купить меристемные растения для аквариума для профессионального аквариума по москве;core_use_geo
заказать меристемные растения для аквариума для профессионального аквариума по москве;core_use_geo
меристемные растения для аквариума для профессионального аквариума по москве цена;core_use_geo
меристемные растения для аквариума для профессионального аквариума по московской области;core_use_geo
купить меристемные растения для аквариума для профессионального аквариума по московской области;core_use_geo
заказать меристемные растения для аквариума для профессионального аквариума по московской области;core_use_geo
меристемные растения для аквариума для профессионального аквариума по московской области цена;core_use_geo
меристемные растения для аквариума для профессионального аквариума в москве с доставкой;core_use_geo
купить меристемные растения для аквариума для профессионального аквариума в москве с доставкой;core_use_geo
заказать меристемные растения для аквариума для профессионального аквариума в москве с доставкой;core_use_geo
меристемные растения для аквариума для профессионального аквариума в москве с доставкой цена;core_use_geo
меристемные растения для аквариума для профессионального аквариума по москве с доставкой;core_use_geo
купить меристемные растения для аквариума для профессионального аквариума по москве с доставкой;core_use_geo
заказать меристемные растения для аквариума для профессионального аквариума по москве с доставкой;core_use_geo
меристемные растения для аквариума для профессионального аквариума по москве с доставкой цена;core_use_geo
меристемные растения для аквариума для профессионального аквариума для москвы и области;core_use_geo
купить меристемные растения для аквариума для профессионального аквариума для москвы и области;core_use_geo
заказать меристемные растения для аквариума для профессионального аквариума для москвы и области;core_use_geo
меристемные растения для аквариума для профессионального аквариума для москвы и области цена;core_use_geo
меристемные растения для аквариума для посадки на корягу;core_use
купить меристемные растения для аквариума для посадки на корягу;core_use
заказать меристемные растения для аквариума для посадки на корягу;core_use
где купить меристемные растения для аквариума для посадки на корягу;core_use
меристемные растения для аквариума для посадки на корягу цена;core_use
меристемные растения для аквариума для посадки на корягу отзывы;core_use
как выбрать меристемные растения для аквариума для посадки на корягу;core_use
как посадить меристемные растения для аквариума для посадки на корягу;core_use
меристемные растения для аквариума для посадки на корягу в москве;core_use_geo
купить меристемные растения для аквариума для посадки на корягу в москве;core_use_geo
заказать меристемные растения для аквариума для посадки на корягу в москве;core_use_geo
меристемные растения для аквариума для посадки на корягу в москве цена;core_use_geo
меристемные растения для аквариума для посадки на корягу по москве;core_use_geo
купить меристемные растения для аквариума для посадки на корягу по москве;core_use_geo
заказать меристемные растения для аквариума для посадки на корягу по москве;core_use_geo
меристемные растения для аквариума для посадки на корягу по москве цена;core_use_geo
меристемные растения для аквариума для посадки на корягу по московской области;core_use_geo
купить меристемные растения для аквариума для посадки на корягу по московской области;core_use_geo
заказать меристемные растения для аквариума для посадки на корягу по московской области;core_use_geo
меристемные растения для аквариума для посадки на корягу по московской области цена;core_use_geo
меристемные растения для аквариума для посадки на корягу в москве с доставкой;core_use_geo
купить меристемные растения для аквариума для посадки на корягу в москве с доставкой;core_use_geo
заказать меристемные растения для аквариума для посадки на корягу в москве с доставкой;core_use_geo
меристемные растения для аквариума для посадки на корягу в москве с доставкой цена;core_use_geo
меристемные растения для аквариума для посадки на корягу по москве с доставкой;core_use_geo
купить меристемные растения для аквариума для посадки на корягу по москве с доставкой;core_use_geo
заказать меристемные растения для аквариума для посадки на корягу по москве с доставкой;core_use_geo
меристемные растения для аквариума для посадки на корягу по москве с доставкой цена;core_use_geo
меристемные растения для аквариума для посадки на корягу для москвы и области;core_use_geo
купить меристемные растения для аквариума для посадки на корягу для москвы и области;core_use_geo
заказать меристемные растения для аквариума для посадки на корягу для москвы и области;core_use_geo
меристемные растения для аквариума для посадки на корягу для москвы и области цена;core_use_geo
меристемные растения для аквариума для посадки на камни;core_use
купить меристемные растения для аквариума для посадки на камни;core_use
заказать меристемные растения для аквариума для посадки на камни;core_use
где купить меристемные растения для аквариума для посадки на камни;core_use
меристемные растения для аквариума для посадки на камни цена;core_use
меристемные растения для аквариума для посадки на камни отзывы;core_use
как выбрать меристемные растения для аквариума для посадки на камни;core_use
как посадить меристемные растения для аквариума для посадки на камни;core_use
меристемные растения для аквариума для посадки на камни в москве;core_use_geo
купить меристемные растения для аквариума для посадки на камни в москве;core_use_geo
заказать меристемные растения для аквариума для посадки на камни в москве;core_use_geo
меристемные растения для аквариума для посадки на камни в москве цена;core_use_geo
меристемные растения для аквариума для посадки на камни по москве;core_use_geo
купить меристемные растения для аквариума для посадки на камни по москве;core_use_geo
заказать меристемные растения для аквариума для посадки на камни по москве;core_use_geo
меристемные растения для аквариума для посадки на камни по москве цена;core_use_geo
меристемные растения для аквариума для посадки на камни по московской области;core_use_geo
купить меристемные растения для аквариума для посадки на камни по московской области;core_use_geo
заказать меристемные растения для аквариума для посадки на камни по московской области;core_use_geo
меристемные растения для аквариума для посадки на камни по московской области цена;core_use_geo
меристемные растения для аквариума для посадки на камни в москве с доставкой;core_use_geo
купить меристемные растения для аквариума для посадки на камни в москве с доставкой;core_use_geo
заказать меристемные растения для аквариума для посадки на камни в москве с доставкой;core_use_geo
меристемные растения для аквариума для посадки на камни в москве с доставкой цена;core_use_geo
меристемные растения для аквариума для посадки на камни по москве с доставкой;core_use_geo
купить меристемные растения для аквариума для посадки на камни по москве с доставкой;core_use_geo
заказать меристемные растения для аквариума для посадки на камни по москве с доставкой;core_use_geo
меристемные растения для аквариума для посадки на камни по москве с доставкой цена;core_use_geo
меристемные растения для аквариума для посадки на камни для москвы и области;core_use_geo
купить меристемные растения для аквариума для посадки на камни для москвы и области;core_use_geo
заказать меристемные растения для аквариума для посадки на камни для москвы и области;core_use_geo
меристемные растения для аквариума для посадки на камни для москвы и области цена;core_use_geo
меристемные растения для аквариума без улиток;core_benefit
купить меристемные растения для аквариума без улиток;core_benefit
заказать меристемные растения для аквариума без улиток;core_benefit
меристемные растения для аквариума без улиток цена;core_benefit
меристемные растения для аквариума без улиток отзывы;core_benefit
как выбрать меристемные растения для аквариума без улиток;core_benefit
меристемные растения для аквариума без улиток в москве;core_benefit_geo
купить меристемные растения для аквариума без улиток в москве;core_benefit_geo
меристемные растения для аквариума без улиток в москве цена;core_benefit_geo
меристемные растения для аквариума без улиток по москве;core_benefit_geo
купить меристемные растения для аквариума без улиток по москве;core_benefit_geo
меристемные растения для аквариума без улиток по москве цена;core_benefit_geo
меристемные растения для аквариума без улиток по московской области;core_benefit_geo
купить меристемные растения для аквариума без улиток по московской области;core_benefit_geo
меристемные растения для аквариума без улиток по московской области цена;core_benefit_geo
меристемные растения для аквариума без улиток в москве с доставкой;core_benefit_geo
купить меристемные растения для аквариума без улиток в москве с доставкой;core_benefit_geo
меристемные растения для аквариума без улиток в москве с доставкой цена;core_benefit_geo
меристемные растения для аквариума без улиток по москве с доставкой;core_benefit_geo
купить меристемные растения для аквариума без улиток по москве с доставкой;core_benefit_geo
меристемные растения для аквариума без улиток по москве с доставкой цена;core_benefit_geo
меристемные растения для аквариума без улиток для москвы и области;core_benefit_geo
купить меристемные растения для аквариума без улиток для москвы и области;core_benefit_geo
меристемные растения для аквариума без улиток для москвы и области цена;core_benefit_geo
меристемные растения для аквариума без водорослей;core_benefit
купить меристемные растения для аквариума без водорослей;core_benefit
заказать меристемные растения для аквариума без водорослей;core_benefit
меристемные растения для аквариума без водорослей цена;core_benefit
меристемные растения для аквариума без водорослей отзывы;core_benefit
как выбрать меристемные растения для аквариума без водорослей;core_benefit
меристемные растения для аквариума без водорослей в москве;core_benefit_geo
купить меристемные растения для аквариума без водорослей в москве;core_benefit_geo
меристемные растения для аквариума без водорослей в москве цена;core_benefit_geo
меристемные растения для аквариума без водорослей по москве;core_benefit_geo
купить меристемные растения для аквариума без водорослей по москве;core_benefit_geo
меристемные растения для аквариума без водорослей по москве цена;core_benefit_geo
меристемные растения для аквариума без водорослей по московской области;core_benefit_geo
купить меристемные растения для аквариума без водорослей по московской области;core_benefit_geo
меристемные растения для аквариума без водорослей по московской области цена;core_benefit_geo
меристемные растения для аквариума без водорослей в москве с доставкой;core_benefit_geo
купить меристемные растения для аквариума без водорослей в москве с доставкой;core_benefit_geo
меристемные растения для аквариума без водорослей в москве с доставкой цена;core_benefit_geo
меристемные растения для аквариума без водорослей по москве с доставкой;core_benefit_geo
купить меристемные растения для аквариума без водорослей по москве с доставкой;core_benefit_geo
меристемные растения для аквариума без водорослей по москве с доставкой цена;core_benefit_geo
меристемные растения для аквариума без водорослей для москвы и области;core_benefit_geo
купить меристемные растения для аквариума без водорослей для москвы и области;core_benefit_geo
меристемные растения для аквариума без водорослей для москвы и области цена;core_benefit_geo
меристемные растения для аквариума стерильные;core_benefit
купить меристемные растения для аквариума стерильные;core_benefit
заказать меристемные растения для аквариума стерильные;core_benefit
меристемные растения для аквариума стерильные цена;core_benefit
меристемные растения для аквариума стерильные отзывы;core_benefit
как выбрать меристемные растения для аквариума стерильные;core_benefit
меристемные растения для аквариума стерильные в москве;core_benefit_geo
купить меристемные растения для аквариума стерильные в москве;core_benefit_geo
меристемные растения для аквариума стерильные в москве цена;core_benefit_geo
меристемные растения для аквариума стерильные по москве;core_benefit_geo
купить меристемные растения для аквариума стерильные по москве;core_benefit_geo
меристемные растения для аквариума стерильные по москве цена;core_benefit_geo
меристемные растения для аквариума стерильные по московской области;core_benefit_geo
купить меристемные растения для аквариума стерильные по московской области;core_benefit_geo
меристемные растения для аквариума стерильные по московской области цена;core_benefit_geo
меристемные растения для аквариума стерильные в москве с доставкой;core_benefit_geo
купить меристемные растения для аквариума стерильные в москве с доставкой;core_benefit_geo
меристемные растения для аквариума стерильные в москве с доставкой цена;core_benefit_geo
меристемные растения для аквариума стерильные по москве с доставкой;core_benefit_geo
купить меристемные растения для аквариума стерильные по москве с доставкой;core_benefit_geo
меристемные растения для аквариума стерильные по москве с доставкой цена;core_benefit_geo
меристемные растения для аквариума стерильные для москвы и области;core_benefit_geo
купить меристемные растения для аквариума стерильные для москвы и области;core_benefit_geo
меристемные растения для аквариума стерильные для москвы и области цена;core_benefit_geo
меристемные растения для аквариума in vitro;core_benefit
купить меристемные растения для аквариума in vitro;core_benefit
заказать меристемные растения для аквариума in vitro;core_benefit
меристемные растения для аквариума in vitro цена;core_benefit
меристемные растения для аквариума in vitro отзывы;core_benefit
как выбрать меристемные растения для аквариума in vitro;core_benefit
меристемные растения для аквариума in vitro в москве;core_benefit_geo
купить меристемные растения для аквариума in vitro в москве;core_benefit_geo
меристемные растения для аквариума in vitro в москве цена;core_benefit_geo
меристемные растения для аквариума in vitro по москве;core_benefit_geo
купить меристемные растения для аквариума in vitro по москве;core_benefit_geo
меристемные растения для аквариума in vitro по москве цена;core_benefit_geo
меристемные растения для аквариума in vitro по московской области;core_benefit_geo
купить меристемные растения для аквариума in vitro по московской области;core_benefit_geo
меристемные растения для аквариума in vitro по московской области цена;core_benefit_geo
меристемные растения для аквариума in vitro в москве с доставкой;core_benefit_geo
купить меристемные растения для аквариума in vitro в москве с доставкой;core_benefit_geo
меристемные растения для аквариума in vitro в москве с доставкой цена;core_benefit_geo
меристемные растения для аквариума in vitro по москве с доставкой;core_benefit_geo
купить меристемные растения для аквариума in vitro по москве с доставкой;core_benefit_geo
меристемные растения для аквариума in vitro по москве с доставкой цена;core_benefit_geo
меристемные растения для аквариума in vitro для москвы и области;core_benefit_geo
купить меристемные растения для аквариума in vitro для москвы и области;core_benefit_geo
меристемные растения для аквариума in vitro для москвы и области цена;core_benefit_geo
меристемные растения для аквариума в баночке;core_benefit
купить меристемные растения для аквариума в баночке;core_benefit
заказать меристемные растения для аквариума в баночке;core_benefit
меристемные растения для аквариума в баночке цена;core_benefit
меристемные растения для аквариума в баночке отзывы;core_benefit
как выбрать меристемные растения для аквариума в баночке;core_benefit
меристемные растения для аквариума в баночке в москве;core_benefit_geo
купить меристемные растения для аквариума в баночке в москве;core_benefit_geo
меристемные растения для аквариума в баночке в москве цена;core_benefit_geo
меристемные растения для аквариума в баночке по москве;core_benefit_geo
купить меристемные растения для аквариума в баночке по москве;core_benefit_geo
меристемные растения для аквариума в баночке по москве цена;core_benefit_geo
меристемные растения для аквариума в баночке по московской области;core_benefit_geo
купить меристемные растения для аквариума в баночке по московской области;core_benefit_geo
меристемные растения для аквариума в баночке по московской области цена;core_benefit_geo
меристемные растения для аквариума в баночке в москве с доставкой;core_benefit_geo
купить меристемные растения для аквариума в баночке в москве с доставкой;core_benefit_geo
меристемные растения для аквариума в баночке в москве с доставкой цена;core_benefit_geo
меристемные растения для аквариума в баночке по москве с доставкой;core_benefit_geo
купить меристемные растения для аквариума в баночке по москве с доставкой;core_benefit_geo
меристемные растения для аквариума в баночке по москве с доставкой цена;core_benefit_geo
меристемные растения для аквариума в баночке для москвы и области;core_benefit_geo
купить меристемные растения для аквариума в баночке для москвы и области;core_benefit_geo
меристемные растения для аквариума в баночке для москвы и области цена;core_benefit_geo
меристемные растения для аквариума в контейнере;core_benefit
купить меристемные растения для аквариума в контейнере;core_benefit
заказать меристемные растения для аквариума в контейнере;core_benefit
меристемные растения для аквариума в контейнере цена;core_benefit
меристемные растения для аквариума в контейнере отзывы;core_benefit
как выбрать меристемные растения для аквариума в контейнере;core_benefit
меристемные растения для аквариума в контейнере в москве;core_benefit_geo
купить меристемные растения для аквариума в контейнере в москве;core_benefit_geo
меристемные растения для аквариума в контейнере в москве цена;core_benefit_geo
меристемные растения для аквариума в контейнере по москве;core_benefit_geo
купить меристемные растения для аквариума в контейнере по москве;core_benefit_geo
меристемные растения для аквариума в контейнере по москве цена;core_benefit_geo
меристемные растения для аквариума в контейнере по московской области;core_benefit_geo
купить меристемные растения для аквариума в контейнере по московской области;core_benefit_geo
меристемные растения для аквариума в контейнере по московской области цена;core_benefit_geo
меристемные растения для аквариума в контейнере в москве с доставкой;core_benefit_geo
купить меристемные растения для аквариума в контейнере в москве с доставкой;core_benefit_geo
меристемные растения для аквариума в контейнере в москве с доставкой цена;core_benefit_geo
меристемные растения для аквариума в контейнере по москве с доставкой;core_benefit_geo
купить меристемные растения для аквариума в контейнере по москве с доставкой;core_benefit_geo
меристемные растения для аквариума в контейнере по москве с доставкой цена;core_benefit_geo
меристемные растения для аквариума в контейнере для москвы и области;core_benefit_geo
купить меристемные растения для аквариума в контейнере для москвы и области;core_benefit_geo
меристемные растения для аквариума в контейнере для москвы и области цена;core_benefit_geo
меристемные растения для аквариума с чистым стартом;core_benefit
купить меристемные растения для аквариума с чистым стартом;core_benefit
заказать меристемные растения для аквариума с чистым стартом;core_benefit
меристемные растения для аквариума с чистым стартом цена;core_benefit
меристемные растения для аквариума с чистым стартом отзывы;core_benefit
как выбрать меристемные растения для аквариума с чистым стартом;core_benefit
меристемные растения для аквариума с чистым стартом в москве;core_benefit_geo
купить меристемные растения для аквариума с чистым стартом в москве;core_benefit_geo
меристемные растения для аквариума с чистым стартом в москве цена;core_benefit_geo
меристемные растения для аквариума с чистым стартом по москве;core_benefit_geo
купить меристемные растения для аквариума с чистым стартом по москве;core_benefit_geo
меристемные растения для аквариума с чистым стартом по москве цена;core_benefit_geo
меристемные растения для аквариума с чистым стартом по московской области;core_benefit_geo
купить меристемные растения для аквариума с чистым стартом по московской области;core_benefit_geo
меристемные растения для аквариума с чистым стартом по московской области цена;core_benefit_geo
меристемные растения для аквариума с чистым стартом в москве с доставкой;core_benefit_geo
купить меристемные растения для аквариума с чистым стартом в москве с доставкой;core_benefit_geo
меристемные растения для аквариума с чистым стартом в москве с доставкой цена;core_benefit_geo
меристемные растения для аквариума с чистым стартом по москве с доставкой;core_benefit_geo
купить меристемные растения для аквариума с чистым стартом по москве с доставкой;core_benefit_geo
меристемные растения для аквариума с чистым стартом по москве с доставкой цена;core_benefit_geo
меристемные растения для аквариума с чистым стартом для москвы и области;core_benefit_geo
купить меристемные растения для аквариума с чистым стартом для москвы и области;core_benefit_geo
меристемные растения для аквариума с чистым стартом для москвы и области цена;core_benefit_geo
меристемные растения для аквариума для быстрой посадки;core_benefit
купить меристемные растения для аквариума для быстрой посадки;core_benefit
заказать меристемные растения для аквариума для быстрой посадки;core_benefit
меристемные растения для аквариума для быстрой посадки цена;core_benefit
меристемные растения для аквариума для быстрой посадки отзывы;core_benefit
как выбрать меристемные растения для аквариума для быстрой посадки;core_benefit
меристемные растения для аквариума для быстрой посадки в москве;core_benefit_geo
купить меристемные растения для аквариума для быстрой посадки в москве;core_benefit_geo
меристемные растения для аквариума для быстрой посадки в москве цена;core_benefit_geo
меристемные растения для аквариума для быстрой посадки по москве;core_benefit_geo
купить меристемные растения для аквариума для быстрой посадки по москве;core_benefit_geo
меристемные растения для аквариума для быстрой посадки по москве цена;core_benefit_geo
меристемные растения для аквариума для быстрой посадки по московской области;core_benefit_geo
купить меристемные растения для аквариума для быстрой посадки по московской области;core_benefit_geo
меристемные растения для аквариума для быстрой посадки по московской области цена;core_benefit_geo
меристемные растения для аквариума для быстрой посадки в москве с доставкой;core_benefit_geo
купить меристемные растения для аквариума для быстрой посадки в москве с доставкой;core_benefit_geo
меристемные растения для аквариума для быстрой посадки в москве с доставкой цена;core_benefit_geo
меристемные растения для аквариума для быстрой посадки по москве с доставкой;core_benefit_geo
купить меристемные растения для аквариума для быстрой посадки по москве с доставкой;core_benefit_geo
меристемные растения для аквариума для быстрой посадки по москве с доставкой цена;core_benefit_geo
меристемные растения для аквариума для быстрой посадки для москвы и области;core_benefit_geo
купить меристемные растения для аквариума для быстрой посадки для москвы и области;core_benefit_geo
меристемные растения для аквариума для быстрой посадки для москвы и области цена;core_benefit_geo
меристемные растения для аквариума для аккуратной посадки;core_benefit
купить меристемные растения для аквариума для аккуратной посадки;core_benefit
заказать меристемные растения для аквариума для аккуратной посадки;core_benefit
меристемные растения для аквариума для аккуратной посадки цена;core_benefit
меристемные растения для аквариума для аккуратной посадки отзывы;core_benefit
как выбрать меристемные растения для аквариума для аккуратной посадки;core_benefit
меристемные растения для аквариума для аккуратной посадки в москве;core_benefit_geo
купить меристемные растения для аквариума для аккуратной посадки в москве;core_benefit_geo
меристемные растения для аквариума для аккуратной посадки в москве цена;core_benefit_geo
меристемные растения для аквариума для аккуратной посадки по москве;core_benefit_geo
купить меристемные растения для аквариума для аккуратной посадки по москве;core_benefit_geo
меристемные растения для аквариума для аккуратной посадки по москве цена;core_benefit_geo
меристемные растения для аквариума для аккуратной посадки по московской области;core_benefit_geo
купить меристемные растения для аквариума для аккуратной посадки по московской области;core_benefit_geo
меристемные растения для аквариума для аккуратной посадки по московской области цена;core_benefit_geo
меристемные растения для аквариума для аккуратной посадки в москве с доставкой;core_benefit_geo
купить меристемные растения для аквариума для аккуратной посадки в москве с доставкой;core_benefit_geo
меристемные растения для аквариума для аккуратной посадки в москве с доставкой цена;core_benefit_geo
меристемные растения для аквариума для аккуратной посадки по москве с доставкой;core_benefit_geo
купить меристемные растения для аквариума для аккуратной посадки по москве с доставкой;core_benefit_geo
меристемные растения для аквариума для аккуратной посадки по москве с доставкой цена;core_benefit_geo
меристемные растения для аквариума для аккуратной посадки для москвы и области;core_benefit_geo
купить меристемные растения для аквариума для аккуратной посадки для москвы и области;core_benefit_geo
меристемные растения для аквариума для аккуратной посадки для москвы и области цена;core_benefit_geo
меристемные растения для аквариума для безопасного запуска;core_benefit
купить меристемные растения для аквариума для безопасного запуска;core_benefit
заказать меристемные растения для аквариума для безопасного запуска;core_benefit
меристемные растения для аквариума для безопасного запуска цена;core_benefit
меристемные растения для аквариума для безопасного запуска отзывы;core_benefit
как выбрать меристемные растения для аквариума для безопасного запуска;core_benefit
меристемные растения для аквариума для безопасного запуска в москве;core_benefit_geo
купить меристемные растения для аквариума для безопасного запуска в москве;core_benefit_geo
меристемные растения для аквариума для безопасного запуска в москве цена;core_benefit_geo
меристемные растения для аквариума для безопасного запуска по москве;core_benefit_geo
купить меристемные растения для аквариума для безопасного запуска по москве;core_benefit_geo
меристемные растения для аквариума для безопасного запуска по москве цена;core_benefit_geo
меристемные растения для аквариума для безопасного запуска по московской области;core_benefit_geo
купить меристемные растения для аквариума для безопасного запуска по московской области;core_benefit_geo
меристемные растения для аквариума для безопасного запуска по московской области цена;core_benefit_geo
меристемные растения для аквариума для безопасного запуска в москве с доставкой;core_benefit_geo
купить меристемные растения для аквариума для безопасного запуска в москве с доставкой;core_benefit_geo
меристемные растения для аквариума для безопасного запуска в москве с доставкой цена;core_benefit_geo
меристемные растения для аквариума для безопасного запуска по москве с доставкой;core_benefit_geo
купить меристемные растения для аквариума для безопасного запуска по москве с доставкой;core_benefit_geo
меристемные растения для аквариума для безопасного запуска по москве с доставкой цена;core_benefit_geo
меристемные растения для аквариума для безопасного запуска для москвы и области;core_benefit_geo
купить меристемные растения для аквариума для безопасного запуска для москвы и области;core_benefit_geo
меристемные растения для аквариума для безопасного запуска для москвы и области цена;core_benefit_geo
меристемные растения для аквариума для плотного ковра;core_benefit
купить меристемные растения для аквариума для плотного ковра;core_benefit
заказать меристемные растения для аквариума для плотного ковра;core_benefit
меристемные растения для аквариума для плотного ковра цена;core_benefit
меристемные растения для аквариума для плотного ковра отзывы;core_benefit
как выбрать меристемные растения для аквариума для плотного ковра;core_benefit
меристемные растения для аквариума для плотного ковра в москве;core_benefit_geo
купить меристемные растения для аквариума для плотного ковра в москве;core_benefit_geo
меристемные растения для аквариума для плотного ковра в москве цена;core_benefit_geo
меристемные растения для аквариума для плотного ковра по москве;core_benefit_geo
купить меристемные растения для аквариума для плотного ковра по москве;core_benefit_geo
меристемные растения для аквариума для плотного ковра по москве цена;core_benefit_geo
меристемные растения для аквариума для плотного ковра по московской области;core_benefit_geo
купить меристемные растения для аквариума для плотного ковра по московской области;core_benefit_geo
меристемные растения для аквариума для плотного ковра по московской области цена;core_benefit_geo
меристемные растения для аквариума для плотного ковра в москве с доставкой;core_benefit_geo
купить меристемные растения для аквариума для плотного ковра в москве с доставкой;core_benefit_geo
меристемные растения для аквариума для плотного ковра в москве с доставкой цена;core_benefit_geo
меристемные растения для аквариума для плотного ковра по москве с доставкой;core_benefit_geo
купить меристемные растения для аквариума для плотного ковра по москве с доставкой;core_benefit_geo
меристемные растения для аквариума для плотного ковра по москве с доставкой цена;core_benefit_geo
меристемные растения для аквариума для плотного ковра для москвы и области;core_benefit_geo
купить меристемные растения для аквариума для плотного ковра для москвы и области;core_benefit_geo
меристемные растения для аквариума для плотного ковра для москвы и области цена;core_benefit_geo
меристемные растения для аквариума для яркого акцента;core_benefit
купить меристемные растения для аквариума для яркого акцента;core_benefit
заказать меристемные растения для аквариума для яркого акцента;core_benefit
меристемные растения для аквариума для яркого акцента цена;core_benefit
меристемные растения для аквариума для яркого акцента отзывы;core_benefit
как выбрать меристемные растения для аквариума для яркого акцента;core_benefit
меристемные растения для аквариума для яркого акцента в москве;core_benefit_geo
купить меристемные растения для аквариума для яркого акцента в москве;core_benefit_geo
меристемные растения для аквариума для яркого акцента в москве цена;core_benefit_geo
меристемные растения для аквариума для яркого акцента по москве;core_benefit_geo
купить меристемные растения для аквариума для яркого акцента по москве;core_benefit_geo
меристемные растения для аквариума для яркого акцента по москве цена;core_benefit_geo
меристемные растения для аквариума для яркого акцента по московской области;core_benefit_geo
купить меристемные растения для аквариума для яркого акцента по московской области;core_benefit_geo
меристемные растения для аквариума для яркого акцента по московской области цена;core_benefit_geo
меристемные растения для аквариума для яркого акцента в москве с доставкой;core_benefit_geo
купить меристемные растения для аквариума для яркого акцента в москве с доставкой;core_benefit_geo
меристемные растения для аквариума для яркого акцента в москве с доставкой цена;core_benefit_geo
меристемные растения для аквариума для яркого акцента по москве с доставкой;core_benefit_geo
купить меристемные растения для аквариума для яркого акцента по москве с доставкой;core_benefit_geo
меристемные растения для аквариума для яркого акцента по москве с доставкой цена;core_benefit_geo
меристемные растения для аквариума для яркого акцента для москвы и области;core_benefit_geo
купить меристемные растения для аквариума для яркого акцента для москвы и области;core_benefit_geo
меристемные растения для аквариума для яркого акцента для москвы и области цена;core_benefit_geo
меристемные растения для аквариума для аквариума 20 литров;core_volume
купить меристемные растения для аквариума для аквариума 20 литров;core_volume
заказать меристемные растения для аквариума для аквариума 20 литров;core_volume
меристемные растения для аквариума для аквариума 20 литров цена;core_volume
как выбрать меристемные растения для аквариума для аквариума 20 литров;core_volume
меристемные растения для аквариума для аквариума 30 литров;core_volume
купить меристемные растения для аквариума для аквариума 30 литров;core_volume
заказать меристемные растения для аквариума для аквариума 30 литров;core_volume
меристемные растения для аквариума для аквариума 30 литров цена;core_volume
как выбрать меристемные растения для аквариума для аквариума 30 литров;core_volume
меристемные растения для аквариума для аквариума 40 литров;core_volume
купить меристемные растения для аквариума для аквариума 40 литров;core_volume
заказать меристемные растения для аквариума для аквариума 40 литров;core_volume
меристемные растения для аквариума для аквариума 40 литров цена;core_volume
как выбрать меристемные растения для аквариума для аквариума 40 литров;core_volume
меристемные растения для аквариума для аквариума 50 литров;core_volume
купить меристемные растения для аквариума для аквариума 50 литров;core_volume
заказать меристемные растения для аквариума для аквариума 50 литров;core_volume
меристемные растения для аквариума для аквариума 50 литров цена;core_volume
как выбрать меристемные растения для аквариума для аквариума 50 литров;core_volume
меристемные растения для аквариума для аквариума 60 литров;core_volume
купить меристемные растения для аквариума для аквариума 60 литров;core_volume
заказать меристемные растения для аквариума для аквариума 60 литров;core_volume
меристемные растения для аквариума для аквариума 60 литров цена;core_volume
как выбрать меристемные растения для аквариума для аквариума 60 литров;core_volume
меристемные растения для аквариума для аквариума 80 литров;core_volume
купить меристемные растения для аквариума для аквариума 80 литров;core_volume
заказать меристемные растения для аквариума для аквариума 80 литров;core_volume
меристемные растения для аквариума для аквариума 80 литров цена;core_volume
как выбрать меристемные растения для аквариума для аквариума 80 литров;core_volume
меристемные растения для аквариума для аквариума 100 литров;core_volume
купить меристемные растения для аквариума для аквариума 100 литров;core_volume
заказать меристемные растения для аквариума для аквариума 100 литров;core_volume
меристемные растения для аквариума для аквариума 100 литров цена;core_volume
как выбрать меристемные растения для аквариума для аквариума 100 литров;core_volume
меристемные растения для аквариума для аквариума 120 литров;core_volume
купить меристемные растения для аквариума для аквариума 120 литров;core_volume
заказать меристемные растения для аквариума для аквариума 120 литров;core_volume
меристемные растения для аквариума для аквариума 120 литров цена;core_volume
как выбрать меристемные растения для аквариума для аквариума 120 литров;core_volume
меристемные растения для аквариума для аквариума 200 литров;core_volume
купить меристемные растения для аквариума для аквариума 200 литров;core_volume
заказать меристемные растения для аквариума для аквариума 200 литров;core_volume
меристемные растения для аквариума для аквариума 200 литров цена;core_volume
как выбрать меристемные растения для аквариума для аквариума 200 литров;core_volume
купить микроклон аквариумных растений;core_commercial
заказать микроклон аквариумных растений;core_commercial
где купить микроклон аквариумных растений;core_commercial
где заказать микроклон аквариумных растений;core_commercial
микроклон аквариумных растений цена;core_commercial
микроклон аквариумных растений цены;core_commercial
микроклон аквариумных растений стоимость;core_commercial
микроклон аквариумных растений прайс;core_commercial
микроклон аквариумных растений наличие;core_commercial
микроклон аквариумных растений каталог;core_commercial
микроклон аквариумных растений отзывы;core_commercial
микроклон аквариумных растений доставка;core_commercial
микроклон аквариумных растений в наличии;core_commercial
как выбрать микроклон аквариумных растений;core_info
как заказать микроклон аквариумных растений;core_info
как купить микроклон аквариумных растений;core_info
как посадить микроклон аквариумных растений;core_info
как сажать микроклон аквариумных растений;core_info
микроклон аквариумных растений для начинающих;core_info
микроклон аквариумных растений для чистого запуска;core_info
микроклон аквариумных растений что выбрать;core_info
микроклон аквариумных растений как оформить заказ;core_info
микроклон аквариумных растений для красивого аквариума;core_info
микроклон аквариумных растений для здорового аквариума;core_info
микроклон аквариумных растений в москве;core_geo
купить микроклон аквариумных растений в москве;core_geo
заказать микроклон аквариумных растений в москве;core_geo
где купить микроклон аквариумных растений в москве;core_geo
микроклон аквариумных растений в москве цена;core_geo
микроклон аквариумных растений в москве наличие;core_geo
микроклон аквариумных растений по москве;core_geo
купить микроклон аквариумных растений по москве;core_geo
заказать микроклон аквариумных растений по москве;core_geo
где купить микроклон аквариумных растений по москве;core_geo
микроклон аквариумных растений по москве цена;core_geo
микроклон аквариумных растений по москве наличие;core_geo
микроклон аквариумных растений по московской области;core_geo
купить микроклон аквариумных растений по московской области;core_geo
заказать микроклон аквариумных растений по московской области;core_geo
где купить микроклон аквариумных растений по московской области;core_geo
микроклон аквариумных растений по московской области цена;core_geo
микроклон аквариумных растений по московской области наличие;core_geo
микроклон аквариумных растений в москве с доставкой;core_geo
купить микроклон аквариумных растений в москве с доставкой;core_geo
заказать микроклон аквариумных растений в москве с доставкой;core_geo
где купить микроклон аквариумных растений в москве с доставкой;core_geo
микроклон аквариумных растений в москве с доставкой цена;core_geo
микроклон аквариумных растений в москве с доставкой наличие;core_geo
микроклон аквариумных растений по москве с доставкой;core_geo
купить микроклон аквариумных растений по москве с доставкой;core_geo
заказать микроклон аквариумных растений по москве с доставкой;core_geo
где купить микроклон аквариумных растений по москве с доставкой;core_geo
микроклон аквариумных растений по москве с доставкой цена;core_geo
микроклон аквариумных растений по москве с доставкой наличие;core_geo
микроклон аквариумных растений для москвы и области;core_geo
купить микроклон аквариумных растений для москвы и области;core_geo
заказать микроклон аквариумных растений для москвы и области;core_geo
где купить микроклон аквариумных растений для москвы и области;core_geo
микроклон аквариумных растений для москвы и области цена;core_geo
микроклон аквариумных растений для москвы и области наличие;core_geo
микроклон аквариумных растений для акваскейпа;core_use
купить микроклон аквариумных растений для акваскейпа;core_use
заказать микроклон аквариумных растений для акваскейпа;core_use
где купить микроклон аквариумных растений для акваскейпа;core_use
микроклон аквариумных растений для акваскейпа цена;core_use
микроклон аквариумных растений для акваскейпа отзывы;core_use
как выбрать микроклон аквариумных растений для акваскейпа;core_use
как посадить микроклон аквариумных растений для акваскейпа;core_use
микроклон аквариумных растений для акваскейпа в москве;core_use_geo
купить микроклон аквариумных растений для акваскейпа в москве;core_use_geo
заказать микроклон аквариумных растений для акваскейпа в москве;core_use_geo
микроклон аквариумных растений для акваскейпа в москве цена;core_use_geo
микроклон аквариумных растений для акваскейпа по москве;core_use_geo
купить микроклон аквариумных растений для акваскейпа по москве;core_use_geo
заказать микроклон аквариумных растений для акваскейпа по москве;core_use_geo
микроклон аквариумных растений для акваскейпа по москве цена;core_use_geo
микроклон аквариумных растений для акваскейпа по московской области;core_use_geo
купить микроклон аквариумных растений для акваскейпа по московской области;core_use_geo
заказать микроклон аквариумных растений для акваскейпа по московской области;core_use_geo
микроклон аквариумных растений для акваскейпа по московской области цена;core_use_geo
микроклон аквариумных растений для акваскейпа в москве с доставкой;core_use_geo
купить микроклон аквариумных растений для акваскейпа в москве с доставкой;core_use_geo
заказать микроклон аквариумных растений для акваскейпа в москве с доставкой;core_use_geo
микроклон аквариумных растений для акваскейпа в москве с доставкой цена;core_use_geo
микроклон аквариумных растений для акваскейпа по москве с доставкой;core_use_geo
купить микроклон аквариумных растений для акваскейпа по москве с доставкой;core_use_geo
заказать микроклон аквариумных растений для акваскейпа по москве с доставкой;core_use_geo
микроклон аквариумных растений для акваскейпа по москве с доставкой цена;core_use_geo
микроклон аквариумных растений для акваскейпа для москвы и области;core_use_geo
купить микроклон аквариумных растений для акваскейпа для москвы и области;core_use_geo
заказать микроклон аквариумных растений для акваскейпа для москвы и области;core_use_geo
микроклон аквариумных растений для акваскейпа для москвы и области цена;core_use_geo
микроклон аквариумных растений для травника;core_use
купить микроклон аквариумных растений для травника;core_use
заказать микроклон аквариумных растений для травника;core_use
где купить микроклон аквариумных растений для травника;core_use
микроклон аквариумных растений для травника цена;core_use
микроклон аквариумных растений для травника отзывы;core_use
как выбрать микроклон аквариумных растений для травника;core_use
как посадить микроклон аквариумных растений для травника;core_use
микроклон аквариумных растений для травника в москве;core_use_geo
купить микроклон аквариумных растений для травника в москве;core_use_geo
заказать микроклон аквариумных растений для травника в москве;core_use_geo
микроклон аквариумных растений для травника в москве цена;core_use_geo
микроклон аквариумных растений для травника по москве;core_use_geo
купить микроклон аквариумных растений для травника по москве;core_use_geo
заказать микроклон аквариумных растений для травника по москве;core_use_geo
микроклон аквариумных растений для травника по москве цена;core_use_geo
микроклон аквариумных растений для травника по московской области;core_use_geo
купить микроклон аквариумных растений для травника по московской области;core_use_geo
заказать микроклон аквариумных растений для травника по московской области;core_use_geo
микроклон аквариумных растений для травника по московской области цена;core_use_geo
микроклон аквариумных растений для травника в москве с доставкой;core_use_geo
купить микроклон аквариумных растений для травника в москве с доставкой;core_use_geo
заказать микроклон аквариумных растений для травника в москве с доставкой;core_use_geo
микроклон аквариумных растений для травника в москве с доставкой цена;core_use_geo
микроклон аквариумных растений для травника по москве с доставкой;core_use_geo
купить микроклон аквариумных растений для травника по москве с доставкой;core_use_geo
заказать микроклон аквариумных растений для травника по москве с доставкой;core_use_geo
микроклон аквариумных растений для травника по москве с доставкой цена;core_use_geo
микроклон аквариумных растений для травника для москвы и области;core_use_geo
купить микроклон аквариумных растений для травника для москвы и области;core_use_geo
заказать микроклон аквариумных растений для травника для москвы и области;core_use_geo
микроклон аквариумных растений для травника для москвы и области цена;core_use_geo
микроклон аквариумных растений для запуска аквариума;core_use
купить микроклон аквариумных растений для запуска аквариума;core_use
заказать микроклон аквариумных растений для запуска аквариума;core_use
где купить микроклон аквариумных растений для запуска аквариума;core_use
микроклон аквариумных растений для запуска аквариума цена;core_use
микроклон аквариумных растений для запуска аквариума отзывы;core_use
как выбрать микроклон аквариумных растений для запуска аквариума;core_use
как посадить микроклон аквариумных растений для запуска аквариума;core_use
микроклон аквариумных растений для запуска аквариума в москве;core_use_geo
купить микроклон аквариумных растений для запуска аквариума в москве;core_use_geo
заказать микроклон аквариумных растений для запуска аквариума в москве;core_use_geo
микроклон аквариумных растений для запуска аквариума в москве цена;core_use_geo
микроклон аквариумных растений для запуска аквариума по москве;core_use_geo
купить микроклон аквариумных растений для запуска аквариума по москве;core_use_geo
заказать микроклон аквариумных растений для запуска аквариума по москве;core_use_geo
микроклон аквариумных растений для запуска аквариума по москве цена;core_use_geo
микроклон аквариумных растений для запуска аквариума по московской области;core_use_geo
купить микроклон аквариумных растений для запуска аквариума по московской области;core_use_geo
заказать микроклон аквариумных растений для запуска аквариума по московской области;core_use_geo
микроклон аквариумных растений для запуска аквариума по московской области цена;core_use_geo
микроклон аквариумных растений для запуска аквариума в москве с доставкой;core_use_geo
купить микроклон аквариумных растений для запуска аквариума в москве с доставкой;core_use_geo
заказать микроклон аквариумных растений для запуска аквариума в москве с доставкой;core_use_geo
микроклон аквариумных растений для запуска аквариума в москве с доставкой цена;core_use_geo
микроклон аквариумных растений для запуска аквариума по москве с доставкой;core_use_geo
купить микроклон аквариумных растений для запуска аквариума по москве с доставкой;core_use_geo
заказать микроклон аквариумных растений для запуска аквариума по москве с доставкой;core_use_geo
микроклон аквариумных растений для запуска аквариума по москве с доставкой цена;core_use_geo
микроклон аквариумных растений для запуска аквариума для москвы и области;core_use_geo
купить микроклон аквариумных растений для запуска аквариума для москвы и области;core_use_geo
заказать микроклон аквариумных растений для запуска аквариума для москвы и области;core_use_geo
микроклон аквариумных растений для запуска аквариума для москвы и области цена;core_use_geo
микроклон аквариумных растений для нового аквариума;core_use
купить микроклон аквариумных растений для нового аквариума;core_use
заказать микроклон аквариумных растений для нового аквариума;core_use
где купить микроклон аквариумных растений для нового аквариума;core_use
микроклон аквариумных растений для нового аквариума цена;core_use
микроклон аквариумных растений для нового аквариума отзывы;core_use
как выбрать микроклон аквариумных растений для нового аквариума;core_use
как посадить микроклон аквариумных растений для нового аквариума;core_use
микроклон аквариумных растений для нового аквариума в москве;core_use_geo
купить микроклон аквариумных растений для нового аквариума в москве;core_use_geo
заказать микроклон аквариумных растений для нового аквариума в москве;core_use_geo
микроклон аквариумных растений для нового аквариума в москве цена;core_use_geo
микроклон аквариумных растений для нового аквариума по москве;core_use_geo
купить микроклон аквариумных растений для нового аквариума по москве;core_use_geo
заказать микроклон аквариумных растений для нового аквариума по москве;core_use_geo
микроклон аквариумных растений для нового аквариума по москве цена;core_use_geo
микроклон аквариумных растений для нового аквариума по московской области;core_use_geo
купить микроклон аквариумных растений для нового аквариума по московской области;core_use_geo
заказать микроклон аквариумных растений для нового аквариума по московской области;core_use_geo
микроклон аквариумных растений для нового аквариума по московской области цена;core_use_geo
микроклон аквариумных растений для нового аквариума в москве с доставкой;core_use_geo
купить микроклон аквариумных растений для нового аквариума в москве с доставкой;core_use_geo
заказать микроклон аквариумных растений для нового аквариума в москве с доставкой;core_use_geo
микроклон аквариумных растений для нового аквариума в москве с доставкой цена;core_use_geo
микроклон аквариумных растений для нового аквариума по москве с доставкой;core_use_geo
купить микроклон аквариумных растений для нового аквариума по москве с доставкой;core_use_geo
заказать микроклон аквариумных растений для нового аквариума по москве с доставкой;core_use_geo
микроклон аквариумных растений для нового аквариума по москве с доставкой цена;core_use_geo
микроклон аквариумных растений для нового аквариума для москвы и области;core_use_geo
купить микроклон аквариумных растений для нового аквариума для москвы и области;core_use_geo
заказать микроклон аквариумных растений для нового аквариума для москвы и области;core_use_geo
микроклон аквариумных растений для нового аквариума для москвы и области цена;core_use_geo
микроклон аквариумных растений для переднего плана;core_use
купить микроклон аквариумных растений для переднего плана;core_use
заказать микроклон аквариумных растений для переднего плана;core_use
где купить микроклон аквариумных растений для переднего плана;core_use
микроклон аквариумных растений для переднего плана цена;core_use
микроклон аквариумных растений для переднего плана отзывы;core_use
как выбрать микроклон аквариумных растений для переднего плана;core_use
как посадить микроклон аквариумных растений для переднего плана;core_use
микроклон аквариумных растений для переднего плана в москве;core_use_geo
купить микроклон аквариумных растений для переднего плана в москве;core_use_geo
заказать микроклон аквариумных растений для переднего плана в москве;core_use_geo
микроклон аквариумных растений для переднего плана в москве цена;core_use_geo
микроклон аквариумных растений для переднего плана по москве;core_use_geo
купить микроклон аквариумных растений для переднего плана по москве;core_use_geo
заказать микроклон аквариумных растений для переднего плана по москве;core_use_geo
микроклон аквариумных растений для переднего плана по москве цена;core_use_geo
микроклон аквариумных растений для переднего плана по московской области;core_use_geo
купить микроклон аквариумных растений для переднего плана по московской области;core_use_geo
заказать микроклон аквариумных растений для переднего плана по московской области;core_use_geo
микроклон аквариумных растений для переднего плана по московской области цена;core_use_geo
микроклон аквариумных растений для переднего плана в москве с доставкой;core_use_geo
купить микроклон аквариумных растений для переднего плана в москве с доставкой;core_use_geo
заказать микроклон аквариумных растений для переднего плана в москве с доставкой;core_use_geo
микроклон аквариумных растений для переднего плана в москве с доставкой цена;core_use_geo
микроклон аквариумных растений для переднего плана по москве с доставкой;core_use_geo
купить микроклон аквариумных растений для переднего плана по москве с доставкой;core_use_geo
заказать микроклон аквариумных растений для переднего плана по москве с доставкой;core_use_geo
микроклон аквариумных растений для переднего плана по москве с доставкой цена;core_use_geo
микроклон аквариумных растений для переднего плана для москвы и области;core_use_geo
купить микроклон аквариумных растений для переднего плана для москвы и области;core_use_geo
заказать микроклон аквариумных растений для переднего плана для москвы и области;core_use_geo
микроклон аквариумных растений для переднего плана для москвы и области цена;core_use_geo
микроклон аквариумных растений для среднего плана;core_use
купить микроклон аквариумных растений для среднего плана;core_use
заказать микроклон аквариумных растений для среднего плана;core_use
где купить микроклон аквариумных растений для среднего плана;core_use
микроклон аквариумных растений для среднего плана цена;core_use
микроклон аквариумных растений для среднего плана отзывы;core_use
как выбрать микроклон аквариумных растений для среднего плана;core_use
как посадить микроклон аквариумных растений для среднего плана;core_use
микроклон аквариумных растений для среднего плана в москве;core_use_geo
купить микроклон аквариумных растений для среднего плана в москве;core_use_geo
заказать микроклон аквариумных растений для среднего плана в москве;core_use_geo
микроклон аквариумных растений для среднего плана в москве цена;core_use_geo
микроклон аквариумных растений для среднего плана по москве;core_use_geo
купить микроклон аквариумных растений для среднего плана по москве;core_use_geo
заказать микроклон аквариумных растений для среднего плана по москве;core_use_geo
микроклон аквариумных растений для среднего плана по москве цена;core_use_geo
микроклон аквариумных растений для среднего плана по московской области;core_use_geo
купить микроклон аквариумных растений для среднего плана по московской области;core_use_geo
заказать микроклон аквариумных растений для среднего плана по московской области;core_use_geo
микроклон аквариумных растений для среднего плана по московской области цена;core_use_geo
микроклон аквариумных растений для среднего плана в москве с доставкой;core_use_geo
купить микроклон аквариумных растений для среднего плана в москве с доставкой;core_use_geo
заказать микроклон аквариумных растений для среднего плана в москве с доставкой;core_use_geo
микроклон аквариумных растений для среднего плана в москве с доставкой цена;core_use_geo
микроклон аквариумных растений для среднего плана по москве с доставкой;core_use_geo
купить микроклон аквариумных растений для среднего плана по москве с доставкой;core_use_geo
заказать микроклон аквариумных растений для среднего плана по москве с доставкой;core_use_geo
микроклон аквариумных растений для среднего плана по москве с доставкой цена;core_use_geo
микроклон аквариумных растений для среднего плана для москвы и области;core_use_geo
купить микроклон аквариумных растений для среднего плана для москвы и области;core_use_geo
заказать микроклон аквариумных растений для среднего плана для москвы и области;core_use_geo
микроклон аквариумных растений для среднего плана для москвы и области цена;core_use_geo
микроклон аквариумных растений для заднего плана;core_use
купить микроклон аквариумных растений для заднего плана;core_use
заказать микроклон аквариумных растений для заднего плана;core_use
где купить микроклон аквариумных растений для заднего плана;core_use
микроклон аквариумных растений для заднего плана цена;core_use
микроклон аквариумных растений для заднего плана отзывы;core_use
как выбрать микроклон аквариумных растений для заднего плана;core_use
как посадить микроклон аквариумных растений для заднего плана;core_use
микроклон аквариумных растений для заднего плана в москве;core_use_geo
купить микроклон аквариумных растений для заднего плана в москве;core_use_geo
заказать микроклон аквариумных растений для заднего плана в москве;core_use_geo
микроклон аквариумных растений для заднего плана в москве цена;core_use_geo
микроклон аквариумных растений для заднего плана по москве;core_use_geo
купить микроклон аквариумных растений для заднего плана по москве;core_use_geo
заказать микроклон аквариумных растений для заднего плана по москве;core_use_geo
микроклон аквариумных растений для заднего плана по москве цена;core_use_geo
микроклон аквариумных растений для заднего плана по московской области;core_use_geo
купить микроклон аквариумных растений для заднего плана по московской области;core_use_geo
заказать микроклон аквариумных растений для заднего плана по московской области;core_use_geo
микроклон аквариумных растений для заднего плана по московской области цена;core_use_geo
микроклон аквариумных растений для заднего плана в москве с доставкой;core_use_geo
купить микроклон аквариумных растений для заднего плана в москве с доставкой;core_use_geo
заказать микроклон аквариумных растений для заднего плана в москве с доставкой;core_use_geo
микроклон аквариумных растений для заднего плана в москве с доставкой цена;core_use_geo
микроклон аквариумных растений для заднего плана по москве с доставкой;core_use_geo
купить микроклон аквариумных растений для заднего плана по москве с доставкой;core_use_geo
заказать микроклон аквариумных растений для заднего плана по москве с доставкой;core_use_geo
микроклон аквариумных растений для заднего плана по москве с доставкой цена;core_use_geo
микроклон аквариумных растений для заднего плана для москвы и области;core_use_geo
купить микроклон аквариумных растений для заднего плана для москвы и области;core_use_geo
заказать микроклон аквариумных растений для заднего плана для москвы и области;core_use_geo
микроклон аквариумных растений для заднего плана для москвы и области цена;core_use_geo
микроклон аквариумных растений для нано аквариума;core_use
купить микроклон аквариумных растений для нано аквариума;core_use
заказать микроклон аквариумных растений для нано аквариума;core_use
где купить микроклон аквариумных растений для нано аквариума;core_use
микроклон аквариумных растений для нано аквариума цена;core_use
микроклон аквариумных растений для нано аквариума отзывы;core_use
как выбрать микроклон аквариумных растений для нано аквариума;core_use
как посадить микроклон аквариумных растений для нано аквариума;core_use
микроклон аквариумных растений для нано аквариума в москве;core_use_geo
купить микроклон аквариумных растений для нано аквариума в москве;core_use_geo
заказать микроклон аквариумных растений для нано аквариума в москве;core_use_geo
микроклон аквариумных растений для нано аквариума в москве цена;core_use_geo
микроклон аквариумных растений для нано аквариума по москве;core_use_geo
купить микроклон аквариумных растений для нано аквариума по москве;core_use_geo
заказать микроклон аквариумных растений для нано аквариума по москве;core_use_geo
микроклон аквариумных растений для нано аквариума по москве цена;core_use_geo
микроклон аквариумных растений для нано аквариума по московской области;core_use_geo
купить микроклон аквариумных растений для нано аквариума по московской области;core_use_geo
заказать микроклон аквариумных растений для нано аквариума по московской области;core_use_geo
микроклон аквариумных растений для нано аквариума по московской области цена;core_use_geo
микроклон аквариумных растений для нано аквариума в москве с доставкой;core_use_geo
купить микроклон аквариумных растений для нано аквариума в москве с доставкой;core_use_geo
заказать микроклон аквариумных растений для нано аквариума в москве с доставкой;core_use_geo
микроклон аквариумных растений для нано аквариума в москве с доставкой цена;core_use_geo
микроклон аквариумных растений для нано аквариума по москве с доставкой;core_use_geo
купить микроклон аквариумных растений для нано аквариума по москве с доставкой;core_use_geo
заказать микроклон аквариумных растений для нано аквариума по москве с доставкой;core_use_geo
микроклон аквариумных растений для нано аквариума по москве с доставкой цена;core_use_geo
микроклон аквариумных растений для нано аквариума для москвы и области;core_use_geo
купить микроклон аквариумных растений для нано аквариума для москвы и области;core_use_geo
заказать микроклон аквариумных растений для нано аквариума для москвы и области;core_use_geo
микроклон аквариумных растений для нано аквариума для москвы и области цена;core_use_geo
микроклон аквариумных растений для креветочника;core_use
купить микроклон аквариумных растений для креветочника;core_use
заказать микроклон аквариумных растений для креветочника;core_use
где купить микроклон аквариумных растений для креветочника;core_use
микроклон аквариумных растений для креветочника цена;core_use
микроклон аквариумных растений для креветочника отзывы;core_use
как выбрать микроклон аквариумных растений для креветочника;core_use
как посадить микроклон аквариумных растений для креветочника;core_use
микроклон аквариумных растений для креветочника в москве;core_use_geo
купить микроклон аквариумных растений для креветочника в москве;core_use_geo
заказать микроклон аквариумных растений для креветочника в москве;core_use_geo
микроклон аквариумных растений для креветочника в москве цена;core_use_geo
микроклон аквариумных растений для креветочника по москве;core_use_geo
купить микроклон аквариумных растений для креветочника по москве;core_use_geo
заказать микроклон аквариумных растений для креветочника по москве;core_use_geo
микроклон аквариумных растений для креветочника по москве цена;core_use_geo
микроклон аквариумных растений для креветочника по московской области;core_use_geo
купить микроклон аквариумных растений для креветочника по московской области;core_use_geo
заказать микроклон аквариумных растений для креветочника по московской области;core_use_geo
микроклон аквариумных растений для креветочника по московской области цена;core_use_geo
микроклон аквариумных растений для креветочника в москве с доставкой;core_use_geo
купить микроклон аквариумных растений для креветочника в москве с доставкой;core_use_geo
заказать микроклон аквариумных растений для креветочника в москве с доставкой;core_use_geo
микроклон аквариумных растений для креветочника в москве с доставкой цена;core_use_geo
микроклон аквариумных растений для креветочника по москве с доставкой;core_use_geo
купить микроклон аквариумных растений для креветочника по москве с доставкой;core_use_geo
заказать микроклон аквариумных растений для креветочника по москве с доставкой;core_use_geo
микроклон аквариумных растений для креветочника по москве с доставкой цена;core_use_geo
микроклон аквариумных растений для креветочника для москвы и области;core_use_geo
купить микроклон аквариумных растений для креветочника для москвы и области;core_use_geo
заказать микроклон аквариумных растений для креветочника для москвы и области;core_use_geo
микроклон аквариумных растений для креветочника для москвы и области цена;core_use_geo
микроклон аквариумных растений для природного аквариума;core_use
купить микроклон аквариумных растений для природного аквариума;core_use
заказать микроклон аквариумных растений для природного аквариума;core_use
где купить микроклон аквариумных растений для природного аквариума;core_use
микроклон аквариумных растений для природного аквариума цена;core_use
микроклон аквариумных растений для природного аквариума отзывы;core_use
как выбрать микроклон аквариумных растений для природного аквариума;core_use
как посадить микроклон аквариумных растений для природного аквариума;core_use
микроклон аквариумных растений для природного аквариума в москве;core_use_geo
купить микроклон аквариумных растений для природного аквариума в москве;core_use_geo
заказать микроклон аквариумных растений для природного аквариума в москве;core_use_geo
микроклон аквариумных растений для природного аквариума в москве цена;core_use_geo
микроклон аквариумных растений для природного аквариума по москве;core_use_geo
купить микроклон аквариумных растений для природного аквариума по москве;core_use_geo
заказать микроклон аквариумных растений для природного аквариума по москве;core_use_geo
микроклон аквариумных растений для природного аквариума по москве цена;core_use_geo
микроклон аквариумных растений для природного аквариума по московской области;core_use_geo
купить микроклон аквариумных растений для природного аквариума по московской области;core_use_geo
заказать микроклон аквариумных растений для природного аквариума по московской области;core_use_geo
микроклон аквариумных растений для природного аквариума по московской области цена;core_use_geo
микроклон аквариумных растений для природного аквариума в москве с доставкой;core_use_geo
купить микроклон аквариумных растений для природного аквариума в москве с доставкой;core_use_geo
заказать микроклон аквариумных растений для природного аквариума в москве с доставкой;core_use_geo
микроклон аквариумных растений для природного аквариума в москве с доставкой цена;core_use_geo
микроклон аквариумных растений для природного аквариума по москве с доставкой;core_use_geo
купить микроклон аквариумных растений для природного аквариума по москве с доставкой;core_use_geo
заказать микроклон аквариумных растений для природного аквариума по москве с доставкой;core_use_geo
микроклон аквариумных растений для природного аквариума по москве с доставкой цена;core_use_geo
микроклон аквариумных растений для природного аквариума для москвы и области;core_use_geo
купить микроклон аквариумных растений для природного аквариума для москвы и области;core_use_geo
заказать микроклон аквариумных растений для природного аквариума для москвы и области;core_use_geo
микроклон аквариумных растений для природного аквариума для москвы и области цена;core_use_geo
микроклон аквариумных растений для голландского аквариума;core_use
купить микроклон аквариумных растений для голландского аквариума;core_use
заказать микроклон аквариумных растений для голландского аквариума;core_use
где купить микроклон аквариумных растений для голландского аквариума;core_use
микроклон аквариумных растений для голландского аквариума цена;core_use
микроклон аквариумных растений для голландского аквариума отзывы;core_use
как выбрать микроклон аквариумных растений для голландского аквариума;core_use
как посадить микроклон аквариумных растений для голландского аквариума;core_use
микроклон аквариумных растений для голландского аквариума в москве;core_use_geo
купить микроклон аквариумных растений для голландского аквариума в москве;core_use_geo
заказать микроклон аквариумных растений для голландского аквариума в москве;core_use_geo
микроклон аквариумных растений для голландского аквариума в москве цена;core_use_geo
микроклон аквариумных растений для голландского аквариума по москве;core_use_geo
купить микроклон аквариумных растений для голландского аквариума по москве;core_use_geo
заказать микроклон аквариумных растений для голландского аквариума по москве;core_use_geo
микроклон аквариумных растений для голландского аквариума по москве цена;core_use_geo
микроклон аквариумных растений для голландского аквариума по московской области;core_use_geo
купить микроклон аквариумных растений для голландского аквариума по московской области;core_use_geo
заказать микроклон аквариумных растений для голландского аквариума по московской области;core_use_geo
микроклон аквариумных растений для голландского аквариума по московской области цена;core_use_geo
микроклон аквариумных растений для голландского аквариума в москве с доставкой;core_use_geo
купить микроклон аквариумных растений для голландского аквариума в москве с доставкой;core_use_geo
заказать микроклон аквариумных растений для голландского аквариума в москве с доставкой;core_use_geo
микроклон аквариумных растений для голландского аквариума в москве с доставкой цена;core_use_geo
микроклон аквариумных растений для голландского аквариума по москве с доставкой;core_use_geo
купить микроклон аквариумных растений для голландского аквариума по москве с доставкой;core_use_geo
заказать микроклон аквариумных растений для голландского аквариума по москве с доставкой;core_use_geo
микроклон аквариумных растений для голландского аквариума по москве с доставкой цена;core_use_geo
микроклон аквариумных растений для голландского аквариума для москвы и области;core_use_geo
купить микроклон аквариумных растений для голландского аквариума для москвы и области;core_use_geo
заказать микроклон аквариумных растений для голландского аквариума для москвы и области;core_use_geo
микроклон аквариумных растений для голландского аквариума для москвы и области цена;core_use_geo
микроклон аквариумных растений для оформления аквариума;core_use
купить микроклон аквариумных растений для оформления аквариума;core_use
заказать микроклон аквариумных растений для оформления аквариума;core_use
где купить микроклон аквариумных растений для оформления аквариума;core_use
микроклон аквариумных растений для оформления аквариума цена;core_use
микроклон аквариумных растений для оформления аквариума отзывы;core_use
как выбрать микроклон аквариумных растений для оформления аквариума;core_use
как посадить микроклон аквариумных растений для оформления аквариума;core_use
микроклон аквариумных растений для оформления аквариума в москве;core_use_geo
купить микроклон аквариумных растений для оформления аквариума в москве;core_use_geo
заказать микроклон аквариумных растений для оформления аквариума в москве;core_use_geo
микроклон аквариумных растений для оформления аквариума в москве цена;core_use_geo
микроклон аквариумных растений для оформления аквариума по москве;core_use_geo
купить микроклон аквариумных растений для оформления аквариума по москве;core_use_geo
заказать микроклон аквариумных растений для оформления аквариума по москве;core_use_geo
микроклон аквариумных растений для оформления аквариума по москве цена;core_use_geo
микроклон аквариумных растений для оформления аквариума по московской области;core_use_geo
купить микроклон аквариумных растений для оформления аквариума по московской области;core_use_geo
заказать микроклон аквариумных растений для оформления аквариума по московской области;core_use_geo
микроклон аквариумных растений для оформления аквариума по московской области цена;core_use_geo
микроклон аквариумных растений для оформления аквариума в москве с доставкой;core_use_geo
купить микроклон аквариумных растений для оформления аквариума в москве с доставкой;core_use_geo
заказать микроклон аквариумных растений для оформления аквариума в москве с доставкой;core_use_geo
микроклон аквариумных растений для оформления аквариума в москве с доставкой цена;core_use_geo
микроклон аквариумных растений для оформления аквариума по москве с доставкой;core_use_geo
купить микроклон аквариумных растений для оформления аквариума по москве с доставкой;core_use_geo
заказать микроклон аквариумных растений для оформления аквариума по москве с доставкой;core_use_geo
микроклон аквариумных растений для оформления аквариума по москве с доставкой цена;core_use_geo
микроклон аквариумных растений для оформления аквариума для москвы и области;core_use_geo
купить микроклон аквариумных растений для оформления аквариума для москвы и области;core_use_geo
заказать микроклон аквариумных растений для оформления аквариума для москвы и области;core_use_geo
микроклон аквариумных растений для оформления аквариума для москвы и области цена;core_use_geo
микроклон аквариумных растений для аквариумного дизайна;core_use
купить микроклон аквариумных растений для аквариумного дизайна;core_use
заказать микроклон аквариумных растений для аквариумного дизайна;core_use
где купить микроклон аквариумных растений для аквариумного дизайна;core_use
микроклон аквариумных растений для аквариумного дизайна цена;core_use
микроклон аквариумных растений для аквариумного дизайна отзывы;core_use
как выбрать микроклон аквариумных растений для аквариумного дизайна;core_use
как посадить микроклон аквариумных растений для аквариумного дизайна;core_use
микроклон аквариумных растений для аквариумного дизайна в москве;core_use_geo
купить микроклон аквариумных растений для аквариумного дизайна в москве;core_use_geo
заказать микроклон аквариумных растений для аквариумного дизайна в москве;core_use_geo
микроклон аквариумных растений для аквариумного дизайна в москве цена;core_use_geo
микроклон аквариумных растений для аквариумного дизайна по москве;core_use_geo
купить микроклон аквариумных растений для аквариумного дизайна по москве;core_use_geo
заказать микроклон аквариумных растений для аквариумного дизайна по москве;core_use_geo
микроклон аквариумных растений для аквариумного дизайна по москве цена;core_use_geo
микроклон аквариумных растений для аквариумного дизайна по московской области;core_use_geo
купить микроклон аквариумных растений для аквариумного дизайна по московской области;core_use_geo
заказать микроклон аквариумных растений для аквариумного дизайна по московской области;core_use_geo
микроклон аквариумных растений для аквариумного дизайна по московской области цена;core_use_geo
микроклон аквариумных растений для аквариумного дизайна в москве с доставкой;core_use_geo
купить микроклон аквариумных растений для аквариумного дизайна в москве с доставкой;core_use_geo
заказать микроклон аквариумных растений для аквариумного дизайна в москве с доставкой;core_use_geo
микроклон аквариумных растений для аквариумного дизайна в москве с доставкой цена;core_use_geo
микроклон аквариумных растений для аквариумного дизайна по москве с доставкой;core_use_geo
купить микроклон аквариумных растений для аквариумного дизайна по москве с доставкой;core_use_geo
заказать микроклон аквариумных растений для аквариумного дизайна по москве с доставкой;core_use_geo
микроклон аквариумных растений для аквариумного дизайна по москве с доставкой цена;core_use_geo
микроклон аквариумных растений для аквариумного дизайна для москвы и области;core_use_geo
купить микроклон аквариумных растений для аквариумного дизайна для москвы и области;core_use_geo
заказать микроклон аквариумных растений для аквариумного дизайна для москвы и области;core_use_geo
микроклон аквариумных растений для аквариумного дизайна для москвы и области цена;core_use_geo
микроклон аквариумных растений для плотной посадки;core_use
купить микроклон аквариумных растений для плотной посадки;core_use
заказать микроклон аквариумных растений для плотной посадки;core_use
где купить микроклон аквариумных растений для плотной посадки;core_use
микроклон аквариумных растений для плотной посадки цена;core_use
микроклон аквариумных растений для плотной посадки отзывы;core_use
как выбрать микроклон аквариумных растений для плотной посадки;core_use
как посадить микроклон аквариумных растений для плотной посадки;core_use
микроклон аквариумных растений для плотной посадки в москве;core_use_geo
купить микроклон аквариумных растений для плотной посадки в москве;core_use_geo
заказать микроклон аквариумных растений для плотной посадки в москве;core_use_geo
микроклон аквариумных растений для плотной посадки в москве цена;core_use_geo
микроклон аквариумных растений для плотной посадки по москве;core_use_geo
купить микроклон аквариумных растений для плотной посадки по москве;core_use_geo
заказать микроклон аквариумных растений для плотной посадки по москве;core_use_geo
микроклон аквариумных растений для плотной посадки по москве цена;core_use_geo
микроклон аквариумных растений для плотной посадки по московской области;core_use_geo
купить микроклон аквариумных растений для плотной посадки по московской области;core_use_geo
заказать микроклон аквариумных растений для плотной посадки по московской области;core_use_geo
микроклон аквариумных растений для плотной посадки по московской области цена;core_use_geo
микроклон аквариумных растений для плотной посадки в москве с доставкой;core_use_geo
купить микроклон аквариумных растений для плотной посадки в москве с доставкой;core_use_geo
заказать микроклон аквариумных растений для плотной посадки в москве с доставкой;core_use_geo
микроклон аквариумных растений для плотной посадки в москве с доставкой цена;core_use_geo
микроклон аквариумных растений для плотной посадки по москве с доставкой;core_use_geo
купить микроклон аквариумных растений для плотной посадки по москве с доставкой;core_use_geo
заказать микроклон аквариумных растений для плотной посадки по москве с доставкой;core_use_geo
микроклон аквариумных растений для плотной посадки по москве с доставкой цена;core_use_geo
микроклон аквариумных растений для плотной посадки для москвы и области;core_use_geo
купить микроклон аквариумных растений для плотной посадки для москвы и области;core_use_geo
заказать микроклон аквариумных растений для плотной посадки для москвы и области;core_use_geo
микроклон аквариумных растений для плотной посадки для москвы и области цена;core_use_geo
микроклон аквариумных растений для чистого старта;core_use
купить микроклон аквариумных растений для чистого старта;core_use
заказать микроклон аквариумных растений для чистого старта;core_use
где купить микроклон аквариумных растений для чистого старта;core_use
микроклон аквариумных растений для чистого старта цена;core_use
микроклон аквариумных растений для чистого старта отзывы;core_use
как выбрать микроклон аквариумных растений для чистого старта;core_use
как посадить микроклон аквариумных растений для чистого старта;core_use
микроклон аквариумных растений для чистого старта в москве;core_use_geo
купить микроклон аквариумных растений для чистого старта в москве;core_use_geo
заказать микроклон аквариумных растений для чистого старта в москве;core_use_geo
микроклон аквариумных растений для чистого старта в москве цена;core_use_geo
микроклон аквариумных растений для чистого старта по москве;core_use_geo
купить микроклон аквариумных растений для чистого старта по москве;core_use_geo
заказать микроклон аквариумных растений для чистого старта по москве;core_use_geo
микроклон аквариумных растений для чистого старта по москве цена;core_use_geo
микроклон аквариумных растений для чистого старта по московской области;core_use_geo
купить микроклон аквариумных растений для чистого старта по московской области;core_use_geo
заказать микроклон аквариумных растений для чистого старта по московской области;core_use_geo
микроклон аквариумных растений для чистого старта по московской области цена;core_use_geo
микроклон аквариумных растений для чистого старта в москве с доставкой;core_use_geo
купить микроклон аквариумных растений для чистого старта в москве с доставкой;core_use_geo
заказать микроклон аквариумных растений для чистого старта в москве с доставкой;core_use_geo
микроклон аквариумных растений для чистого старта в москве с доставкой цена;core_use_geo
микроклон аквариумных растений для чистого старта по москве с доставкой;core_use_geo
купить микроклон аквариумных растений для чистого старта по москве с доставкой;core_use_geo
заказать микроклон аквариумных растений для чистого старта по москве с доставкой;core_use_geo
микроклон аквариумных растений для чистого старта по москве с доставкой цена;core_use_geo
микроклон аквариумных растений для чистого старта для москвы и области;core_use_geo
купить микроклон аквариумных растений для чистого старта для москвы и области;core_use_geo
заказать микроклон аквариумных растений для чистого старта для москвы и области;core_use_geo
микроклон аквариумных растений для чистого старта для москвы и области цена;core_use_geo
купить микроклон аквариумных растений для красивого аквариума;core_use
заказать микроклон аквариумных растений для красивого аквариума;core_use
где купить микроклон аквариумных растений для красивого аквариума;core_use
микроклон аквариумных растений для красивого аквариума цена;core_use
микроклон аквариумных растений для красивого аквариума отзывы;core_use
как выбрать микроклон аквариумных растений для красивого аквариума;core_use
как посадить микроклон аквариумных растений для красивого аквариума;core_use
микроклон аквариумных растений для красивого аквариума в москве;core_use_geo
купить микроклон аквариумных растений для красивого аквариума в москве;core_use_geo
заказать микроклон аквариумных растений для красивого аквариума в москве;core_use_geo
микроклон аквариумных растений для красивого аквариума в москве цена;core_use_geo
микроклон аквариумных растений для красивого аквариума по москве;core_use_geo
купить микроклон аквариумных растений для красивого аквариума по москве;core_use_geo
заказать микроклон аквариумных растений для красивого аквариума по москве;core_use_geo
микроклон аквариумных растений для красивого аквариума по москве цена;core_use_geo
микроклон аквариумных растений для красивого аквариума по московской области;core_use_geo
купить микроклон аквариумных растений для красивого аквариума по московской области;core_use_geo
заказать микроклон аквариумных растений для красивого аквариума по московской области;core_use_geo
микроклон аквариумных растений для красивого аквариума по московской области цена;core_use_geo
микроклон аквариумных растений для красивого аквариума в москве с доставкой;core_use_geo
купить микроклон аквариумных растений для красивого аквариума в москве с доставкой;core_use_geo
заказать микроклон аквариумных растений для красивого аквариума в москве с доставкой;core_use_geo
микроклон аквариумных растений для красивого аквариума в москве с доставкой цена;core_use_geo
микроклон аквариумных растений для красивого аквариума по москве с доставкой;core_use_geo
купить микроклон аквариумных растений для красивого аквариума по москве с доставкой;core_use_geo
заказать микроклон аквариумных растений для красивого аквариума по москве с доставкой;core_use_geo
микроклон аквариумных растений для красивого аквариума по москве с доставкой цена;core_use_geo
микроклон аквариумных растений для красивого аквариума для москвы и области;core_use_geo
купить микроклон аквариумных растений для красивого аквариума для москвы и области;core_use_geo
заказать микроклон аквариумных растений для красивого аквариума для москвы и области;core_use_geo
микроклон аквариумных растений для красивого аквариума для москвы и области цена;core_use_geo
купить микроклон аквариумных растений для здорового аквариума;core_use
заказать микроклон аквариумных растений для здорового аквариума;core_use
где купить микроклон аквариумных растений для здорового аквариума;core_use
микроклон аквариумных растений для здорового аквариума цена;core_use
микроклон аквариумных растений для здорового аквариума отзывы;core_use
как выбрать микроклон аквариумных растений для здорового аквариума;core_use
как посадить микроклон аквариумных растений для здорового аквариума;core_use
микроклон аквариумных растений для здорового аквариума в москве;core_use_geo
купить микроклон аквариумных растений для здорового аквариума в москве;core_use_geo
заказать микроклон аквариумных растений для здорового аквариума в москве;core_use_geo
микроклон аквариумных растений для здорового аквариума в москве цена;core_use_geo
микроклон аквариумных растений для здорового аквариума по москве;core_use_geo
купить микроклон аквариумных растений для здорового аквариума по москве;core_use_geo
заказать микроклон аквариумных растений для здорового аквариума по москве;core_use_geo
микроклон аквариумных растений для здорового аквариума по москве цена;core_use_geo
микроклон аквариумных растений для здорового аквариума по московской области;core_use_geo
купить микроклон аквариумных растений для здорового аквариума по московской области;core_use_geo
заказать микроклон аквариумных растений для здорового аквариума по московской области;core_use_geo
микроклон аквариумных растений для здорового аквариума по московской области цена;core_use_geo
микроклон аквариумных растений для здорового аквариума в москве с доставкой;core_use_geo
купить микроклон аквариумных растений для здорового аквариума в москве с доставкой;core_use_geo
заказать микроклон аквариумных растений для здорового аквариума в москве с доставкой;core_use_geo
микроклон аквариумных растений для здорового аквариума в москве с доставкой цена;core_use_geo
микроклон аквариумных растений для здорового аквариума по москве с доставкой;core_use_geo
купить микроклон аквариумных растений для здорового аквариума по москве с доставкой;core_use_geo
заказать микроклон аквариумных растений для здорового аквариума по москве с доставкой;core_use_geo
микроклон аквариумных растений для здорового аквариума по москве с доставкой цена;core_use_geo
микроклон аквариумных растений для здорового аквариума для москвы и области;core_use_geo
купить микроклон аквариумных растений для здорового аквариума для москвы и области;core_use_geo
заказать микроклон аквариумных растений для здорового аквариума для москвы и области;core_use_geo
микроклон аквариумных растений для здорового аквариума для москвы и области цена;core_use_geo
микроклон аквариумных растений для домашнего аквариума;core_use
купить микроклон аквариумных растений для домашнего аквариума;core_use
заказать микроклон аквариумных растений для домашнего аквариума;core_use
где купить микроклон аквариумных растений для домашнего аквариума;core_use
микроклон аквариумных растений для домашнего аквариума цена;core_use
микроклон аквариумных растений для домашнего аквариума отзывы;core_use
как выбрать микроклон аквариумных растений для домашнего аквариума;core_use
как посадить микроклон аквариумных растений для домашнего аквариума;core_use
микроклон аквариумных растений для домашнего аквариума в москве;core_use_geo
купить микроклон аквариумных растений для домашнего аквариума в москве;core_use_geo
заказать микроклон аквариумных растений для домашнего аквариума в москве;core_use_geo
микроклон аквариумных растений для домашнего аквариума в москве цена;core_use_geo
микроклон аквариумных растений для домашнего аквариума по москве;core_use_geo
купить микроклон аквариумных растений для домашнего аквариума по москве;core_use_geo
заказать микроклон аквариумных растений для домашнего аквариума по москве;core_use_geo
микроклон аквариумных растений для домашнего аквариума по москве цена;core_use_geo
микроклон аквариумных растений для домашнего аквариума по московской области;core_use_geo
купить микроклон аквариумных растений для домашнего аквариума по московской области;core_use_geo
заказать микроклон аквариумных растений для домашнего аквариума по московской области;core_use_geo
микроклон аквариумных растений для домашнего аквариума по московской области цена;core_use_geo
микроклон аквариумных растений для домашнего аквариума в москве с доставкой;core_use_geo
купить микроклон аквариумных растений для домашнего аквариума в москве с доставкой;core_use_geo
заказать микроклон аквариумных растений для домашнего аквариума в москве с доставкой;core_use_geo
микроклон аквариумных растений для домашнего аквариума в москве с доставкой цена;core_use_geo
микроклон аквариумных растений для домашнего аквариума по москве с доставкой;core_use_geo
купить микроклон аквариумных растений для домашнего аквариума по москве с доставкой;core_use_geo
заказать микроклон аквариумных растений для домашнего аквариума по москве с доставкой;core_use_geo
микроклон аквариумных растений для домашнего аквариума по москве с доставкой цена;core_use_geo
микроклон аквариумных растений для домашнего аквариума для москвы и области;core_use_geo
купить микроклон аквариумных растений для домашнего аквариума для москвы и области;core_use_geo
заказать микроклон аквариумных растений для домашнего аквариума для москвы и области;core_use_geo
микроклон аквариумных растений для домашнего аквариума для москвы и области цена;core_use_geo
микроклон аквариумных растений для профессионального аквариума;core_use
купить микроклон аквариумных растений для профессионального аквариума;core_use
заказать микроклон аквариумных растений для профессионального аквариума;core_use
где купить микроклон аквариумных растений для профессионального аквариума;core_use
микроклон аквариумных растений для профессионального аквариума цена;core_use
микроклон аквариумных растений для профессионального аквариума отзывы;core_use
как выбрать микроклон аквариумных растений для профессионального аквариума;core_use
как посадить микроклон аквариумных растений для профессионального аквариума;core_use
микроклон аквариумных растений для профессионального аквариума в москве;core_use_geo
купить микроклон аквариумных растений для профессионального аквариума в москве;core_use_geo
заказать микроклон аквариумных растений для профессионального аквариума в москве;core_use_geo
микроклон аквариумных растений для профессионального аквариума в москве цена;core_use_geo
микроклон аквариумных растений для профессионального аквариума по москве;core_use_geo
купить микроклон аквариумных растений для профессионального аквариума по москве;core_use_geo
заказать микроклон аквариумных растений для профессионального аквариума по москве;core_use_geo
микроклон аквариумных растений для профессионального аквариума по москве цена;core_use_geo
микроклон аквариумных растений для профессионального аквариума по московской области;core_use_geo
купить микроклон аквариумных растений для профессионального аквариума по московской области;core_use_geo
заказать микроклон аквариумных растений для профессионального аквариума по московской области;core_use_geo
микроклон аквариумных растений для профессионального аквариума по московской области цена;core_use_geo
микроклон аквариумных растений для профессионального аквариума в москве с доставкой;core_use_geo
купить микроклон аквариумных растений для профессионального аквариума в москве с доставкой;core_use_geo
заказать микроклон аквариумных растений для профессионального аквариума в москве с доставкой;core_use_geo
микроклон аквариумных растений для профессионального аквариума в москве с доставкой цена;core_use_geo
микроклон аквариумных растений для профессионального аквариума по москве с доставкой;core_use_geo
купить микроклон аквариумных растений для профессионального аквариума по москве с доставкой;core_use_geo
заказать микроклон аквариумных растений для профессионального аквариума по москве с доставкой;core_use_geo
микроклон аквариумных растений для профессионального аквариума по москве с доставкой цена;core_use_geo
микроклон аквариумных растений для профессионального аквариума для москвы и области;core_use_geo
купить микроклон аквариумных растений для профессионального аквариума для москвы и области;core_use_geo
заказать микроклон аквариумных растений для профессионального аквариума для москвы и области;core_use_geo
микроклон аквариумных растений для профессионального аквариума для москвы и области цена;core_use_geo
микроклон аквариумных растений для посадки на корягу;core_use
купить микроклон аквариумных растений для посадки на корягу;core_use
заказать микроклон аквариумных растений для посадки на корягу;core_use
где купить микроклон аквариумных растений для посадки на корягу;core_use
микроклон аквариумных растений для посадки на корягу цена;core_use
микроклон аквариумных растений для посадки на корягу отзывы;core_use
как выбрать микроклон аквариумных растений для посадки на корягу;core_use
как посадить микроклон аквариумных растений для посадки на корягу;core_use
микроклон аквариумных растений для посадки на корягу в москве;core_use_geo
купить микроклон аквариумных растений для посадки на корягу в москве;core_use_geo
заказать микроклон аквариумных растений для посадки на корягу в москве;core_use_geo
микроклон аквариумных растений для посадки на корягу в москве цена;core_use_geo
микроклон аквариумных растений для посадки на корягу по москве;core_use_geo
купить микроклон аквариумных растений для посадки на корягу по москве;core_use_geo
заказать микроклон аквариумных растений для посадки на корягу по москве;core_use_geo
микроклон аквариумных растений для посадки на корягу по москве цена;core_use_geo
микроклон аквариумных растений для посадки на корягу по московской области;core_use_geo
купить микроклон аквариумных растений для посадки на корягу по московской области;core_use_geo
заказать микроклон аквариумных растений для посадки на корягу по московской области;core_use_geo
микроклон аквариумных растений для посадки на корягу по московской области цена;core_use_geo
микроклон аквариумных растений для посадки на корягу в москве с доставкой;core_use_geo
купить микроклон аквариумных растений для посадки на корягу в москве с доставкой;core_use_geo
заказать микроклон аквариумных растений для посадки на корягу в москве с доставкой;core_use_geo
микроклон аквариумных растений для посадки на корягу в москве с доставкой цена;core_use_geo
микроклон аквариумных растений для посадки на корягу по москве с доставкой;core_use_geo
купить микроклон аквариумных растений для посадки на корягу по москве с доставкой;core_use_geo
заказать микроклон аквариумных растений для посадки на корягу по москве с доставкой;core_use_geo
микроклон аквариумных растений для посадки на корягу по москве с доставкой цена;core_use_geo
микроклон аквариумных растений для посадки на корягу для москвы и области;core_use_geo
купить микроклон аквариумных растений для посадки на корягу для москвы и области;core_use_geo
заказать микроклон аквариумных растений для посадки на корягу для москвы и области;core_use_geo
микроклон аквариумных растений для посадки на корягу для москвы и области цена;core_use_geo
микроклон аквариумных растений для посадки на камни;core_use
купить микроклон аквариумных растений для посадки на камни;core_use
заказать микроклон аквариумных растений для посадки на камни;core_use
где купить микроклон аквариумных растений для посадки на камни;core_use
микроклон аквариумных растений для посадки на камни цена;core_use
микроклон аквариумных растений для посадки на камни отзывы;core_use
как выбрать микроклон аквариумных растений для посадки на камни;core_use
как посадить микроклон аквариумных растений для посадки на камни;core_use
микроклон аквариумных растений для посадки на камни в москве;core_use_geo
купить микроклон аквариумных растений для посадки на камни в москве;core_use_geo
заказать микроклон аквариумных растений для посадки на камни в москве;core_use_geo
микроклон аквариумных растений для посадки на камни в москве цена;core_use_geo
микроклон аквариумных растений для посадки на камни по москве;core_use_geo
купить микроклон аквариумных растений для посадки на камни по москве;core_use_geo
заказать микроклон аквариумных растений для посадки на камни по москве;core_use_geo
микроклон аквариумных растений для посадки на камни по москве цена;core_use_geo
микроклон аквариумных растений для посадки на камни по московской области;core_use_geo
купить микроклон аквариумных растений для посадки на камни по московской области;core_use_geo
заказать микроклон аквариумных растений для посадки на камни по московской области;core_use_geo
микроклон аквариумных растений для посадки на камни по московской области цена;core_use_geo
микроклон аквариумных растений для посадки на камни в москве с доставкой;core_use_geo
купить микроклон аквариумных растений для посадки на камни в москве с доставкой;core_use_geo
заказать микроклон аквариумных растений для посадки на камни в москве с доставкой;core_use_geo
микроклон аквариумных растений для посадки на камни в москве с доставкой цена;core_use_geo
микроклон аквариумных растений для посадки на камни по москве с доставкой;core_use_geo
купить микроклон аквариумных растений для посадки на камни по москве с доставкой;core_use_geo
заказать микроклон аквариумных растений для посадки на камни по москве с доставкой;core_use_geo
микроклон аквариумных растений для посадки на камни по москве с доставкой цена;core_use_geo
микроклон аквариумных растений для посадки на камни для москвы и области;core_use_geo
купить микроклон аквариумных растений для посадки на камни для москвы и области;core_use_geo
заказать микроклон аквариумных растений для посадки на камни для москвы и области;core_use_geo
микроклон аквариумных растений для посадки на камни для москвы и области цена;core_use_geo
микроклон аквариумных растений без улиток;core_benefit
купить микроклон аквариумных растений без улиток;core_benefit
заказать микроклон аквариумных растений без улиток;core_benefit
микроклон аквариумных растений без улиток цена;core_benefit
микроклон аквариумных растений без улиток отзывы;core_benefit
как выбрать микроклон аквариумных растений без улиток;core_benefit
микроклон аквариумных растений без улиток в москве;core_benefit_geo
купить микроклон аквариумных растений без улиток в москве;core_benefit_geo
микроклон аквариумных растений без улиток в москве цена;core_benefit_geo
микроклон аквариумных растений без улиток по москве;core_benefit_geo
купить микроклон аквариумных растений без улиток по москве;core_benefit_geo
микроклон аквариумных растений без улиток по москве цена;core_benefit_geo
микроклон аквариумных растений без улиток по московской области;core_benefit_geo
купить микроклон аквариумных растений без улиток по московской области;core_benefit_geo
микроклон аквариумных растений без улиток по московской области цена;core_benefit_geo
микроклон аквариумных растений без улиток в москве с доставкой;core_benefit_geo
купить микроклон аквариумных растений без улиток в москве с доставкой;core_benefit_geo
микроклон аквариумных растений без улиток в москве с доставкой цена;core_benefit_geo
микроклон аквариумных растений без улиток по москве с доставкой;core_benefit_geo
купить микроклон аквариумных растений без улиток по москве с доставкой;core_benefit_geo
микроклон аквариумных растений без улиток по москве с доставкой цена;core_benefit_geo
микроклон аквариумных растений без улиток для москвы и области;core_benefit_geo
купить микроклон аквариумных растений без улиток для москвы и области;core_benefit_geo
микроклон аквариумных растений без улиток для москвы и области цена;core_benefit_geo
микроклон аквариумных растений без водорослей;core_benefit
купить микроклон аквариумных растений без водорослей;core_benefit
заказать микроклон аквариумных растений без водорослей;core_benefit
микроклон аквариумных растений без водорослей цена;core_benefit
микроклон аквариумных растений без водорослей отзывы;core_benefit
как выбрать микроклон аквариумных растений без водорослей;core_benefit
микроклон аквариумных растений без водорослей в москве;core_benefit_geo
купить микроклон аквариумных растений без водорослей в москве;core_benefit_geo
микроклон аквариумных растений без водорослей в москве цена;core_benefit_geo
микроклон аквариумных растений без водорослей по москве;core_benefit_geo
купить микроклон аквариумных растений без водорослей по москве;core_benefit_geo
микроклон аквариумных растений без водорослей по москве цена;core_benefit_geo
микроклон аквариумных растений без водорослей по московской области;core_benefit_geo
купить микроклон аквариумных растений без водорослей по московской области;core_benefit_geo
микроклон аквариумных растений без водорослей по московской области цена;core_benefit_geo
микроклон аквариумных растений без водорослей в москве с доставкой;core_benefit_geo
купить микроклон аквариумных растений без водорослей в москве с доставкой;core_benefit_geo
микроклон аквариумных растений без водорослей в москве с доставкой цена;core_benefit_geo
микроклон аквариумных растений без водорослей по москве с доставкой;core_benefit_geo
купить микроклон аквариумных растений без водорослей по москве с доставкой;core_benefit_geo
микроклон аквариумных растений без водорослей по москве с доставкой цена;core_benefit_geo
микроклон аквариумных растений без водорослей для москвы и области;core_benefit_geo
купить микроклон аквариумных растений без водорослей для москвы и области;core_benefit_geo
микроклон аквариумных растений без водорослей для москвы и области цена;core_benefit_geo
микроклон аквариумных растений стерильные;core_benefit
купить микроклон аквариумных растений стерильные;core_benefit
заказать микроклон аквариумных растений стерильные;core_benefit
микроклон аквариумных растений стерильные цена;core_benefit
микроклон аквариумных растений стерильные отзывы;core_benefit
как выбрать микроклон аквариумных растений стерильные;core_benefit
микроклон аквариумных растений стерильные в москве;core_benefit_geo
купить микроклон аквариумных растений стерильные в москве;core_benefit_geo
микроклон аквариумных растений стерильные в москве цена;core_benefit_geo
микроклон аквариумных растений стерильные по москве;core_benefit_geo
купить микроклон аквариумных растений стерильные по москве;core_benefit_geo
микроклон аквариумных растений стерильные по москве цена;core_benefit_geo
микроклон аквариумных растений стерильные по московской области;core_benefit_geo
купить микроклон аквариумных растений стерильные по московской области;core_benefit_geo
микроклон аквариумных растений стерильные по московской области цена;core_benefit_geo
микроклон аквариумных растений стерильные в москве с доставкой;core_benefit_geo
купить микроклон аквариумных растений стерильные в москве с доставкой;core_benefit_geo
микроклон аквариумных растений стерильные в москве с доставкой цена;core_benefit_geo
микроклон аквариумных растений стерильные по москве с доставкой;core_benefit_geo
купить микроклон аквариумных растений стерильные по москве с доставкой;core_benefit_geo
микроклон аквариумных растений стерильные по москве с доставкой цена;core_benefit_geo
микроклон аквариумных растений стерильные для москвы и области;core_benefit_geo
купить микроклон аквариумных растений стерильные для москвы и области;core_benefit_geo
микроклон аквариумных растений стерильные для москвы и области цена;core_benefit_geo
микроклон аквариумных растений in vitro;core_benefit
купить микроклон аквариумных растений in vitro;core_benefit
заказать микроклон аквариумных растений in vitro;core_benefit
микроклон аквариумных растений in vitro цена;core_benefit
микроклон аквариумных растений in vitro отзывы;core_benefit
как выбрать микроклон аквариумных растений in vitro;core_benefit
микроклон аквариумных растений in vitro в москве;core_benefit_geo
купить микроклон аквариумных растений in vitro в москве;core_benefit_geo
микроклон аквариумных растений in vitro в москве цена;core_benefit_geo
микроклон аквариумных растений in vitro по москве;core_benefit_geo
купить микроклон аквариумных растений in vitro по москве;core_benefit_geo
микроклон аквариумных растений in vitro по москве цена;core_benefit_geo
микроклон аквариумных растений in vitro по московской области;core_benefit_geo
купить микроклон аквариумных растений in vitro по московской области;core_benefit_geo
микроклон аквариумных растений in vitro по московской области цена;core_benefit_geo
микроклон аквариумных растений in vitro в москве с доставкой;core_benefit_geo
купить микроклон аквариумных растений in vitro в москве с доставкой;core_benefit_geo
микроклон аквариумных растений in vitro в москве с доставкой цена;core_benefit_geo
микроклон аквариумных растений in vitro по москве с доставкой;core_benefit_geo
купить микроклон аквариумных растений in vitro по москве с доставкой;core_benefit_geo
микроклон аквариумных растений in vitro по москве с доставкой цена;core_benefit_geo
микроклон аквариумных растений in vitro для москвы и области;core_benefit_geo
купить микроклон аквариумных растений in vitro для москвы и области;core_benefit_geo
микроклон аквариумных растений in vitro для москвы и области цена;core_benefit_geo
микроклон аквариумных растений в баночке;core_benefit
купить микроклон аквариумных растений в баночке;core_benefit
заказать микроклон аквариумных растений в баночке;core_benefit
микроклон аквариумных растений в баночке цена;core_benefit
микроклон аквариумных растений в баночке отзывы;core_benefit
как выбрать микроклон аквариумных растений в баночке;core_benefit
микроклон аквариумных растений в баночке в москве;core_benefit_geo
купить микроклон аквариумных растений в баночке в москве;core_benefit_geo
микроклон аквариумных растений в баночке в москве цена;core_benefit_geo
микроклон аквариумных растений в баночке по москве;core_benefit_geo
купить микроклон аквариумных растений в баночке по москве;core_benefit_geo
микроклон аквариумных растений в баночке по москве цена;core_benefit_geo
микроклон аквариумных растений в баночке по московской области;core_benefit_geo
купить микроклон аквариумных растений в баночке по московской области;core_benefit_geo
микроклон аквариумных растений в баночке по московской области цена;core_benefit_geo
микроклон аквариумных растений в баночке в москве с доставкой;core_benefit_geo
купить микроклон аквариумных растений в баночке в москве с доставкой;core_benefit_geo
микроклон аквариумных растений в баночке в москве с доставкой цена;core_benefit_geo
микроклон аквариумных растений в баночке по москве с доставкой;core_benefit_geo
купить микроклон аквариумных растений в баночке по москве с доставкой;core_benefit_geo
микроклон аквариумных растений в баночке по москве с доставкой цена;core_benefit_geo
микроклон аквариумных растений в баночке для москвы и области;core_benefit_geo
купить микроклон аквариумных растений в баночке для москвы и области;core_benefit_geo
микроклон аквариумных растений в баночке для москвы и области цена;core_benefit_geo
микроклон аквариумных растений в контейнере;core_benefit
купить микроклон аквариумных растений в контейнере;core_benefit
заказать микроклон аквариумных растений в контейнере;core_benefit
микроклон аквариумных растений в контейнере цена;core_benefit
микроклон аквариумных растений в контейнере отзывы;core_benefit
как выбрать микроклон аквариумных растений в контейнере;core_benefit
микроклон аквариумных растений в контейнере в москве;core_benefit_geo
купить микроклон аквариумных растений в контейнере в москве;core_benefit_geo
микроклон аквариумных растений в контейнере в москве цена;core_benefit_geo
микроклон аквариумных растений в контейнере по москве;core_benefit_geo
купить микроклон аквариумных растений в контейнере по москве;core_benefit_geo
микроклон аквариумных растений в контейнере по москве цена;core_benefit_geo
микроклон аквариумных растений в контейнере по московской области;core_benefit_geo
купить микроклон аквариумных растений в контейнере по московской области;core_benefit_geo
микроклон аквариумных растений в контейнере по московской области цена;core_benefit_geo
микроклон аквариумных растений в контейнере в москве с доставкой;core_benefit_geo
купить микроклон аквариумных растений в контейнере в москве с доставкой;core_benefit_geo
микроклон аквариумных растений в контейнере в москве с доставкой цена;core_benefit_geo
микроклон аквариумных растений в контейнере по москве с доставкой;core_benefit_geo
купить микроклон аквариумных растений в контейнере по москве с доставкой;core_benefit_geo
микроклон аквариумных растений в контейнере по москве с доставкой цена;core_benefit_geo
микроклон аквариумных растений в контейнере для москвы и области;core_benefit_geo
купить микроклон аквариумных растений в контейнере для москвы и области;core_benefit_geo
микроклон аквариумных растений в контейнере для москвы и области цена;core_benefit_geo
микроклон аквариумных растений с чистым стартом;core_benefit
купить микроклон аквариумных растений с чистым стартом;core_benefit
заказать микроклон аквариумных растений с чистым стартом;core_benefit
микроклон аквариумных растений с чистым стартом цена;core_benefit
микроклон аквариумных растений с чистым стартом отзывы;core_benefit
как выбрать микроклон аквариумных растений с чистым стартом;core_benefit
микроклон аквариумных растений с чистым стартом в москве;core_benefit_geo
купить микроклон аквариумных растений с чистым стартом в москве;core_benefit_geo
микроклон аквариумных растений с чистым стартом в москве цена;core_benefit_geo
микроклон аквариумных растений с чистым стартом по москве;core_benefit_geo
купить микроклон аквариумных растений с чистым стартом по москве;core_benefit_geo
микроклон аквариумных растений с чистым стартом по москве цена;core_benefit_geo
микроклон аквариумных растений с чистым стартом по московской области;core_benefit_geo
купить микроклон аквариумных растений с чистым стартом по московской области;core_benefit_geo
микроклон аквариумных растений с чистым стартом по московской области цена;core_benefit_geo
микроклон аквариумных растений с чистым стартом в москве с доставкой;core_benefit_geo
купить микроклон аквариумных растений с чистым стартом в москве с доставкой;core_benefit_geo
микроклон аквариумных растений с чистым стартом в москве с доставкой цена;core_benefit_geo
микроклон аквариумных растений с чистым стартом по москве с доставкой;core_benefit_geo
купить микроклон аквариумных растений с чистым стартом по москве с доставкой;core_benefit_geo
микроклон аквариумных растений с чистым стартом по москве с доставкой цена;core_benefit_geo
микроклон аквариумных растений с чистым стартом для москвы и области;core_benefit_geo
купить микроклон аквариумных растений с чистым стартом для москвы и области;core_benefit_geo
микроклон аквариумных растений с чистым стартом для москвы и области цена;core_benefit_geo
микроклон аквариумных растений для быстрой посадки;core_benefit
купить микроклон аквариумных растений для быстрой посадки;core_benefit
заказать микроклон аквариумных растений для быстрой посадки;core_benefit
микроклон аквариумных растений для быстрой посадки цена;core_benefit
микроклон аквариумных растений для быстрой посадки отзывы;core_benefit
как выбрать микроклон аквариумных растений для быстрой посадки;core_benefit
микроклон аквариумных растений для быстрой посадки в москве;core_benefit_geo
купить микроклон аквариумных растений для быстрой посадки в москве;core_benefit_geo
микроклон аквариумных растений для быстрой посадки в москве цена;core_benefit_geo
микроклон аквариумных растений для быстрой посадки по москве;core_benefit_geo
купить микроклон аквариумных растений для быстрой посадки по москве;core_benefit_geo
микроклон аквариумных растений для быстрой посадки по москве цена;core_benefit_geo
микроклон аквариумных растений для быстрой посадки по московской области;core_benefit_geo
купить микроклон аквариумных растений для быстрой посадки по московской области;core_benefit_geo
микроклон аквариумных растений для быстрой посадки по московской области цена;core_benefit_geo
микроклон аквариумных растений для быстрой посадки в москве с доставкой;core_benefit_geo
купить микроклон аквариумных растений для быстрой посадки в москве с доставкой;core_benefit_geo
микроклон аквариумных растений для быстрой посадки в москве с доставкой цена;core_benefit_geo
микроклон аквариумных растений для быстрой посадки по москве с доставкой;core_benefit_geo
купить микроклон аквариумных растений для быстрой посадки по москве с доставкой;core_benefit_geo
микроклон аквариумных растений для быстрой посадки по москве с доставкой цена;core_benefit_geo
микроклон аквариумных растений для быстрой посадки для москвы и области;core_benefit_geo
купить микроклон аквариумных растений для быстрой посадки для москвы и области;core_benefit_geo
микроклон аквариумных растений для быстрой посадки для москвы и области цена;core_benefit_geo
микроклон аквариумных растений для аккуратной посадки;core_benefit
купить микроклон аквариумных растений для аккуратной посадки;core_benefit
заказать микроклон аквариумных растений для аккуратной посадки;core_benefit
микроклон аквариумных растений для аккуратной посадки цена;core_benefit
микроклон аквариумных растений для аккуратной посадки отзывы;core_benefit
как выбрать микроклон аквариумных растений для аккуратной посадки;core_benefit
микроклон аквариумных растений для аккуратной посадки в москве;core_benefit_geo
купить микроклон аквариумных растений для аккуратной посадки в москве;core_benefit_geo
микроклон аквариумных растений для аккуратной посадки в москве цена;core_benefit_geo
микроклон аквариумных растений для аккуратной посадки по москве;core_benefit_geo
купить микроклон аквариумных растений для аккуратной посадки по москве;core_benefit_geo
микроклон аквариумных растений для аккуратной посадки по москве цена;core_benefit_geo
микроклон аквариумных растений для аккуратной посадки по московской области;core_benefit_geo
купить микроклон аквариумных растений для аккуратной посадки по московской области;core_benefit_geo
микроклон аквариумных растений для аккуратной посадки по московской области цена;core_benefit_geo
микроклон аквариумных растений для аккуратной посадки в москве с доставкой;core_benefit_geo
купить микроклон аквариумных растений для аккуратной посадки в москве с доставкой;core_benefit_geo
микроклон аквариумных растений для аккуратной посадки в москве с доставкой цена;core_benefit_geo
микроклон аквариумных растений для аккуратной посадки по москве с доставкой;core_benefit_geo
купить микроклон аквариумных растений для аккуратной посадки по москве с доставкой;core_benefit_geo
микроклон аквариумных растений для аккуратной посадки по москве с доставкой цена;core_benefit_geo
микроклон аквариумных растений для аккуратной посадки для москвы и области;core_benefit_geo
купить микроклон аквариумных растений для аккуратной посадки для москвы и области;core_benefit_geo
микроклон аквариумных растений для аккуратной посадки для москвы и области цена;core_benefit_geo
микроклон аквариумных растений для безопасного запуска;core_benefit
купить микроклон аквариумных растений для безопасного запуска;core_benefit
заказать микроклон аквариумных растений для безопасного запуска;core_benefit
микроклон аквариумных растений для безопасного запуска цена;core_benefit
микроклон аквариумных растений для безопасного запуска отзывы;core_benefit
как выбрать микроклон аквариумных растений для безопасного запуска;core_benefit
микроклон аквариумных растений для безопасного запуска в москве;core_benefit_geo
купить микроклон аквариумных растений для безопасного запуска в москве;core_benefit_geo
микроклон аквариумных растений для безопасного запуска в москве цена;core_benefit_geo
микроклон аквариумных растений для безопасного запуска по москве;core_benefit_geo
купить микроклон аквариумных растений для безопасного запуска по москве;core_benefit_geo
микроклон аквариумных растений для безопасного запуска по москве цена;core_benefit_geo
микроклон аквариумных растений для безопасного запуска по московской области;core_benefit_geo
купить микроклон аквариумных растений для безопасного запуска по московской области;core_benefit_geo
микроклон аквариумных растений для безопасного запуска по московской области цена;core_benefit_geo
микроклон аквариумных растений для безопасного запуска в москве с доставкой;core_benefit_geo
купить микроклон аквариумных растений для безопасного запуска в москве с доставкой;core_benefit_geo
микроклон аквариумных растений для безопасного запуска в москве с доставкой цена;core_benefit_geo
микроклон аквариумных растений для безопасного запуска по москве с доставкой;core_benefit_geo
купить микроклон аквариумных растений для безопасного запуска по москве с доставкой;core_benefit_geo
микроклон аквариумных растений для безопасного запуска по москве с доставкой цена;core_benefit_geo
микроклон аквариумных растений для безопасного запуска для москвы и области;core_benefit_geo
купить микроклон аквариумных растений для безопасного запуска для москвы и области;core_benefit_geo
микроклон аквариумных растений для безопасного запуска для москвы и области цена;core_benefit_geo
микроклон аквариумных растений для плотного ковра;core_benefit
купить микроклон аквариумных растений для плотного ковра;core_benefit
заказать микроклон аквариумных растений для плотного ковра;core_benefit
микроклон аквариумных растений для плотного ковра цена;core_benefit
микроклон аквариумных растений для плотного ковра отзывы;core_benefit
как выбрать микроклон аквариумных растений для плотного ковра;core_benefit
микроклон аквариумных растений для плотного ковра в москве;core_benefit_geo
купить микроклон аквариумных растений для плотного ковра в москве;core_benefit_geo
микроклон аквариумных растений для плотного ковра в москве цена;core_benefit_geo
микроклон аквариумных растений для плотного ковра по москве;core_benefit_geo
купить микроклон аквариумных растений для плотного ковра по москве;core_benefit_geo
микроклон аквариумных растений для плотного ковра по москве цена;core_benefit_geo
микроклон аквариумных растений для плотного ковра по московской области;core_benefit_geo
купить микроклон аквариумных растений для плотного ковра по московской области;core_benefit_geo
микроклон аквариумных растений для плотного ковра по московской области цена;core_benefit_geo
микроклон аквариумных растений для плотного ковра в москве с доставкой;core_benefit_geo
купить микроклон аквариумных растений для плотного ковра в москве с доставкой;core_benefit_geo
микроклон аквариумных растений для плотного ковра в москве с доставкой цена;core_benefit_geo
микроклон аквариумных растений для плотного ковра по москве с доставкой;core_benefit_geo
купить микроклон аквариумных растений для плотного ковра по москве с доставкой;core_benefit_geo
микроклон аквариумных растений для плотного ковра по москве с доставкой цена;core_benefit_geo
микроклон аквариумных растений для плотного ковра для москвы и области;core_benefit_geo
купить микроклон аквариумных растений для плотного ковра для москвы и области;core_benefit_geo
микроклон аквариумных растений для плотного ковра для москвы и области цена;core_benefit_geo
микроклон аквариумных растений для яркого акцента;core_benefit
купить микроклон аквариумных растений для яркого акцента;core_benefit
заказать микроклон аквариумных растений для яркого акцента;core_benefit
микроклон аквариумных растений для яркого акцента цена;core_benefit
микроклон аквариумных растений для яркого акцента отзывы;core_benefit
как выбрать микроклон аквариумных растений для яркого акцента;core_benefit
микроклон аквариумных растений для яркого акцента в москве;core_benefit_geo
купить микроклон аквариумных растений для яркого акцента в москве;core_benefit_geo
микроклон аквариумных растений для яркого акцента в москве цена;core_benefit_geo
микроклон аквариумных растений для яркого акцента по москве;core_benefit_geo
купить микроклон аквариумных растений для яркого акцента по москве;core_benefit_geo
микроклон аквариумных растений для яркого акцента по москве цена;core_benefit_geo
микроклон аквариумных растений для яркого акцента по московской области;core_benefit_geo
купить микроклон аквариумных растений для яркого акцента по московской области;core_benefit_geo
микроклон аквариумных растений для яркого акцента по московской области цена;core_benefit_geo
микроклон аквариумных растений для яркого акцента в москве с доставкой;core_benefit_geo
купить микроклон аквариумных растений для яркого акцента в москве с доставкой;core_benefit_geo
микроклон аквариумных растений для яркого акцента в москве с доставкой цена;core_benefit_geo
микроклон аквариумных растений для яркого акцента по москве с доставкой;core_benefit_geo
купить микроклон аквариумных растений для яркого акцента по москве с доставкой;core_benefit_geo
микроклон аквариумных растений для яркого акцента по москве с доставкой цена;core_benefit_geo
микроклон аквариумных растений для яркого акцента для москвы и области;core_benefit_geo
купить микроклон аквариумных растений для яркого акцента для москвы и области;core_benefit_geo
микроклон аквариумных растений для яркого акцента для москвы и области цена;core_benefit_geo
микроклон аквариумных растений для аквариума 20 литров;core_volume
купить микроклон аквариумных растений для аквариума 20 литров;core_volume
заказать микроклон аквариумных растений для аквариума 20 литров;core_volume
микроклон аквариумных растений для аквариума 20 литров цена;core_volume
как выбрать микроклон аквариумных растений для аквариума 20 литров;core_volume
микроклон аквариумных растений для аквариума 30 литров;core_volume
купить микроклон аквариумных растений для аквариума 30 литров;core_volume
заказать микроклон аквариумных растений для аквариума 30 литров;core_volume
микроклон аквариумных растений для аквариума 30 литров цена;core_volume
как выбрать микроклон аквариумных растений для аквариума 30 литров;core_volume
микроклон аквариумных растений для аквариума 40 литров;core_volume
купить микроклон аквариумных растений для аквариума 40 литров;core_volume
заказать микроклон аквариумных растений для аквариума 40 литров;core_volume
микроклон аквариумных растений для аквариума 40 литров цена;core_volume
как выбрать микроклон аквариумных растений для аквариума 40 литров;core_volume
микроклон аквариумных растений для аквариума 50 литров;core_volume
купить микроклон аквариумных растений для аквариума 50 литров;core_volume
заказать микроклон аквариумных растений для аквариума 50 литров;core_volume
микроклон аквариумных растений для аквариума 50 литров цена;core_volume
как выбрать микроклон аквариумных растений для аквариума 50 литров;core_volume
микроклон аквариумных растений для аквариума 60 литров;core_volume
купить микроклон аквариумных растений для аквариума 60 литров;core_volume
заказать микроклон аквариумных растений для аквариума 60 литров;core_volume
микроклон аквариумных растений для аквариума 60 литров цена;core_volume
как выбрать микроклон аквариумных растений для аквариума 60 литров;core_volume
микроклон аквариумных растений для аквариума 80 литров;core_volume
купить микроклон аквариумных растений для аквариума 80 литров;core_volume
заказать микроклон аквариумных растений для аквариума 80 литров;core_volume
микроклон аквариумных растений для аквариума 80 литров цена;core_volume
как выбрать микроклон аквариумных растений для аквариума 80 литров;core_volume
микроклон аквариумных растений для аквариума 100 литров;core_volume
купить микроклон аквариумных растений для аквариума 100 литров;core_volume
заказать микроклон аквариумных растений для аквариума 100 литров;core_volume
микроклон аквариумных растений для аквариума 100 литров цена;core_volume
как выбрать микроклон аквариумных растений для аквариума 100 литров;core_volume
микроклон аквариумных растений для аквариума 120 литров;core_volume
купить микроклон аквариумных растений для аквариума 120 литров;core_volume
заказать микроклон аквариумных растений для аквариума 120 литров;core_volume
микроклон аквариумных растений для аквариума 120 литров цена;core_volume
как выбрать микроклон аквариумных растений для аквариума 120 литров;core_volume
микроклон аквариумных растений для аквариума 200 литров;core_volume
купить микроклон аквариумных растений для аквариума 200 литров;core_volume
заказать микроклон аквариумных растений для аквариума 200 литров;core_volume
микроклон аквариумных растений для аквариума 200 литров цена;core_volume
как выбрать микроклон аквариумных растений для аквариума 200 литров;core_volume
купить микроклонные аквариумные растения;core_commercial
заказать микроклонные аквариумные растения;core_commercial
где купить микроклонные аквариумные растения;core_commercial
где заказать микроклонные аквариумные растения;core_commercial
микроклонные аквариумные растения цена;core_commercial
микроклонные аквариумные растения цены;core_commercial
микроклонные аквариумные растения стоимость;core_commercial
микроклонные аквариумные растения прайс;core_commercial
микроклонные аквариумные растения наличие;core_commercial
микроклонные аквариумные растения каталог;core_commercial
микроклонные аквариумные растения отзывы;core_commercial
микроклонные аквариумные растения доставка;core_commercial
микроклонные аквариумные растения в наличии;core_commercial
как выбрать микроклонные аквариумные растения;core_info
как заказать микроклонные аквариумные растения;core_info
как купить микроклонные аквариумные растения;core_info
как посадить микроклонные аквариумные растения;core_info
как сажать микроклонные аквариумные растения;core_info
микроклонные аквариумные растения для начинающих;core_info
микроклонные аквариумные растения для чистого запуска;core_info
микроклонные аквариумные растения что выбрать;core_info
микроклонные аквариумные растения как оформить заказ;core_info
микроклонные аквариумные растения для красивого аквариума;core_info
микроклонные аквариумные растения для здорового аквариума;core_info
микроклонные аквариумные растения в москве;core_geo
купить микроклонные аквариумные растения в москве;core_geo
заказать микроклонные аквариумные растения в москве;core_geo
где купить микроклонные аквариумные растения в москве;core_geo
микроклонные аквариумные растения в москве цена;core_geo
микроклонные аквариумные растения в москве наличие;core_geo
микроклонные аквариумные растения по москве;core_geo
купить микроклонные аквариумные растения по москве;core_geo
заказать микроклонные аквариумные растения по москве;core_geo
где купить микроклонные аквариумные растения по москве;core_geo
микроклонные аквариумные растения по москве цена;core_geo
микроклонные аквариумные растения по москве наличие;core_geo
микроклонные аквариумные растения по московской области;core_geo
купить микроклонные аквариумные растения по московской области;core_geo
заказать микроклонные аквариумные растения по московской области;core_geo
где купить микроклонные аквариумные растения по московской области;core_geo
микроклонные аквариумные растения по московской области цена;core_geo
микроклонные аквариумные растения по московской области наличие;core_geo
микроклонные аквариумные растения в москве с доставкой;core_geo
купить микроклонные аквариумные растения в москве с доставкой;core_geo
заказать микроклонные аквариумные растения в москве с доставкой;core_geo
где купить микроклонные аквариумные растения в москве с доставкой;core_geo
микроклонные аквариумные растения в москве с доставкой цена;core_geo
микроклонные аквариумные растения в москве с доставкой наличие;core_geo
микроклонные аквариумные растения по москве с доставкой;core_geo
купить микроклонные аквариумные растения по москве с доставкой;core_geo
заказать микроклонные аквариумные растения по москве с доставкой;core_geo
где купить микроклонные аквариумные растения по москве с доставкой;core_geo
микроклонные аквариумные растения по москве с доставкой цена;core_geo
микроклонные аквариумные растения по москве с доставкой наличие;core_geo
микроклонные аквариумные растения для москвы и области;core_geo
купить микроклонные аквариумные растения для москвы и области;core_geo
заказать микроклонные аквариумные растения для москвы и области;core_geo
где купить микроклонные аквариумные растения для москвы и области;core_geo
микроклонные аквариумные растения для москвы и области цена;core_geo
микроклонные аквариумные растения для москвы и области наличие;core_geo
микроклонные аквариумные растения для акваскейпа;core_use
купить микроклонные аквариумные растения для акваскейпа;core_use
заказать микроклонные аквариумные растения для акваскейпа;core_use
где купить микроклонные аквариумные растения для акваскейпа;core_use
микроклонные аквариумные растения для акваскейпа цена;core_use
микроклонные аквариумные растения для акваскейпа отзывы;core_use
как выбрать микроклонные аквариумные растения для акваскейпа;core_use
как посадить микроклонные аквариумные растения для акваскейпа;core_use
микроклонные аквариумные растения для акваскейпа в москве;core_use_geo
купить микроклонные аквариумные растения для акваскейпа в москве;core_use_geo
заказать микроклонные аквариумные растения для акваскейпа в москве;core_use_geo
микроклонные аквариумные растения для акваскейпа в москве цена;core_use_geo
микроклонные аквариумные растения для акваскейпа по москве;core_use_geo
купить микроклонные аквариумные растения для акваскейпа по москве;core_use_geo
заказать микроклонные аквариумные растения для акваскейпа по москве;core_use_geo
микроклонные аквариумные растения для акваскейпа по москве цена;core_use_geo
микроклонные аквариумные растения для акваскейпа по московской области;core_use_geo
купить микроклонные аквариумные растения для акваскейпа по московской области;core_use_geo
заказать микроклонные аквариумные растения для акваскейпа по московской области;core_use_geo
микроклонные аквариумные растения для акваскейпа по московской области цена;core_use_geo
микроклонные аквариумные растения для акваскейпа в москве с доставкой;core_use_geo
купить микроклонные аквариумные растения для акваскейпа в москве с доставкой;core_use_geo
заказать микроклонные аквариумные растения для акваскейпа в москве с доставкой;core_use_geo
микроклонные аквариумные растения для акваскейпа в москве с доставкой цена;core_use_geo
микроклонные аквариумные растения для акваскейпа по москве с доставкой;core_use_geo
купить микроклонные аквариумные растения для акваскейпа по москве с доставкой;core_use_geo
заказать микроклонные аквариумные растения для акваскейпа по москве с доставкой;core_use_geo
микроклонные аквариумные растения для акваскейпа по москве с доставкой цена;core_use_geo
микроклонные аквариумные растения для акваскейпа для москвы и области;core_use_geo
купить микроклонные аквариумные растения для акваскейпа для москвы и области;core_use_geo
заказать микроклонные аквариумные растения для акваскейпа для москвы и области;core_use_geo
микроклонные аквариумные растения для акваскейпа для москвы и области цена;core_use_geo
микроклонные аквариумные растения для травника;core_use
купить микроклонные аквариумные растения для травника;core_use
заказать микроклонные аквариумные растения для травника;core_use
где купить микроклонные аквариумные растения для травника;core_use
микроклонные аквариумные растения для травника цена;core_use
микроклонные аквариумные растения для травника отзывы;core_use
как выбрать микроклонные аквариумные растения для травника;core_use
как посадить микроклонные аквариумные растения для травника;core_use
микроклонные аквариумные растения для травника в москве;core_use_geo
купить микроклонные аквариумные растения для травника в москве;core_use_geo
заказать микроклонные аквариумные растения для травника в москве;core_use_geo
микроклонные аквариумные растения для травника в москве цена;core_use_geo
микроклонные аквариумные растения для травника по москве;core_use_geo
купить микроклонные аквариумные растения для травника по москве;core_use_geo
заказать микроклонные аквариумные растения для травника по москве;core_use_geo
микроклонные аквариумные растения для травника по москве цена;core_use_geo
микроклонные аквариумные растения для травника по московской области;core_use_geo
купить микроклонные аквариумные растения для травника по московской области;core_use_geo
заказать микроклонные аквариумные растения для травника по московской области;core_use_geo
микроклонные аквариумные растения для травника по московской области цена;core_use_geo
микроклонные аквариумные растения для травника в москве с доставкой;core_use_geo
купить микроклонные аквариумные растения для травника в москве с доставкой;core_use_geo
заказать микроклонные аквариумные растения для травника в москве с доставкой;core_use_geo
микроклонные аквариумные растения для травника в москве с доставкой цена;core_use_geo
микроклонные аквариумные растения для травника по москве с доставкой;core_use_geo
купить микроклонные аквариумные растения для травника по москве с доставкой;core_use_geo
заказать микроклонные аквариумные растения для травника по москве с доставкой;core_use_geo
микроклонные аквариумные растения для травника по москве с доставкой цена;core_use_geo
микроклонные аквариумные растения для травника для москвы и области;core_use_geo
купить микроклонные аквариумные растения для травника для москвы и области;core_use_geo
заказать микроклонные аквариумные растения для травника для москвы и области;core_use_geo
микроклонные аквариумные растения для травника для москвы и области цена;core_use_geo
микроклонные аквариумные растения для запуска аквариума;core_use
купить микроклонные аквариумные растения для запуска аквариума;core_use
заказать микроклонные аквариумные растения для запуска аквариума;core_use
где купить микроклонные аквариумные растения для запуска аквариума;core_use
микроклонные аквариумные растения для запуска аквариума цена;core_use
микроклонные аквариумные растения для запуска аквариума отзывы;core_use
как выбрать микроклонные аквариумные растения для запуска аквариума;core_use
как посадить микроклонные аквариумные растения для запуска аквариума;core_use
микроклонные аквариумные растения для запуска аквариума в москве;core_use_geo
купить микроклонные аквариумные растения для запуска аквариума в москве;core_use_geo
заказать микроклонные аквариумные растения для запуска аквариума в москве;core_use_geo
микроклонные аквариумные растения для запуска аквариума в москве цена;core_use_geo
микроклонные аквариумные растения для запуска аквариума по москве;core_use_geo
купить микроклонные аквариумные растения для запуска аквариума по москве;core_use_geo
заказать микроклонные аквариумные растения для запуска аквариума по москве;core_use_geo
микроклонные аквариумные растения для запуска аквариума по москве цена;core_use_geo
микроклонные аквариумные растения для запуска аквариума по московской области;core_use_geo
купить микроклонные аквариумные растения для запуска аквариума по московской области;core_use_geo
заказать микроклонные аквариумные растения для запуска аквариума по московской области;core_use_geo
микроклонные аквариумные растения для запуска аквариума по московской области цена;core_use_geo
микроклонные аквариумные растения для запуска аквариума в москве с доставкой;core_use_geo
купить микроклонные аквариумные растения для запуска аквариума в москве с доставкой;core_use_geo
заказать микроклонные аквариумные растения для запуска аквариума в москве с доставкой;core_use_geo
микроклонные аквариумные растения для запуска аквариума в москве с доставкой цена;core_use_geo
микроклонные аквариумные растения для запуска аквариума по москве с доставкой;core_use_geo
купить микроклонные аквариумные растения для запуска аквариума по москве с доставкой;core_use_geo
заказать микроклонные аквариумные растения для запуска аквариума по москве с доставкой;core_use_geo
микроклонные аквариумные растения для запуска аквариума по москве с доставкой цена;core_use_geo
микроклонные аквариумные растения для запуска аквариума для москвы и области;core_use_geo
купить микроклонные аквариумные растения для запуска аквариума для москвы и области;core_use_geo
заказать микроклонные аквариумные растения для запуска аквариума для москвы и области;core_use_geo
микроклонные аквариумные растения для запуска аквариума для москвы и области цена;core_use_geo
микроклонные аквариумные растения для нового аквариума;core_use
купить микроклонные аквариумные растения для нового аквариума;core_use
заказать микроклонные аквариумные растения для нового аквариума;core_use
где купить микроклонные аквариумные растения для нового аквариума;core_use
микроклонные аквариумные растения для нового аквариума цена;core_use
микроклонные аквариумные растения для нового аквариума отзывы;core_use
как выбрать микроклонные аквариумные растения для нового аквариума;core_use
как посадить микроклонные аквариумные растения для нового аквариума;core_use
микроклонные аквариумные растения для нового аквариума в москве;core_use_geo
купить микроклонные аквариумные растения для нового аквариума в москве;core_use_geo
заказать микроклонные аквариумные растения для нового аквариума в москве;core_use_geo
микроклонные аквариумные растения для нового аквариума в москве цена;core_use_geo
микроклонные аквариумные растения для нового аквариума по москве;core_use_geo
купить микроклонные аквариумные растения для нового аквариума по москве;core_use_geo
заказать микроклонные аквариумные растения для нового аквариума по москве;core_use_geo
микроклонные аквариумные растения для нового аквариума по москве цена;core_use_geo
микроклонные аквариумные растения для нового аквариума по московской области;core_use_geo
купить микроклонные аквариумные растения для нового аквариума по московской области;core_use_geo
заказать микроклонные аквариумные растения для нового аквариума по московской области;core_use_geo
микроклонные аквариумные растения для нового аквариума по московской области цена;core_use_geo
микроклонные аквариумные растения для нового аквариума в москве с доставкой;core_use_geo
купить микроклонные аквариумные растения для нового аквариума в москве с доставкой;core_use_geo
заказать микроклонные аквариумные растения для нового аквариума в москве с доставкой;core_use_geo
микроклонные аквариумные растения для нового аквариума в москве с доставкой цена;core_use_geo
микроклонные аквариумные растения для нового аквариума по москве с доставкой;core_use_geo
купить микроклонные аквариумные растения для нового аквариума по москве с доставкой;core_use_geo
заказать микроклонные аквариумные растения для нового аквариума по москве с доставкой;core_use_geo
микроклонные аквариумные растения для нового аквариума по москве с доставкой цена;core_use_geo
микроклонные аквариумные растения для нового аквариума для москвы и области;core_use_geo
купить микроклонные аквариумные растения для нового аквариума для москвы и области;core_use_geo
заказать микроклонные аквариумные растения для нового аквариума для москвы и области;core_use_geo
микроклонные аквариумные растения для нового аквариума для москвы и области цена;core_use_geo
микроклонные аквариумные растения для переднего плана;core_use
купить микроклонные аквариумные растения для переднего плана;core_use
заказать микроклонные аквариумные растения для переднего плана;core_use
где купить микроклонные аквариумные растения для переднего плана;core_use
микроклонные аквариумные растения для переднего плана цена;core_use
микроклонные аквариумные растения для переднего плана отзывы;core_use
как выбрать микроклонные аквариумные растения для переднего плана;core_use
как посадить микроклонные аквариумные растения для переднего плана;core_use
микроклонные аквариумные растения для переднего плана в москве;core_use_geo
купить микроклонные аквариумные растения для переднего плана в москве;core_use_geo
заказать микроклонные аквариумные растения для переднего плана в москве;core_use_geo
микроклонные аквариумные растения для переднего плана в москве цена;core_use_geo
микроклонные аквариумные растения для переднего плана по москве;core_use_geo
купить микроклонные аквариумные растения для переднего плана по москве;core_use_geo
заказать микроклонные аквариумные растения для переднего плана по москве;core_use_geo
микроклонные аквариумные растения для переднего плана по москве цена;core_use_geo
микроклонные аквариумные растения для переднего плана по московской области;core_use_geo
купить микроклонные аквариумные растения для переднего плана по московской области;core_use_geo
заказать микроклонные аквариумные растения для переднего плана по московской области;core_use_geo
микроклонные аквариумные растения для переднего плана по московской области цена;core_use_geo
микроклонные аквариумные растения для переднего плана в москве с доставкой;core_use_geo
купить микроклонные аквариумные растения для переднего плана в москве с доставкой;core_use_geo
заказать микроклонные аквариумные растения для переднего плана в москве с доставкой;core_use_geo
микроклонные аквариумные растения для переднего плана в москве с доставкой цена;core_use_geo
микроклонные аквариумные растения для переднего плана по москве с доставкой;core_use_geo
купить микроклонные аквариумные растения для переднего плана по москве с доставкой;core_use_geo
заказать микроклонные аквариумные растения для переднего плана по москве с доставкой;core_use_geo
микроклонные аквариумные растения для переднего плана по москве с доставкой цена;core_use_geo
микроклонные аквариумные растения для переднего плана для москвы и области;core_use_geo
купить микроклонные аквариумные растения для переднего плана для москвы и области;core_use_geo
заказать микроклонные аквариумные растения для переднего плана для москвы и области;core_use_geo
микроклонные аквариумные растения для переднего плана для москвы и области цена;core_use_geo
микроклонные аквариумные растения для среднего плана;core_use
купить микроклонные аквариумные растения для среднего плана;core_use
заказать микроклонные аквариумные растения для среднего плана;core_use
где купить микроклонные аквариумные растения для среднего плана;core_use
микроклонные аквариумные растения для среднего плана цена;core_use
микроклонные аквариумные растения для среднего плана отзывы;core_use
как выбрать микроклонные аквариумные растения для среднего плана;core_use
как посадить микроклонные аквариумные растения для среднего плана;core_use
микроклонные аквариумные растения для среднего плана в москве;core_use_geo
купить микроклонные аквариумные растения для среднего плана в москве;core_use_geo
заказать микроклонные аквариумные растения для среднего плана в москве;core_use_geo
микроклонные аквариумные растения для среднего плана в москве цена;core_use_geo
микроклонные аквариумные растения для среднего плана по москве;core_use_geo
купить микроклонные аквариумные растения для среднего плана по москве;core_use_geo
заказать микроклонные аквариумные растения для среднего плана по москве;core_use_geo
микроклонные аквариумные растения для среднего плана по москве цена;core_use_geo
микроклонные аквариумные растения для среднего плана по московской области;core_use_geo
купить микроклонные аквариумные растения для среднего плана по московской области;core_use_geo
заказать микроклонные аквариумные растения для среднего плана по московской области;core_use_geo
микроклонные аквариумные растения для среднего плана по московской области цена;core_use_geo
микроклонные аквариумные растения для среднего плана в москве с доставкой;core_use_geo
купить микроклонные аквариумные растения для среднего плана в москве с доставкой;core_use_geo
заказать микроклонные аквариумные растения для среднего плана в москве с доставкой;core_use_geo
микроклонные аквариумные растения для среднего плана в москве с доставкой цена;core_use_geo
микроклонные аквариумные растения для среднего плана по москве с доставкой;core_use_geo
купить микроклонные аквариумные растения для среднего плана по москве с доставкой;core_use_geo
заказать микроклонные аквариумные растения для среднего плана по москве с доставкой;core_use_geo
микроклонные аквариумные растения для среднего плана по москве с доставкой цена;core_use_geo
микроклонные аквариумные растения для среднего плана для москвы и области;core_use_geo
купить микроклонные аквариумные растения для среднего плана для москвы и области;core_use_geo
заказать микроклонные аквариумные растения для среднего плана для москвы и области;core_use_geo
микроклонные аквариумные растения для среднего плана для москвы и области цена;core_use_geo
микроклонные аквариумные растения для заднего плана;core_use
купить микроклонные аквариумные растения для заднего плана;core_use
заказать микроклонные аквариумные растения для заднего плана;core_use
где купить микроклонные аквариумные растения для заднего плана;core_use
микроклонные аквариумные растения для заднего плана цена;core_use
микроклонные аквариумные растения для заднего плана отзывы;core_use
как выбрать микроклонные аквариумные растения для заднего плана;core_use
как посадить микроклонные аквариумные растения для заднего плана;core_use
микроклонные аквариумные растения для заднего плана в москве;core_use_geo
купить микроклонные аквариумные растения для заднего плана в москве;core_use_geo
заказать микроклонные аквариумные растения для заднего плана в москве;core_use_geo
микроклонные аквариумные растения для заднего плана в москве цена;core_use_geo
микроклонные аквариумные растения для заднего плана по москве;core_use_geo
купить микроклонные аквариумные растения для заднего плана по москве;core_use_geo
заказать микроклонные аквариумные растения для заднего плана по москве;core_use_geo
микроклонные аквариумные растения для заднего плана по москве цена;core_use_geo
микроклонные аквариумные растения для заднего плана по московской области;core_use_geo
купить микроклонные аквариумные растения для заднего плана по московской области;core_use_geo
заказать микроклонные аквариумные растения для заднего плана по московской области;core_use_geo
микроклонные аквариумные растения для заднего плана по московской области цена;core_use_geo
микроклонные аквариумные растения для заднего плана в москве с доставкой;core_use_geo
купить микроклонные аквариумные растения для заднего плана в москве с доставкой;core_use_geo
заказать микроклонные аквариумные растения для заднего плана в москве с доставкой;core_use_geo
микроклонные аквариумные растения для заднего плана в москве с доставкой цена;core_use_geo
микроклонные аквариумные растения для заднего плана по москве с доставкой;core_use_geo
купить микроклонные аквариумные растения для заднего плана по москве с доставкой;core_use_geo
заказать микроклонные аквариумные растения для заднего плана по москве с доставкой;core_use_geo
микроклонные аквариумные растения для заднего плана по москве с доставкой цена;core_use_geo
микроклонные аквариумные растения для заднего плана для москвы и области;core_use_geo
купить микроклонные аквариумные растения для заднего плана для москвы и области;core_use_geo
заказать микроклонные аквариумные растения для заднего плана для москвы и области;core_use_geo
микроклонные аквариумные растения для заднего плана для москвы и области цена;core_use_geo
микроклонные аквариумные растения для нано аквариума;core_use
купить микроклонные аквариумные растения для нано аквариума;core_use
заказать микроклонные аквариумные растения для нано аквариума;core_use
где купить микроклонные аквариумные растения для нано аквариума;core_use
микроклонные аквариумные растения для нано аквариума цена;core_use
микроклонные аквариумные растения для нано аквариума отзывы;core_use
как выбрать микроклонные аквариумные растения для нано аквариума;core_use
как посадить микроклонные аквариумные растения для нано аквариума;core_use
микроклонные аквариумные растения для нано аквариума в москве;core_use_geo
купить микроклонные аквариумные растения для нано аквариума в москве;core_use_geo
заказать микроклонные аквариумные растения для нано аквариума в москве;core_use_geo
микроклонные аквариумные растения для нано аквариума в москве цена;core_use_geo
микроклонные аквариумные растения для нано аквариума по москве;core_use_geo
купить микроклонные аквариумные растения для нано аквариума по москве;core_use_geo
заказать микроклонные аквариумные растения для нано аквариума по москве;core_use_geo
микроклонные аквариумные растения для нано аквариума по москве цена;core_use_geo
микроклонные аквариумные растения для нано аквариума по московской области;core_use_geo
купить микроклонные аквариумные растения для нано аквариума по московской области;core_use_geo
заказать микроклонные аквариумные растения для нано аквариума по московской области;core_use_geo
микроклонные аквариумные растения для нано аквариума по московской области цена;core_use_geo
микроклонные аквариумные растения для нано аквариума в москве с доставкой;core_use_geo
купить микроклонные аквариумные растения для нано аквариума в москве с доставкой;core_use_geo
заказать микроклонные аквариумные растения для нано аквариума в москве с доставкой;core_use_geo
микроклонные аквариумные растения для нано аквариума в москве с доставкой цена;core_use_geo
микроклонные аквариумные растения для нано аквариума по москве с доставкой;core_use_geo
купить микроклонные аквариумные растения для нано аквариума по москве с доставкой;core_use_geo
заказать микроклонные аквариумные растения для нано аквариума по москве с доставкой;core_use_geo
микроклонные аквариумные растения для нано аквариума по москве с доставкой цена;core_use_geo
микроклонные аквариумные растения для нано аквариума для москвы и области;core_use_geo
купить микроклонные аквариумные растения для нано аквариума для москвы и области;core_use_geo
заказать микроклонные аквариумные растения для нано аквариума для москвы и области;core_use_geo
микроклонные аквариумные растения для нано аквариума для москвы и области цена;core_use_geo
микроклонные аквариумные растения для креветочника;core_use
купить микроклонные аквариумные растения для креветочника;core_use
заказать микроклонные аквариумные растения для креветочника;core_use
где купить микроклонные аквариумные растения для креветочника;core_use
микроклонные аквариумные растения для креветочника цена;core_use
микроклонные аквариумные растения для креветочника отзывы;core_use
как выбрать микроклонные аквариумные растения для креветочника;core_use
как посадить микроклонные аквариумные растения для креветочника;core_use
микроклонные аквариумные растения для креветочника в москве;core_use_geo
купить микроклонные аквариумные растения для креветочника в москве;core_use_geo
заказать микроклонные аквариумные растения для креветочника в москве;core_use_geo
микроклонные аквариумные растения для креветочника в москве цена;core_use_geo
микроклонные аквариумные растения для креветочника по москве;core_use_geo
купить микроклонные аквариумные растения для креветочника по москве;core_use_geo
заказать микроклонные аквариумные растения для креветочника по москве;core_use_geo
микроклонные аквариумные растения для креветочника по москве цена;core_use_geo
микроклонные аквариумные растения для креветочника по московской области;core_use_geo
купить микроклонные аквариумные растения для креветочника по московской области;core_use_geo
заказать микроклонные аквариумные растения для креветочника по московской области;core_use_geo
микроклонные аквариумные растения для креветочника по московской области цена;core_use_geo
микроклонные аквариумные растения для креветочника в москве с доставкой;core_use_geo
купить микроклонные аквариумные растения для креветочника в москве с доставкой;core_use_geo
заказать микроклонные аквариумные растения для креветочника в москве с доставкой;core_use_geo
микроклонные аквариумные растения для креветочника в москве с доставкой цена;core_use_geo
микроклонные аквариумные растения для креветочника по москве с доставкой;core_use_geo
купить микроклонные аквариумные растения для креветочника по москве с доставкой;core_use_geo
заказать микроклонные аквариумные растения для креветочника по москве с доставкой;core_use_geo
микроклонные аквариумные растения для креветочника по москве с доставкой цена;core_use_geo
микроклонные аквариумные растения для креветочника для москвы и области;core_use_geo
купить микроклонные аквариумные растения для креветочника для москвы и области;core_use_geo
заказать микроклонные аквариумные растения для креветочника для москвы и области;core_use_geo
микроклонные аквариумные растения для креветочника для москвы и области цена;core_use_geo
микроклонные аквариумные растения для природного аквариума;core_use
купить микроклонные аквариумные растения для природного аквариума;core_use
заказать микроклонные аквариумные растения для природного аквариума;core_use
где купить микроклонные аквариумные растения для природного аквариума;core_use
микроклонные аквариумные растения для природного аквариума цена;core_use
микроклонные аквариумные растения для природного аквариума отзывы;core_use
как выбрать микроклонные аквариумные растения для природного аквариума;core_use
как посадить микроклонные аквариумные растения для природного аквариума;core_use
микроклонные аквариумные растения для природного аквариума в москве;core_use_geo
купить микроклонные аквариумные растения для природного аквариума в москве;core_use_geo
заказать микроклонные аквариумные растения для природного аквариума в москве;core_use_geo
микроклонные аквариумные растения для природного аквариума в москве цена;core_use_geo
микроклонные аквариумные растения для природного аквариума по москве;core_use_geo
купить микроклонные аквариумные растения для природного аквариума по москве;core_use_geo
заказать микроклонные аквариумные растения для природного аквариума по москве;core_use_geo
микроклонные аквариумные растения для природного аквариума по москве цена;core_use_geo
микроклонные аквариумные растения для природного аквариума по московской области;core_use_geo
купить микроклонные аквариумные растения для природного аквариума по московской области;core_use_geo
заказать микроклонные аквариумные растения для природного аквариума по московской области;core_use_geo
микроклонные аквариумные растения для природного аквариума по московской области цена;core_use_geo
микроклонные аквариумные растения для природного аквариума в москве с доставкой;core_use_geo
купить микроклонные аквариумные растения для природного аквариума в москве с доставкой;core_use_geo
заказать микроклонные аквариумные растения для природного аквариума в москве с доставкой;core_use_geo
микроклонные аквариумные растения для природного аквариума в москве с доставкой цена;core_use_geo
микроклонные аквариумные растения для природного аквариума по москве с доставкой;core_use_geo
купить микроклонные аквариумные растения для природного аквариума по москве с доставкой;core_use_geo
заказать микроклонные аквариумные растения для природного аквариума по москве с доставкой;core_use_geo
микроклонные аквариумные растения для природного аквариума по москве с доставкой цена;core_use_geo
микроклонные аквариумные растения для природного аквариума для москвы и области;core_use_geo
купить микроклонные аквариумные растения для природного аквариума для москвы и области;core_use_geo
заказать микроклонные аквариумные растения для природного аквариума для москвы и области;core_use_geo
микроклонные аквариумные растения для природного аквариума для москвы и области цена;core_use_geo
микроклонные аквариумные растения для голландского аквариума;core_use
купить микроклонные аквариумные растения для голландского аквариума;core_use
заказать микроклонные аквариумные растения для голландского аквариума;core_use
где купить микроклонные аквариумные растения для голландского аквариума;core_use
микроклонные аквариумные растения для голландского аквариума цена;core_use
микроклонные аквариумные растения для голландского аквариума отзывы;core_use
как выбрать микроклонные аквариумные растения для голландского аквариума;core_use
как посадить микроклонные аквариумные растения для голландского аквариума;core_use
микроклонные аквариумные растения для голландского аквариума в москве;core_use_geo
купить микроклонные аквариумные растения для голландского аквариума в москве;core_use_geo
заказать микроклонные аквариумные растения для голландского аквариума в москве;core_use_geo
микроклонные аквариумные растения для голландского аквариума в москве цена;core_use_geo
микроклонные аквариумные растения для голландского аквариума по москве;core_use_geo
купить микроклонные аквариумные растения для голландского аквариума по москве;core_use_geo
заказать микроклонные аквариумные растения для голландского аквариума по москве;core_use_geo
микроклонные аквариумные растения для голландского аквариума по москве цена;core_use_geo
микроклонные аквариумные растения для голландского аквариума по московской области;core_use_geo
купить микроклонные аквариумные растения для голландского аквариума по московской области;core_use_geo
заказать микроклонные аквариумные растения для голландского аквариума по московской области;core_use_geo
микроклонные аквариумные растения для голландского аквариума по московской области цена;core_use_geo
микроклонные аквариумные растения для голландского аквариума в москве с доставкой;core_use_geo
купить микроклонные аквариумные растения для голландского аквариума в москве с доставкой;core_use_geo
заказать микроклонные аквариумные растения для голландского аквариума в москве с доставкой;core_use_geo
микроклонные аквариумные растения для голландского аквариума в москве с доставкой цена;core_use_geo
микроклонные аквариумные растения для голландского аквариума по москве с доставкой;core_use_geo
купить микроклонные аквариумные растения для голландского аквариума по москве с доставкой;core_use_geo
заказать микроклонные аквариумные растения для голландского аквариума по москве с доставкой;core_use_geo
микроклонные аквариумные растения для голландского аквариума по москве с доставкой цена;core_use_geo
микроклонные аквариумные растения для голландского аквариума для москвы и области;core_use_geo
купить микроклонные аквариумные растения для голландского аквариума для москвы и области;core_use_geo
заказать микроклонные аквариумные растения для голландского аквариума для москвы и области;core_use_geo
микроклонные аквариумные растения для голландского аквариума для москвы и области цена;core_use_geo
микроклонные аквариумные растения для оформления аквариума;core_use
купить микроклонные аквариумные растения для оформления аквариума;core_use
заказать микроклонные аквариумные растения для оформления аквариума;core_use
где купить микроклонные аквариумные растения для оформления аквариума;core_use
микроклонные аквариумные растения для оформления аквариума цена;core_use
микроклонные аквариумные растения для оформления аквариума отзывы;core_use
как выбрать микроклонные аквариумные растения для оформления аквариума;core_use
как посадить микроклонные аквариумные растения для оформления аквариума;core_use
микроклонные аквариумные растения для оформления аквариума в москве;core_use_geo
купить микроклонные аквариумные растения для оформления аквариума в москве;core_use_geo
заказать микроклонные аквариумные растения для оформления аквариума в москве;core_use_geo
микроклонные аквариумные растения для оформления аквариума в москве цена;core_use_geo
микроклонные аквариумные растения для оформления аквариума по москве;core_use_geo
купить микроклонные аквариумные растения для оформления аквариума по москве;core_use_geo
заказать микроклонные аквариумные растения для оформления аквариума по москве;core_use_geo
микроклонные аквариумные растения для оформления аквариума по москве цена;core_use_geo
микроклонные аквариумные растения для оформления аквариума по московской области;core_use_geo
купить микроклонные аквариумные растения для оформления аквариума по московской области;core_use_geo
заказать микроклонные аквариумные растения для оформления аквариума по московской области;core_use_geo
микроклонные аквариумные растения для оформления аквариума по московской области цена;core_use_geo
микроклонные аквариумные растения для оформления аквариума в москве с доставкой;core_use_geo
купить микроклонные аквариумные растения для оформления аквариума в москве с доставкой;core_use_geo
заказать микроклонные аквариумные растения для оформления аквариума в москве с доставкой;core_use_geo
микроклонные аквариумные растения для оформления аквариума в москве с доставкой цена;core_use_geo
микроклонные аквариумные растения для оформления аквариума по москве с доставкой;core_use_geo
купить микроклонные аквариумные растения для оформления аквариума по москве с доставкой;core_use_geo
заказать микроклонные аквариумные растения для оформления аквариума по москве с доставкой;core_use_geo
микроклонные аквариумные растения для оформления аквариума по москве с доставкой цена;core_use_geo
микроклонные аквариумные растения для оформления аквариума для москвы и области;core_use_geo
купить микроклонные аквариумные растения для оформления аквариума для москвы и области;core_use_geo
заказать микроклонные аквариумные растения для оформления аквариума для москвы и области;core_use_geo
микроклонные аквариумные растения для оформления аквариума для москвы и области цена;core_use_geo
микроклонные аквариумные растения для аквариумного дизайна;core_use
купить микроклонные аквариумные растения для аквариумного дизайна;core_use
заказать микроклонные аквариумные растения для аквариумного дизайна;core_use
где купить микроклонные аквариумные растения для аквариумного дизайна;core_use
микроклонные аквариумные растения для аквариумного дизайна цена;core_use
микроклонные аквариумные растения для аквариумного дизайна отзывы;core_use
как выбрать микроклонные аквариумные растения для аквариумного дизайна;core_use
как посадить микроклонные аквариумные растения для аквариумного дизайна;core_use
микроклонные аквариумные растения для аквариумного дизайна в москве;core_use_geo
купить микроклонные аквариумные растения для аквариумного дизайна в москве;core_use_geo
заказать микроклонные аквариумные растения для аквариумного дизайна в москве;core_use_geo
микроклонные аквариумные растения для аквариумного дизайна в москве цена;core_use_geo
микроклонные аквариумные растения для аквариумного дизайна по москве;core_use_geo
купить микроклонные аквариумные растения для аквариумного дизайна по москве;core_use_geo
заказать микроклонные аквариумные растения для аквариумного дизайна по москве;core_use_geo
микроклонные аквариумные растения для аквариумного дизайна по москве цена;core_use_geo
микроклонные аквариумные растения для аквариумного дизайна по московской области;core_use_geo
купить микроклонные аквариумные растения для аквариумного дизайна по московской области;core_use_geo
заказать микроклонные аквариумные растения для аквариумного дизайна по московской области;core_use_geo
микроклонные аквариумные растения для аквариумного дизайна по московской области цена;core_use_geo
микроклонные аквариумные растения для аквариумного дизайна в москве с доставкой;core_use_geo
купить микроклонные аквариумные растения для аквариумного дизайна в москве с доставкой;core_use_geo
заказать микроклонные аквариумные растения для аквариумного дизайна в москве с доставкой;core_use_geo
микроклонные аквариумные растения для аквариумного дизайна в москве с доставкой цена;core_use_geo
микроклонные аквариумные растения для аквариумного дизайна по москве с доставкой;core_use_geo
купить микроклонные аквариумные растения для аквариумного дизайна по москве с доставкой;core_use_geo
заказать микроклонные аквариумные растения для аквариумного дизайна по москве с доставкой;core_use_geo
микроклонные аквариумные растения для аквариумного дизайна по москве с доставкой цена;core_use_geo
микроклонные аквариумные растения для аквариумного дизайна для москвы и области;core_use_geo
купить микроклонные аквариумные растения для аквариумного дизайна для москвы и области;core_use_geo
заказать микроклонные аквариумные растения для аквариумного дизайна для москвы и области;core_use_geo
микроклонные аквариумные растения для аквариумного дизайна для москвы и области цена;core_use_geo
микроклонные аквариумные растения для плотной посадки;core_use
купить микроклонные аквариумные растения для плотной посадки;core_use
заказать микроклонные аквариумные растения для плотной посадки;core_use
где купить микроклонные аквариумные растения для плотной посадки;core_use
микроклонные аквариумные растения для плотной посадки цена;core_use
микроклонные аквариумные растения для плотной посадки отзывы;core_use
как выбрать микроклонные аквариумные растения для плотной посадки;core_use
как посадить микроклонные аквариумные растения для плотной посадки;core_use
микроклонные аквариумные растения для плотной посадки в москве;core_use_geo
купить микроклонные аквариумные растения для плотной посадки в москве;core_use_geo
заказать микроклонные аквариумные растения для плотной посадки в москве;core_use_geo
микроклонные аквариумные растения для плотной посадки в москве цена;core_use_geo
микроклонные аквариумные растения для плотной посадки по москве;core_use_geo
купить микроклонные аквариумные растения для плотной посадки по москве;core_use_geo
заказать микроклонные аквариумные растения для плотной посадки по москве;core_use_geo
микроклонные аквариумные растения для плотной посадки по москве цена;core_use_geo
микроклонные аквариумные растения для плотной посадки по московской области;core_use_geo
купить микроклонные аквариумные растения для плотной посадки по московской области;core_use_geo
заказать микроклонные аквариумные растения для плотной посадки по московской области;core_use_geo
микроклонные аквариумные растения для плотной посадки по московской области цена;core_use_geo
микроклонные аквариумные растения для плотной посадки в москве с доставкой;core_use_geo
купить микроклонные аквариумные растения для плотной посадки в москве с доставкой;core_use_geo
заказать микроклонные аквариумные растения для плотной посадки в москве с доставкой;core_use_geo
микроклонные аквариумные растения для плотной посадки в москве с доставкой цена;core_use_geo
микроклонные аквариумные растения для плотной посадки по москве с доставкой;core_use_geo
купить микроклонные аквариумные растения для плотной посадки по москве с доставкой;core_use_geo
заказать микроклонные аквариумные растения для плотной посадки по москве с доставкой;core_use_geo
микроклонные аквариумные растения для плотной посадки по москве с доставкой цена;core_use_geo
микроклонные аквариумные растения для плотной посадки для москвы и области;core_use_geo
купить микроклонные аквариумные растения для плотной посадки для москвы и области;core_use_geo
заказать микроклонные аквариумные растения для плотной посадки для москвы и области;core_use_geo
микроклонные аквариумные растения для плотной посадки для москвы и области цена;core_use_geo
микроклонные аквариумные растения для чистого старта;core_use
купить микроклонные аквариумные растения для чистого старта;core_use
заказать микроклонные аквариумные растения для чистого старта;core_use
где купить микроклонные аквариумные растения для чистого старта;core_use
микроклонные аквариумные растения для чистого старта цена;core_use
микроклонные аквариумные растения для чистого старта отзывы;core_use
как выбрать микроклонные аквариумные растения для чистого старта;core_use
как посадить микроклонные аквариумные растения для чистого старта;core_use
микроклонные аквариумные растения для чистого старта в москве;core_use_geo
купить микроклонные аквариумные растения для чистого старта в москве;core_use_geo
заказать микроклонные аквариумные растения для чистого старта в москве;core_use_geo
микроклонные аквариумные растения для чистого старта в москве цена;core_use_geo
микроклонные аквариумные растения для чистого старта по москве;core_use_geo
купить микроклонные аквариумные растения для чистого старта по москве;core_use_geo
заказать микроклонные аквариумные растения для чистого старта по москве;core_use_geo
микроклонные аквариумные растения для чистого старта по москве цена;core_use_geo
микроклонные аквариумные растения для чистого старта по московской области;core_use_geo
купить микроклонные аквариумные растения для чистого старта по московской области;core_use_geo
заказать микроклонные аквариумные растения для чистого старта по московской области;core_use_geo
микроклонные аквариумные растения для чистого старта по московской области цена;core_use_geo
микроклонные аквариумные растения для чистого старта в москве с доставкой;core_use_geo
купить микроклонные аквариумные растения для чистого старта в москве с доставкой;core_use_geo
заказать микроклонные аквариумные растения для чистого старта в москве с доставкой;core_use_geo
микроклонные аквариумные растения для чистого старта в москве с доставкой цена;core_use_geo
микроклонные аквариумные растения для чистого старта по москве с доставкой;core_use_geo
купить микроклонные аквариумные растения для чистого старта по москве с доставкой;core_use_geo
заказать микроклонные аквариумные растения для чистого старта по москве с доставкой;core_use_geo
микроклонные аквариумные растения для чистого старта по москве с доставкой цена;core_use_geo
микроклонные аквариумные растения для чистого старта для москвы и области;core_use_geo
купить микроклонные аквариумные растения для чистого старта для москвы и области;core_use_geo
заказать микроклонные аквариумные растения для чистого старта для москвы и области;core_use_geo
микроклонные аквариумные растения для чистого старта для москвы и области цена;core_use_geo
купить микроклонные аквариумные растения для красивого аквариума;core_use
заказать микроклонные аквариумные растения для красивого аквариума;core_use
где купить микроклонные аквариумные растения для красивого аквариума;core_use
микроклонные аквариумные растения для красивого аквариума цена;core_use
микроклонные аквариумные растения для красивого аквариума отзывы;core_use
как выбрать микроклонные аквариумные растения для красивого аквариума;core_use
как посадить микроклонные аквариумные растения для красивого аквариума;core_use
микроклонные аквариумные растения для красивого аквариума в москве;core_use_geo
купить микроклонные аквариумные растения для красивого аквариума в москве;core_use_geo
заказать микроклонные аквариумные растения для красивого аквариума в москве;core_use_geo
микроклонные аквариумные растения для красивого аквариума в москве цена;core_use_geo
микроклонные аквариумные растения для красивого аквариума по москве;core_use_geo
купить микроклонные аквариумные растения для красивого аквариума по москве;core_use_geo
заказать микроклонные аквариумные растения для красивого аквариума по москве;core_use_geo
микроклонные аквариумные растения для красивого аквариума по москве цена;core_use_geo
микроклонные аквариумные растения для красивого аквариума по московской области;core_use_geo
купить микроклонные аквариумные растения для красивого аквариума по московской области;core_use_geo
заказать микроклонные аквариумные растения для красивого аквариума по московской области;core_use_geo
микроклонные аквариумные растения для красивого аквариума по московской области цена;core_use_geo
микроклонные аквариумные растения для красивого аквариума в москве с доставкой;core_use_geo
купить микроклонные аквариумные растения для красивого аквариума в москве с доставкой;core_use_geo
заказать микроклонные аквариумные растения для красивого аквариума в москве с доставкой;core_use_geo
микроклонные аквариумные растения для красивого аквариума в москве с доставкой цена;core_use_geo
микроклонные аквариумные растения для красивого аквариума по москве с доставкой;core_use_geo
купить микроклонные аквариумные растения для красивого аквариума по москве с доставкой;core_use_geo
заказать микроклонные аквариумные растения для красивого аквариума по москве с доставкой;core_use_geo
микроклонные аквариумные растения для красивого аквариума по москве с доставкой цена;core_use_geo
микроклонные аквариумные растения для красивого аквариума для москвы и области;core_use_geo
купить микроклонные аквариумные растения для красивого аквариума для москвы и области;core_use_geo
заказать микроклонные аквариумные растения для красивого аквариума для москвы и области;core_use_geo
микроклонные аквариумные растения для красивого аквариума для москвы и области цена;core_use_geo
купить микроклонные аквариумные растения для здорового аквариума;core_use
заказать микроклонные аквариумные растения для здорового аквариума;core_use
где купить микроклонные аквариумные растения для здорового аквариума;core_use
микроклонные аквариумные растения для здорового аквариума цена;core_use
микроклонные аквариумные растения для здорового аквариума отзывы;core_use
как выбрать микроклонные аквариумные растения для здорового аквариума;core_use
как посадить микроклонные аквариумные растения для здорового аквариума;core_use
микроклонные аквариумные растения для здорового аквариума в москве;core_use_geo
купить микроклонные аквариумные растения для здорового аквариума в москве;core_use_geo
заказать микроклонные аквариумные растения для здорового аквариума в москве;core_use_geo
микроклонные аквариумные растения для здорового аквариума в москве цена;core_use_geo
микроклонные аквариумные растения для здорового аквариума по москве;core_use_geo
купить микроклонные аквариумные растения для здорового аквариума по москве;core_use_geo
заказать микроклонные аквариумные растения для здорового аквариума по москве;core_use_geo
микроклонные аквариумные растения для здорового аквариума по москве цена;core_use_geo
микроклонные аквариумные растения для здорового аквариума по московской области;core_use_geo
купить микроклонные аквариумные растения для здорового аквариума по московской области;core_use_geo
заказать микроклонные аквариумные растения для здорового аквариума по московской области;core_use_geo
микроклонные аквариумные растения для здорового аквариума по московской области цена;core_use_geo
микроклонные аквариумные растения для здорового аквариума в москве с доставкой;core_use_geo
купить микроклонные аквариумные растения для здорового аквариума в москве с доставкой;core_use_geo
заказать микроклонные аквариумные растения для здорового аквариума в москве с доставкой;core_use_geo
микроклонные аквариумные растения для здорового аквариума в москве с доставкой цена;core_use_geo
микроклонные аквариумные растения для здорового аквариума по москве с доставкой;core_use_geo
купить микроклонные аквариумные растения для здорового аквариума по москве с доставкой;core_use_geo
заказать микроклонные аквариумные растения для здорового аквариума по москве с доставкой;core_use_geo
микроклонные аквариумные растения для здорового аквариума по москве с доставкой цена;core_use_geo
микроклонные аквариумные растения для здорового аквариума для москвы и области;core_use_geo
купить микроклонные аквариумные растения для здорового аквариума для москвы и области;core_use_geo
заказать микроклонные аквариумные растения для здорового аквариума для москвы и области;core_use_geo
микроклонные аквариумные растения для здорового аквариума для москвы и области цена;core_use_geo
микроклонные аквариумные растения для домашнего аквариума;core_use
купить микроклонные аквариумные растения для домашнего аквариума;core_use
заказать микроклонные аквариумные растения для домашнего аквариума;core_use
где купить микроклонные аквариумные растения для домашнего аквариума;core_use
микроклонные аквариумные растения для домашнего аквариума цена;core_use
микроклонные аквариумные растения для домашнего аквариума отзывы;core_use
как выбрать микроклонные аквариумные растения для домашнего аквариума;core_use
как посадить микроклонные аквариумные растения для домашнего аквариума;core_use
микроклонные аквариумные растения для домашнего аквариума в москве;core_use_geo
купить микроклонные аквариумные растения для домашнего аквариума в москве;core_use_geo
заказать микроклонные аквариумные растения для домашнего аквариума в москве;core_use_geo
микроклонные аквариумные растения для домашнего аквариума в москве цена;core_use_geo
микроклонные аквариумные растения для домашнего аквариума по москве;core_use_geo
купить микроклонные аквариумные растения для домашнего аквариума по москве;core_use_geo
заказать микроклонные аквариумные растения для домашнего аквариума по москве;core_use_geo
микроклонные аквариумные растения для домашнего аквариума по москве цена;core_use_geo
микроклонные аквариумные растения для домашнего аквариума по московской области;core_use_geo
купить микроклонные аквариумные растения для домашнего аквариума по московской области;core_use_geo
заказать микроклонные аквариумные растения для домашнего аквариума по московской области;core_use_geo
микроклонные аквариумные растения для домашнего аквариума по московской области цена;core_use_geo
микроклонные аквариумные растения для домашнего аквариума в москве с доставкой;core_use_geo
купить микроклонные аквариумные растения для домашнего аквариума в москве с доставкой;core_use_geo
заказать микроклонные аквариумные растения для домашнего аквариума в москве с доставкой;core_use_geo
микроклонные аквариумные растения для домашнего аквариума в москве с доставкой цена;core_use_geo
микроклонные аквариумные растения для домашнего аквариума по москве с доставкой;core_use_geo
купить микроклонные аквариумные растения для домашнего аквариума по москве с доставкой;core_use_geo
заказать микроклонные аквариумные растения для домашнего аквариума по москве с доставкой;core_use_geo
микроклонные аквариумные растения для домашнего аквариума по москве с доставкой цена;core_use_geo
микроклонные аквариумные растения для домашнего аквариума для москвы и области;core_use_geo
купить микроклонные аквариумные растения для домашнего аквариума для москвы и области;core_use_geo
заказать микроклонные аквариумные растения для домашнего аквариума для москвы и области;core_use_geo
микроклонные аквариумные растения для домашнего аквариума для москвы и области цена;core_use_geo
микроклонные аквариумные растения для профессионального аквариума;core_use
купить микроклонные аквариумные растения для профессионального аквариума;core_use
заказать микроклонные аквариумные растения для профессионального аквариума;core_use
где купить микроклонные аквариумные растения для профессионального аквариума;core_use
микроклонные аквариумные растения для профессионального аквариума цена;core_use
микроклонные аквариумные растения для профессионального аквариума отзывы;core_use
как выбрать микроклонные аквариумные растения для профессионального аквариума;core_use
как посадить микроклонные аквариумные растения для профессионального аквариума;core_use
микроклонные аквариумные растения для профессионального аквариума в москве;core_use_geo
купить микроклонные аквариумные растения для профессионального аквариума в москве;core_use_geo
заказать микроклонные аквариумные растения для профессионального аквариума в москве;core_use_geo
микроклонные аквариумные растения для профессионального аквариума в москве цена;core_use_geo
микроклонные аквариумные растения для профессионального аквариума по москве;core_use_geo
купить микроклонные аквариумные растения для профессионального аквариума по москве;core_use_geo
заказать микроклонные аквариумные растения для профессионального аквариума по москве;core_use_geo
микроклонные аквариумные растения для профессионального аквариума по москве цена;core_use_geo
микроклонные аквариумные растения для профессионального аквариума по московской области;core_use_geo
купить микроклонные аквариумные растения для профессионального аквариума по московской области;core_use_geo
заказать микроклонные аквариумные растения для профессионального аквариума по московской области;core_use_geo
микроклонные аквариумные растения для профессионального аквариума по московской области цена;core_use_geo
микроклонные аквариумные растения для профессионального аквариума в москве с доставкой;core_use_geo
купить микроклонные аквариумные растения для профессионального аквариума в москве с доставкой;core_use_geo
заказать микроклонные аквариумные растения для профессионального аквариума в москве с доставкой;core_use_geo
микроклонные аквариумные растения для профессионального аквариума в москве с доставкой цена;core_use_geo
микроклонные аквариумные растения для профессионального аквариума по москве с доставкой;core_use_geo
купить микроклонные аквариумные растения для профессионального аквариума по москве с доставкой;core_use_geo
заказать микроклонные аквариумные растения для профессионального аквариума по москве с доставкой;core_use_geo
микроклонные аквариумные растения для профессионального аквариума по москве с доставкой цена;core_use_geo
микроклонные аквариумные растения для профессионального аквариума для москвы и области;core_use_geo
купить микроклонные аквариумные растения для профессионального аквариума для москвы и области;core_use_geo
заказать микроклонные аквариумные растения для профессионального аквариума для москвы и области;core_use_geo
микроклонные аквариумные растения для профессионального аквариума для москвы и области цена;core_use_geo
микроклонные аквариумные растения для посадки на корягу;core_use
купить микроклонные аквариумные растения для посадки на корягу;core_use
заказать микроклонные аквариумные растения для посадки на корягу;core_use
где купить микроклонные аквариумные растения для посадки на корягу;core_use
микроклонные аквариумные растения для посадки на корягу цена;core_use
микроклонные аквариумные растения для посадки на корягу отзывы;core_use
как выбрать микроклонные аквариумные растения для посадки на корягу;core_use
как посадить микроклонные аквариумные растения для посадки на корягу;core_use
микроклонные аквариумные растения для посадки на корягу в москве;core_use_geo
купить микроклонные аквариумные растения для посадки на корягу в москве;core_use_geo
заказать микроклонные аквариумные растения для посадки на корягу в москве;core_use_geo
микроклонные аквариумные растения для посадки на корягу в москве цена;core_use_geo
микроклонные аквариумные растения для посадки на корягу по москве;core_use_geo
купить микроклонные аквариумные растения для посадки на корягу по москве;core_use_geo
заказать микроклонные аквариумные растения для посадки на корягу по москве;core_use_geo
микроклонные аквариумные растения для посадки на корягу по москве цена;core_use_geo
микроклонные аквариумные растения для посадки на корягу по московской области;core_use_geo
купить микроклонные аквариумные растения для посадки на корягу по московской области;core_use_geo
заказать микроклонные аквариумные растения для посадки на корягу по московской области;core_use_geo
микроклонные аквариумные растения для посадки на корягу по московской области цена;core_use_geo
микроклонные аквариумные растения для посадки на корягу в москве с доставкой;core_use_geo
купить микроклонные аквариумные растения для посадки на корягу в москве с доставкой;core_use_geo
заказать микроклонные аквариумные растения для посадки на корягу в москве с доставкой;core_use_geo
микроклонные аквариумные растения для посадки на корягу в москве с доставкой цена;core_use_geo
микроклонные аквариумные растения для посадки на корягу по москве с доставкой;core_use_geo
купить микроклонные аквариумные растения для посадки на корягу по москве с доставкой;core_use_geo
заказать микроклонные аквариумные растения для посадки на корягу по москве с доставкой;core_use_geo
микроклонные аквариумные растения для посадки на корягу по москве с доставкой цена;core_use_geo
микроклонные аквариумные растения для посадки на корягу для москвы и области;core_use_geo
купить микроклонные аквариумные растения для посадки на корягу для москвы и области;core_use_geo
заказать микроклонные аквариумные растения для посадки на корягу для москвы и области;core_use_geo
микроклонные аквариумные растения для посадки на корягу для москвы и области цена;core_use_geo
микроклонные аквариумные растения для посадки на камни;core_use
купить микроклонные аквариумные растения для посадки на камни;core_use
заказать микроклонные аквариумные растения для посадки на камни;core_use
где купить микроклонные аквариумные растения для посадки на камни;core_use
микроклонные аквариумные растения для посадки на камни цена;core_use
микроклонные аквариумные растения для посадки на камни отзывы;core_use
как выбрать микроклонные аквариумные растения для посадки на камни;core_use
как посадить микроклонные аквариумные растения для посадки на камни;core_use
микроклонные аквариумные растения для посадки на камни в москве;core_use_geo
купить микроклонные аквариумные растения для посадки на камни в москве;core_use_geo
заказать микроклонные аквариумные растения для посадки на камни в москве;core_use_geo
микроклонные аквариумные растения для посадки на камни в москве цена;core_use_geo
микроклонные аквариумные растения для посадки на камни по москве;core_use_geo
купить микроклонные аквариумные растения для посадки на камни по москве;core_use_geo
заказать микроклонные аквариумные растения для посадки на камни по москве;core_use_geo
микроклонные аквариумные растения для посадки на камни по москве цена;core_use_geo
микроклонные аквариумные растения для посадки на камни по московской области;core_use_geo
купить микроклонные аквариумные растения для посадки на камни по московской области;core_use_geo
заказать микроклонные аквариумные растения для посадки на камни по московской области;core_use_geo
микроклонные аквариумные растения для посадки на камни по московской области цена;core_use_geo
микроклонные аквариумные растения для посадки на камни в москве с доставкой;core_use_geo
купить микроклонные аквариумные растения для посадки на камни в москве с доставкой;core_use_geo
заказать микроклонные аквариумные растения для посадки на камни в москве с доставкой;core_use_geo
микроклонные аквариумные растения для посадки на камни в москве с доставкой цена;core_use_geo
микроклонные аквариумные растения для посадки на камни по москве с доставкой;core_use_geo
купить микроклонные аквариумные растения для посадки на камни по москве с доставкой;core_use_geo
заказать микроклонные аквариумные растения для посадки на камни по москве с доставкой;core_use_geo
микроклонные аквариумные растения для посадки на камни по москве с доставкой цена;core_use_geo
микроклонные аквариумные растения для посадки на камни для москвы и области;core_use_geo
купить микроклонные аквариумные растения для посадки на камни для москвы и области;core_use_geo
заказать микроклонные аквариумные растения для посадки на камни для москвы и области;core_use_geo
микроклонные аквариумные растения для посадки на камни для москвы и области цена;core_use_geo
микроклонные аквариумные растения без улиток;core_benefit
купить микроклонные аквариумные растения без улиток;core_benefit
заказать микроклонные аквариумные растения без улиток;core_benefit
микроклонные аквариумные растения без улиток цена;core_benefit
микроклонные аквариумные растения без улиток отзывы;core_benefit
как выбрать микроклонные аквариумные растения без улиток;core_benefit
микроклонные аквариумные растения без улиток в москве;core_benefit_geo
купить микроклонные аквариумные растения без улиток в москве;core_benefit_geo
микроклонные аквариумные растения без улиток в москве цена;core_benefit_geo
микроклонные аквариумные растения без улиток по москве;core_benefit_geo
купить микроклонные аквариумные растения без улиток по москве;core_benefit_geo
микроклонные аквариумные растения без улиток по москве цена;core_benefit_geo
микроклонные аквариумные растения без улиток по московской области;core_benefit_geo
купить микроклонные аквариумные растения без улиток по московской области;core_benefit_geo
микроклонные аквариумные растения без улиток по московской области цена;core_benefit_geo
микроклонные аквариумные растения без улиток в москве с доставкой;core_benefit_geo
купить микроклонные аквариумные растения без улиток в москве с доставкой;core_benefit_geo
микроклонные аквариумные растения без улиток в москве с доставкой цена;core_benefit_geo
микроклонные аквариумные растения без улиток по москве с доставкой;core_benefit_geo
купить микроклонные аквариумные растения без улиток по москве с доставкой;core_benefit_geo
микроклонные аквариумные растения без улиток по москве с доставкой цена;core_benefit_geo
микроклонные аквариумные растения без улиток для москвы и области;core_benefit_geo
купить микроклонные аквариумные растения без улиток для москвы и области;core_benefit_geo
микроклонные аквариумные растения без улиток для москвы и области цена;core_benefit_geo
микроклонные аквариумные растения без водорослей;core_benefit
купить микроклонные аквариумные растения без водорослей;core_benefit
заказать микроклонные аквариумные растения без водорослей;core_benefit
микроклонные аквариумные растения без водорослей цена;core_benefit
микроклонные аквариумные растения без водорослей отзывы;core_benefit
как выбрать микроклонные аквариумные растения без водорослей;core_benefit
микроклонные аквариумные растения без водорослей в москве;core_benefit_geo
купить микроклонные аквариумные растения без водорослей в москве;core_benefit_geo
микроклонные аквариумные растения без водорослей в москве цена;core_benefit_geo
микроклонные аквариумные растения без водорослей по москве;core_benefit_geo
купить микроклонные аквариумные растения без водорослей по москве;core_benefit_geo
микроклонные аквариумные растения без водорослей по москве цена;core_benefit_geo
микроклонные аквариумные растения без водорослей по московской области;core_benefit_geo
купить микроклонные аквариумные растения без водорослей по московской области;core_benefit_geo
микроклонные аквариумные растения без водорослей по московской области цена;core_benefit_geo
микроклонные аквариумные растения без водорослей в москве с доставкой;core_benefit_geo
купить микроклонные аквариумные растения без водорослей в москве с доставкой;core_benefit_geo
микроклонные аквариумные растения без водорослей в москве с доставкой цена;core_benefit_geo
микроклонные аквариумные растения без водорослей по москве с доставкой;core_benefit_geo
купить микроклонные аквариумные растения без водорослей по москве с доставкой;core_benefit_geo
микроклонные аквариумные растения без водорослей по москве с доставкой цена;core_benefit_geo
микроклонные аквариумные растения без водорослей для москвы и области;core_benefit_geo
купить микроклонные аквариумные растения без водорослей для москвы и области;core_benefit_geo
микроклонные аквариумные растения без водорослей для москвы и области цена;core_benefit_geo
микроклонные аквариумные растения стерильные;core_benefit
купить микроклонные аквариумные растения стерильные;core_benefit
заказать микроклонные аквариумные растения стерильные;core_benefit
микроклонные аквариумные растения стерильные цена;core_benefit
микроклонные аквариумные растения стерильные отзывы;core_benefit
как выбрать микроклонные аквариумные растения стерильные;core_benefit
микроклонные аквариумные растения стерильные в москве;core_benefit_geo
купить микроклонные аквариумные растения стерильные в москве;core_benefit_geo
микроклонные аквариумные растения стерильные в москве цена;core_benefit_geo
микроклонные аквариумные растения стерильные по москве;core_benefit_geo
купить микроклонные аквариумные растения стерильные по москве;core_benefit_geo
микроклонные аквариумные растения стерильные по москве цена;core_benefit_geo
микроклонные аквариумные растения стерильные по московской области;core_benefit_geo
купить микроклонные аквариумные растения стерильные по московской области;core_benefit_geo
микроклонные аквариумные растения стерильные по московской области цена;core_benefit_geo
микроклонные аквариумные растения стерильные в москве с доставкой;core_benefit_geo
купить микроклонные аквариумные растения стерильные в москве с доставкой;core_benefit_geo
микроклонные аквариумные растения стерильные в москве с доставкой цена;core_benefit_geo
микроклонные аквариумные растения стерильные по москве с доставкой;core_benefit_geo
купить микроклонные аквариумные растения стерильные по москве с доставкой;core_benefit_geo
микроклонные аквариумные растения стерильные по москве с доставкой цена;core_benefit_geo
микроклонные аквариумные растения стерильные для москвы и области;core_benefit_geo
купить микроклонные аквариумные растения стерильные для москвы и области;core_benefit_geo
микроклонные аквариумные растения стерильные для москвы и области цена;core_benefit_geo
микроклонные аквариумные растения in vitro;core_benefit
купить микроклонные аквариумные растения in vitro;core_benefit
заказать микроклонные аквариумные растения in vitro;core_benefit
микроклонные аквариумные растения in vitro цена;core_benefit
микроклонные аквариумные растения in vitro отзывы;core_benefit
как выбрать микроклонные аквариумные растения in vitro;core_benefit
микроклонные аквариумные растения in vitro в москве;core_benefit_geo
купить микроклонные аквариумные растения in vitro в москве;core_benefit_geo
микроклонные аквариумные растения in vitro в москве цена;core_benefit_geo
микроклонные аквариумные растения in vitro по москве;core_benefit_geo
купить микроклонные аквариумные растения in vitro по москве;core_benefit_geo
микроклонные аквариумные растения in vitro по москве цена;core_benefit_geo
микроклонные аквариумные растения in vitro по московской области;core_benefit_geo
купить микроклонные аквариумные растения in vitro по московской области;core_benefit_geo
микроклонные аквариумные растения in vitro по московской области цена;core_benefit_geo
микроклонные аквариумные растения in vitro в москве с доставкой;core_benefit_geo
купить микроклонные аквариумные растения in vitro в москве с доставкой;core_benefit_geo
микроклонные аквариумные растения in vitro в москве с доставкой цена;core_benefit_geo
микроклонные аквариумные растения in vitro по москве с доставкой;core_benefit_geo
купить микроклонные аквариумные растения in vitro по москве с доставкой;core_benefit_geo
микроклонные аквариумные растения in vitro по москве с доставкой цена;core_benefit_geo
микроклонные аквариумные растения in vitro для москвы и области;core_benefit_geo
купить микроклонные аквариумные растения in vitro для москвы и области;core_benefit_geo
микроклонные аквариумные растения in vitro для москвы и области цена;core_benefit_geo
микроклонные аквариумные растения в баночке;core_benefit
купить микроклонные аквариумные растения в баночке;core_benefit
заказать микроклонные аквариумные растения в баночке;core_benefit
микроклонные аквариумные растения в баночке цена;core_benefit
микроклонные аквариумные растения в баночке отзывы;core_benefit
как выбрать микроклонные аквариумные растения в баночке;core_benefit
микроклонные аквариумные растения в баночке в москве;core_benefit_geo
купить микроклонные аквариумные растения в баночке в москве;core_benefit_geo
микроклонные аквариумные растения в баночке в москве цена;core_benefit_geo
микроклонные аквариумные растения в баночке по москве;core_benefit_geo
купить микроклонные аквариумные растения в баночке по москве;core_benefit_geo
микроклонные аквариумные растения в баночке по москве цена;core_benefit_geo
микроклонные аквариумные растения в баночке по московской области;core_benefit_geo
купить микроклонные аквариумные растения в баночке по московской области;core_benefit_geo
микроклонные аквариумные растения в баночке по московской области цена;core_benefit_geo
микроклонные аквариумные растения в баночке в москве с доставкой;core_benefit_geo
купить микроклонные аквариумные растения в баночке в москве с доставкой;core_benefit_geo
микроклонные аквариумные растения в баночке в москве с доставкой цена;core_benefit_geo
микроклонные аквариумные растения в баночке по москве с доставкой;core_benefit_geo
купить микроклонные аквариумные растения в баночке по москве с доставкой;core_benefit_geo
микроклонные аквариумные растения в баночке по москве с доставкой цена;core_benefit_geo
микроклонные аквариумные растения в баночке для москвы и области;core_benefit_geo
купить микроклонные аквариумные растения в баночке для москвы и области;core_benefit_geo
микроклонные аквариумные растения в баночке для москвы и области цена;core_benefit_geo
микроклонные аквариумные растения в контейнере;core_benefit
купить микроклонные аквариумные растения в контейнере;core_benefit
заказать микроклонные аквариумные растения в контейнере;core_benefit
микроклонные аквариумные растения в контейнере цена;core_benefit
микроклонные аквариумные растения в контейнере отзывы;core_benefit
как выбрать микроклонные аквариумные растения в контейнере;core_benefit
микроклонные аквариумные растения в контейнере в москве;core_benefit_geo
купить микроклонные аквариумные растения в контейнере в москве;core_benefit_geo
микроклонные аквариумные растения в контейнере в москве цена;core_benefit_geo
микроклонные аквариумные растения в контейнере по москве;core_benefit_geo
купить микроклонные аквариумные растения в контейнере по москве;core_benefit_geo
микроклонные аквариумные растения в контейнере по москве цена;core_benefit_geo
микроклонные аквариумные растения в контейнере по московской области;core_benefit_geo
купить микроклонные аквариумные растения в контейнере по московской области;core_benefit_geo
микроклонные аквариумные растения в контейнере по московской области цена;core_benefit_geo
микроклонные аквариумные растения в контейнере в москве с доставкой;core_benefit_geo
купить микроклонные аквариумные растения в контейнере в москве с доставкой;core_benefit_geo
микроклонные аквариумные растения в контейнере в москве с доставкой цена;core_benefit_geo
микроклонные аквариумные растения в контейнере по москве с доставкой;core_benefit_geo
купить микроклонные аквариумные растения в контейнере по москве с доставкой;core_benefit_geo
микроклонные аквариумные растения в контейнере по москве с доставкой цена;core_benefit_geo
микроклонные аквариумные растения в контейнере для москвы и области;core_benefit_geo
купить микроклонные аквариумные растения в контейнере для москвы и области;core_benefit_geo
микроклонные аквариумные растения в контейнере для москвы и области цена;core_benefit_geo
микроклонные аквариумные растения с чистым стартом;core_benefit
купить микроклонные аквариумные растения с чистым стартом;core_benefit
заказать микроклонные аквариумные растения с чистым стартом;core_benefit
микроклонные аквариумные растения с чистым стартом цена;core_benefit
микроклонные аквариумные растения с чистым стартом отзывы;core_benefit
как выбрать микроклонные аквариумные растения с чистым стартом;core_benefit
микроклонные аквариумные растения с чистым стартом в москве;core_benefit_geo
купить микроклонные аквариумные растения с чистым стартом в москве;core_benefit_geo
микроклонные аквариумные растения с чистым стартом в москве цена;core_benefit_geo
микроклонные аквариумные растения с чистым стартом по москве;core_benefit_geo
купить микроклонные аквариумные растения с чистым стартом по москве;core_benefit_geo
микроклонные аквариумные растения с чистым стартом по москве цена;core_benefit_geo
микроклонные аквариумные растения с чистым стартом по московской области;core_benefit_geo
купить микроклонные аквариумные растения с чистым стартом по московской области;core_benefit_geo
микроклонные аквариумные растения с чистым стартом по московской области цена;core_benefit_geo
микроклонные аквариумные растения с чистым стартом в москве с доставкой;core_benefit_geo
купить микроклонные аквариумные растения с чистым стартом в москве с доставкой;core_benefit_geo
микроклонные аквариумные растения с чистым стартом в москве с доставкой цена;core_benefit_geo
микроклонные аквариумные растения с чистым стартом по москве с доставкой;core_benefit_geo
купить микроклонные аквариумные растения с чистым стартом по москве с доставкой;core_benefit_geo
микроклонные аквариумные растения с чистым стартом по москве с доставкой цена;core_benefit_geo
микроклонные аквариумные растения с чистым стартом для москвы и области;core_benefit_geo
купить микроклонные аквариумные растения с чистым стартом для москвы и области;core_benefit_geo
микроклонные аквариумные растения с чистым стартом для москвы и области цена;core_benefit_geo
микроклонные аквариумные растения для быстрой посадки;core_benefit
купить микроклонные аквариумные растения для быстрой посадки;core_benefit
заказать микроклонные аквариумные растения для быстрой посадки;core_benefit
микроклонные аквариумные растения для быстрой посадки цена;core_benefit
микроклонные аквариумные растения для быстрой посадки отзывы;core_benefit
как выбрать микроклонные аквариумные растения для быстрой посадки;core_benefit
микроклонные аквариумные растения для быстрой посадки в москве;core_benefit_geo
купить микроклонные аквариумные растения для быстрой посадки в москве;core_benefit_geo
микроклонные аквариумные растения для быстрой посадки в москве цена;core_benefit_geo
микроклонные аквариумные растения для быстрой посадки по москве;core_benefit_geo
купить микроклонные аквариумные растения для быстрой посадки по москве;core_benefit_geo
микроклонные аквариумные растения для быстрой посадки по москве цена;core_benefit_geo
микроклонные аквариумные растения для быстрой посадки по московской области;core_benefit_geo
купить микроклонные аквариумные растения для быстрой посадки по московской области;core_benefit_geo
микроклонные аквариумные растения для быстрой посадки по московской области цена;core_benefit_geo
микроклонные аквариумные растения для быстрой посадки в москве с доставкой;core_benefit_geo
купить микроклонные аквариумные растения для быстрой посадки в москве с доставкой;core_benefit_geo
микроклонные аквариумные растения для быстрой посадки в москве с доставкой цена;core_benefit_geo
микроклонные аквариумные растения для быстрой посадки по москве с доставкой;core_benefit_geo
купить микроклонные аквариумные растения для быстрой посадки по москве с доставкой;core_benefit_geo
микроклонные аквариумные растения для быстрой посадки по москве с доставкой цена;core_benefit_geo
микроклонные аквариумные растения для быстрой посадки для москвы и области;core_benefit_geo
купить микроклонные аквариумные растения для быстрой посадки для москвы и области;core_benefit_geo
микроклонные аквариумные растения для быстрой посадки для москвы и области цена;core_benefit_geo
микроклонные аквариумные растения для аккуратной посадки;core_benefit
купить микроклонные аквариумные растения для аккуратной посадки;core_benefit
заказать микроклонные аквариумные растения для аккуратной посадки;core_benefit
микроклонные аквариумные растения для аккуратной посадки цена;core_benefit
микроклонные аквариумные растения для аккуратной посадки отзывы;core_benefit
как выбрать микроклонные аквариумные растения для аккуратной посадки;core_benefit
микроклонные аквариумные растения для аккуратной посадки в москве;core_benefit_geo
купить микроклонные аквариумные растения для аккуратной посадки в москве;core_benefit_geo
микроклонные аквариумные растения для аккуратной посадки в москве цена;core_benefit_geo
микроклонные аквариумные растения для аккуратной посадки по москве;core_benefit_geo
купить микроклонные аквариумные растения для аккуратной посадки по москве;core_benefit_geo
микроклонные аквариумные растения для аккуратной посадки по москве цена;core_benefit_geo
микроклонные аквариумные растения для аккуратной посадки по московской области;core_benefit_geo
купить микроклонные аквариумные растения для аккуратной посадки по московской области;core_benefit_geo
микроклонные аквариумные растения для аккуратной посадки по московской области цена;core_benefit_geo
микроклонные аквариумные растения для аккуратной посадки в москве с доставкой;core_benefit_geo
купить микроклонные аквариумные растения для аккуратной посадки в москве с доставкой;core_benefit_geo
микроклонные аквариумные растения для аккуратной посадки в москве с доставкой цена;core_benefit_geo
микроклонные аквариумные растения для аккуратной посадки по москве с доставкой;core_benefit_geo
купить микроклонные аквариумные растения для аккуратной посадки по москве с доставкой;core_benefit_geo
микроклонные аквариумные растения для аккуратной посадки по москве с доставкой цена;core_benefit_geo
микроклонные аквариумные растения для аккуратной посадки для москвы и области;core_benefit_geo
купить микроклонные аквариумные растения для аккуратной посадки для москвы и области;core_benefit_geo
микроклонные аквариумные растения для аккуратной посадки для москвы и области цена;core_benefit_geo
микроклонные аквариумные растения для безопасного запуска;core_benefit
купить микроклонные аквариумные растения для безопасного запуска;core_benefit
заказать микроклонные аквариумные растения для безопасного запуска;core_benefit
микроклонные аквариумные растения для безопасного запуска цена;core_benefit
микроклонные аквариумные растения для безопасного запуска отзывы;core_benefit
как выбрать микроклонные аквариумные растения для безопасного запуска;core_benefit
микроклонные аквариумные растения для безопасного запуска в москве;core_benefit_geo
купить микроклонные аквариумные растения для безопасного запуска в москве;core_benefit_geo
микроклонные аквариумные растения для безопасного запуска в москве цена;core_benefit_geo
микроклонные аквариумные растения для безопасного запуска по москве;core_benefit_geo
купить микроклонные аквариумные растения для безопасного запуска по москве;core_benefit_geo
микроклонные аквариумные растения для безопасного запуска по москве цена;core_benefit_geo
микроклонные аквариумные растения для безопасного запуска по московской области;core_benefit_geo
купить микроклонные аквариумные растения для безопасного запуска по московской области;core_benefit_geo
микроклонные аквариумные растения для безопасного запуска по московской области цена;core_benefit_geo
микроклонные аквариумные растения для безопасного запуска в москве с доставкой;core_benefit_geo
купить микроклонные аквариумные растения для безопасного запуска в москве с доставкой;core_benefit_geo
микроклонные аквариумные растения для безопасного запуска в москве с доставкой цена;core_benefit_geo
микроклонные аквариумные растения для безопасного запуска по москве с доставкой;core_benefit_geo
купить микроклонные аквариумные растения для безопасного запуска по москве с доставкой;core_benefit_geo
микроклонные аквариумные растения для безопасного запуска по москве с доставкой цена;core_benefit_geo
микроклонные аквариумные растения для безопасного запуска для москвы и области;core_benefit_geo
купить микроклонные аквариумные растения для безопасного запуска для москвы и области;core_benefit_geo
микроклонные аквариумные растения для безопасного запуска для москвы и области цена;core_benefit_geo
микроклонные аквариумные растения для плотного ковра;core_benefit
купить микроклонные аквариумные растения для плотного ковра;core_benefit
заказать микроклонные аквариумные растения для плотного ковра;core_benefit
микроклонные аквариумные растения для плотного ковра цена;core_benefit
микроклонные аквариумные растения для плотного ковра отзывы;core_benefit
как выбрать микроклонные аквариумные растения для плотного ковра;core_benefit
микроклонные аквариумные растения для плотного ковра в москве;core_benefit_geo
купить микроклонные аквариумные растения для плотного ковра в москве;core_benefit_geo
микроклонные аквариумные растения для плотного ковра в москве цена;core_benefit_geo
микроклонные аквариумные растения для плотного ковра по москве;core_benefit_geo
купить микроклонные аквариумные растения для плотного ковра по москве;core_benefit_geo
микроклонные аквариумные растения для плотного ковра по москве цена;core_benefit_geo
микроклонные аквариумные растения для плотного ковра по московской области;core_benefit_geo
купить микроклонные аквариумные растения для плотного ковра по московской области;core_benefit_geo
микроклонные аквариумные растения для плотного ковра по московской области цена;core_benefit_geo
микроклонные аквариумные растения для плотного ковра в москве с доставкой;core_benefit_geo
купить микроклонные аквариумные растения для плотного ковра в москве с доставкой;core_benefit_geo
микроклонные аквариумные растения для плотного ковра в москве с доставкой цена;core_benefit_geo
микроклонные аквариумные растения для плотного ковра по москве с доставкой;core_benefit_geo
купить микроклонные аквариумные растения для плотного ковра по москве с доставкой;core_benefit_geo
микроклонные аквариумные растения для плотного ковра по москве с доставкой цена;core_benefit_geo
микроклонные аквариумные растения для плотного ковра для москвы и области;core_benefit_geo
купить микроклонные аквариумные растения для плотного ковра для москвы и области;core_benefit_geo
микроклонные аквариумные растения для плотного ковра для москвы и области цена;core_benefit_geo
микроклонные аквариумные растения для яркого акцента;core_benefit
купить микроклонные аквариумные растения для яркого акцента;core_benefit
заказать микроклонные аквариумные растения для яркого акцента;core_benefit
микроклонные аквариумные растения для яркого акцента цена;core_benefit
микроклонные аквариумные растения для яркого акцента отзывы;core_benefit
как выбрать микроклонные аквариумные растения для яркого акцента;core_benefit
микроклонные аквариумные растения для яркого акцента в москве;core_benefit_geo
купить микроклонные аквариумные растения для яркого акцента в москве;core_benefit_geo
микроклонные аквариумные растения для яркого акцента в москве цена;core_benefit_geo
микроклонные аквариумные растения для яркого акцента по москве;core_benefit_geo
купить микроклонные аквариумные растения для яркого акцента по москве;core_benefit_geo
микроклонные аквариумные растения для яркого акцента по москве цена;core_benefit_geo
микроклонные аквариумные растения для яркого акцента по московской области;core_benefit_geo
купить микроклонные аквариумные растения для яркого акцента по московской области;core_benefit_geo
микроклонные аквариумные растения для яркого акцента по московской области цена;core_benefit_geo
микроклонные аквариумные растения для яркого акцента в москве с доставкой;core_benefit_geo
купить микроклонные аквариумные растения для яркого акцента в москве с доставкой;core_benefit_geo
микроклонные аквариумные растения для яркого акцента в москве с доставкой цена;core_benefit_geo
микроклонные аквариумные растения для яркого акцента по москве с доставкой;core_benefit_geo
купить микроклонные аквариумные растения для яркого акцента по москве с доставкой;core_benefit_geo
микроклонные аквариумные растения для яркого акцента по москве с доставкой цена;core_benefit_geo
микроклонные аквариумные растения для яркого акцента для москвы и области;core_benefit_geo
купить микроклонные аквариумные растения для яркого акцента для москвы и области;core_benefit_geo
микроклонные аквариумные растения для яркого акцента для москвы и области цена;core_benefit_geo
микроклонные аквариумные растения для аквариума 20 литров;core_volume
купить микроклонные аквариумные растения для аквариума 20 литров;core_volume
заказать микроклонные аквариумные растения для аквариума 20 литров;core_volume
микроклонные аквариумные растения для аквариума 20 литров цена;core_volume
как выбрать микроклонные аквариумные растения для аквариума 20 литров;core_volume
микроклонные аквариумные растения для аквариума 30 литров;core_volume
купить микроклонные аквариумные растения для аквариума 30 литров;core_volume
заказать микроклонные аквариумные растения для аквариума 30 литров;core_volume
микроклонные аквариумные растения для аквариума 30 литров цена;core_volume
как выбрать микроклонные аквариумные растения для аквариума 30 литров;core_volume
микроклонные аквариумные растения для аквариума 40 литров;core_volume
купить микроклонные аквариумные растения для аквариума 40 литров;core_volume
заказать микроклонные аквариумные растения для аквариума 40 литров;core_volume
микроклонные аквариумные растения для аквариума 40 литров цена;core_volume
как выбрать микроклонные аквариумные растения для аквариума 40 литров;core_volume
микроклонные аквариумные растения для аквариума 50 литров;core_volume
купить микроклонные аквариумные растения для аквариума 50 литров;core_volume
заказать микроклонные аквариумные растения для аквариума 50 литров;core_volume
микроклонные аквариумные растения для аквариума 50 литров цена;core_volume
как выбрать микроклонные аквариумные растения для аквариума 50 литров;core_volume
микроклонные аквариумные растения для аквариума 60 литров;core_volume
купить микроклонные аквариумные растения для аквариума 60 литров;core_volume
заказать микроклонные аквариумные растения для аквариума 60 литров;core_volume
микроклонные аквариумные растения для аквариума 60 литров цена;core_volume
как выбрать микроклонные аквариумные растения для аквариума 60 литров;core_volume
микроклонные аквариумные растения для аквариума 80 литров;core_volume
купить микроклонные аквариумные растения для аквариума 80 литров;core_volume
заказать микроклонные аквариумные растения для аквариума 80 литров;core_volume
микроклонные аквариумные растения для аквариума 80 литров цена;core_volume
как выбрать микроклонные аквариумные растения для аквариума 80 литров;core_volume
микроклонные аквариумные растения для аквариума 100 литров;core_volume
купить микроклонные аквариумные растения для аквариума 100 литров;core_volume
заказать микроклонные аквариумные растения для аквариума 100 литров;core_volume
микроклонные аквариумные растения для аквариума 100 литров цена;core_volume
как выбрать микроклонные аквариумные растения для аквариума 100 литров;core_volume
микроклонные аквариумные растения для аквариума 120 литров;core_volume
купить микроклонные аквариумные растения для аквариума 120 литров;core_volume
заказать микроклонные аквариумные растения для аквариума 120 литров;core_volume
микроклонные аквариумные растения для аквариума 120 литров цена;core_volume
как выбрать микроклонные аквариумные растения для аквариума 120 литров;core_volume
микроклонные аквариумные растения для аквариума 200 литров;core_volume
купить микроклонные аквариумные растения для аквариума 200 литров;core_volume
заказать микроклонные аквариумные растения для аквариума 200 литров;core_volume
микроклонные аквариумные растения для аквариума 200 литров цена;core_volume
как выбрать микроклонные аквариумные растения для аквариума 200 литров;core_volume
купить растения in vitro для аквариума;core_commercial
заказать растения in vitro для аквариума;core_commercial
где купить растения in vitro для аквариума;core_commercial
где заказать растения in vitro для аквариума;core_commercial
растения in vitro для аквариума цена;core_commercial
растения in vitro для аквариума цены;core_commercial
растения in vitro для аквариума стоимость;core_commercial
растения in vitro для аквариума прайс;core_commercial
растения in vitro для аквариума наличие;core_commercial
растения in vitro для аквариума каталог;core_commercial
растения in vitro для аквариума отзывы;core_commercial
растения in vitro для аквариума доставка;core_commercial
растения in vitro для аквариума в наличии;core_commercial
как выбрать растения in vitro для аквариума;core_info
как заказать растения in vitro для аквариума;core_info
как купить растения in vitro для аквариума;core_info
как посадить растения in vitro для аквариума;core_info
как сажать растения in vitro для аквариума;core_info
растения in vitro для аквариума для начинающих;core_info
растения in vitro для аквариума для чистого запуска;core_info
растения in vitro для аквариума что выбрать;core_info
растения in vitro для аквариума как оформить заказ;core_info
растения in vitro для аквариума для красивого аквариума;core_info
растения in vitro для аквариума для здорового аквариума;core_info
растения in vitro для аквариума в москве;core_geo
купить растения in vitro для аквариума в москве;core_geo
заказать растения in vitro для аквариума в москве;core_geo
где купить растения in vitro для аквариума в москве;core_geo
растения in vitro для аквариума в москве цена;core_geo
растения in vitro для аквариума в москве наличие;core_geo
растения in vitro для аквариума по москве;core_geo
купить растения in vitro для аквариума по москве;core_geo
заказать растения in vitro для аквариума по москве;core_geo
где купить растения in vitro для аквариума по москве;core_geo
растения in vitro для аквариума по москве цена;core_geo
растения in vitro для аквариума по москве наличие;core_geo
растения in vitro для аквариума по московской области;core_geo
купить растения in vitro для аквариума по московской области;core_geo
заказать растения in vitro для аквариума по московской области;core_geo
где купить растения in vitro для аквариума по московской области;core_geo
растения in vitro для аквариума по московской области цена;core_geo
растения in vitro для аквариума по московской области наличие;core_geo
растения in vitro для аквариума в москве с доставкой;core_geo
купить растения in vitro для аквариума в москве с доставкой;core_geo
заказать растения in vitro для аквариума в москве с доставкой;core_geo
где купить растения in vitro для аквариума в москве с доставкой;core_geo
растения in vitro для аквариума в москве с доставкой цена;core_geo
растения in vitro для аквариума в москве с доставкой наличие;core_geo
растения in vitro для аквариума по москве с доставкой;core_geo
купить растения in vitro для аквариума по москве с доставкой;core_geo
заказать растения in vitro для аквариума по москве с доставкой;core_geo
где купить растения in vitro для аквариума по москве с доставкой;core_geo
растения in vitro для аквариума по москве с доставкой цена;core_geo
растения in vitro для аквариума по москве с доставкой наличие;core_geo
растения in vitro для аквариума для москвы и области;core_geo
купить растения in vitro для аквариума для москвы и области;core_geo
заказать растения in vitro для аквариума для москвы и области;core_geo
где купить растения in vitro для аквариума для москвы и области;core_geo
растения in vitro для аквариума для москвы и области цена;core_geo
растения in vitro для аквариума для москвы и области наличие;core_geo
растения in vitro для аквариума для акваскейпа;core_use
купить растения in vitro для аквариума для акваскейпа;core_use
заказать растения in vitro для аквариума для акваскейпа;core_use
где купить растения in vitro для аквариума для акваскейпа;core_use
растения in vitro для аквариума для акваскейпа цена;core_use
растения in vitro для аквариума для акваскейпа отзывы;core_use
как выбрать растения in vitro для аквариума для акваскейпа;core_use
как посадить растения in vitro для аквариума для акваскейпа;core_use
растения in vitro для аквариума для акваскейпа в москве;core_use_geo
купить растения in vitro для аквариума для акваскейпа в москве;core_use_geo
заказать растения in vitro для аквариума для акваскейпа в москве;core_use_geo
растения in vitro для аквариума для акваскейпа в москве цена;core_use_geo
растения in vitro для аквариума для акваскейпа по москве;core_use_geo
купить растения in vitro для аквариума для акваскейпа по москве;core_use_geo
заказать растения in vitro для аквариума для акваскейпа по москве;core_use_geo
растения in vitro для аквариума для акваскейпа по москве цена;core_use_geo
растения in vitro для аквариума для акваскейпа по московской области;core_use_geo
купить растения in vitro для аквариума для акваскейпа по московской области;core_use_geo
заказать растения in vitro для аквариума для акваскейпа по московской области;core_use_geo
растения in vitro для аквариума для акваскейпа по московской области цена;core_use_geo
растения in vitro для аквариума для акваскейпа в москве с доставкой;core_use_geo
купить растения in vitro для аквариума для акваскейпа в москве с доставкой;core_use_geo
заказать растения in vitro для аквариума для акваскейпа в москве с доставкой;core_use_geo
растения in vitro для аквариума для акваскейпа в москве с доставкой цена;core_use_geo
растения in vitro для аквариума для акваскейпа по москве с доставкой;core_use_geo
купить растения in vitro для аквариума для акваскейпа по москве с доставкой;core_use_geo
заказать растения in vitro для аквариума для акваскейпа по москве с доставкой;core_use_geo
растения in vitro для аквариума для акваскейпа по москве с доставкой цена;core_use_geo
растения in vitro для аквариума для акваскейпа для москвы и области;core_use_geo
купить растения in vitro для аквариума для акваскейпа для москвы и области;core_use_geo
заказать растения in vitro для аквариума для акваскейпа для москвы и области;core_use_geo
растения in vitro для аквариума для акваскейпа для москвы и области цена;core_use_geo
растения in vitro для аквариума для травника;core_use
купить растения in vitro для аквариума для травника;core_use
заказать растения in vitro для аквариума для травника;core_use
где купить растения in vitro для аквариума для травника;core_use
растения in vitro для аквариума для травника цена;core_use
растения in vitro для аквариума для травника отзывы;core_use
как выбрать растения in vitro для аквариума для травника;core_use
как посадить растения in vitro для аквариума для травника;core_use
растения in vitro для аквариума для травника в москве;core_use_geo
купить растения in vitro для аквариума для травника в москве;core_use_geo
заказать растения in vitro для аквариума для травника в москве;core_use_geo
растения in vitro для аквариума для травника в москве цена;core_use_geo
растения in vitro для аквариума для травника по москве;core_use_geo
купить растения in vitro для аквариума для травника по москве;core_use_geo
заказать растения in vitro для аквариума для травника по москве;core_use_geo
растения in vitro для аквариума для травника по москве цена;core_use_geo
растения in vitro для аквариума для травника по московской области;core_use_geo
купить растения in vitro для аквариума для травника по московской области;core_use_geo
заказать растения in vitro для аквариума для травника по московской области;core_use_geo
растения in vitro для аквариума для травника по московской области цена;core_use_geo
растения in vitro для аквариума для травника в москве с доставкой;core_use_geo
купить растения in vitro для аквариума для травника в москве с доставкой;core_use_geo
заказать растения in vitro для аквариума для травника в москве с доставкой;core_use_geo
растения in vitro для аквариума для травника в москве с доставкой цена;core_use_geo
растения in vitro для аквариума для травника по москве с доставкой;core_use_geo
купить растения in vitro для аквариума для травника по москве с доставкой;core_use_geo
заказать растения in vitro для аквариума для травника по москве с доставкой;core_use_geo
растения in vitro для аквариума для травника по москве с доставкой цена;core_use_geo
растения in vitro для аквариума для травника для москвы и области;core_use_geo
купить растения in vitro для аквариума для травника для москвы и области;core_use_geo
заказать растения in vitro для аквариума для травника для москвы и области;core_use_geo
растения in vitro для аквариума для травника для москвы и области цена;core_use_geo
растения in vitro для аквариума для запуска аквариума;core_use
купить растения in vitro для аквариума для запуска аквариума;core_use
заказать растения in vitro для аквариума для запуска аквариума;core_use
где купить растения in vitro для аквариума для запуска аквариума;core_use
растения in vitro для аквариума для запуска аквариума цена;core_use
растения in vitro для аквариума для запуска аквариума отзывы;core_use
как выбрать растения in vitro для аквариума для запуска аквариума;core_use
как посадить растения in vitro для аквариума для запуска аквариума;core_use
растения in vitro для аквариума для запуска аквариума в москве;core_use_geo
купить растения in vitro для аквариума для запуска аквариума в москве;core_use_geo
заказать растения in vitro для аквариума для запуска аквариума в москве;core_use_geo
растения in vitro для аквариума для запуска аквариума в москве цена;core_use_geo
растения in vitro для аквариума для запуска аквариума по москве;core_use_geo
купить растения in vitro для аквариума для запуска аквариума по москве;core_use_geo
заказать растения in vitro для аквариума для запуска аквариума по москве;core_use_geo
растения in vitro для аквариума для запуска аквариума по москве цена;core_use_geo
растения in vitro для аквариума для запуска аквариума по московской области;core_use_geo
купить растения in vitro для аквариума для запуска аквариума по московской области;core_use_geo
заказать растения in vitro для аквариума для запуска аквариума по московской области;core_use_geo
растения in vitro для аквариума для запуска аквариума по московской области цена;core_use_geo
растения in vitro для аквариума для запуска аквариума в москве с доставкой;core_use_geo
купить растения in vitro для аквариума для запуска аквариума в москве с доставкой;core_use_geo
заказать растения in vitro для аквариума для запуска аквариума в москве с доставкой;core_use_geo
растения in vitro для аквариума для запуска аквариума в москве с доставкой цена;core_use_geo
растения in vitro для аквариума для запуска аквариума по москве с доставкой;core_use_geo
купить растения in vitro для аквариума для запуска аквариума по москве с доставкой;core_use_geo
заказать растения in vitro для аквариума для запуска аквариума по москве с доставкой;core_use_geo
растения in vitro для аквариума для запуска аквариума по москве с доставкой цена;core_use_geo
растения in vitro для аквариума для запуска аквариума для москвы и области;core_use_geo
купить растения in vitro для аквариума для запуска аквариума для москвы и области;core_use_geo
заказать растения in vitro для аквариума для запуска аквариума для москвы и области;core_use_geo
растения in vitro для аквариума для запуска аквариума для москвы и области цена;core_use_geo
растения in vitro для аквариума для нового аквариума;core_use
купить растения in vitro для аквариума для нового аквариума;core_use
заказать растения in vitro для аквариума для нового аквариума;core_use
где купить растения in vitro для аквариума для нового аквариума;core_use
растения in vitro для аквариума для нового аквариума цена;core_use
растения in vitro для аквариума для нового аквариума отзывы;core_use
как выбрать растения in vitro для аквариума для нового аквариума;core_use
как посадить растения in vitro для аквариума для нового аквариума;core_use
растения in vitro для аквариума для нового аквариума в москве;core_use_geo
купить растения in vitro для аквариума для нового аквариума в москве;core_use_geo
заказать растения in vitro для аквариума для нового аквариума в москве;core_use_geo
растения in vitro для аквариума для нового аквариума в москве цена;core_use_geo
растения in vitro для аквариума для нового аквариума по москве;core_use_geo
купить растения in vitro для аквариума для нового аквариума по москве;core_use_geo
заказать растения in vitro для аквариума для нового аквариума по москве;core_use_geo
растения in vitro для аквариума для нового аквариума по москве цена;core_use_geo
растения in vitro для аквариума для нового аквариума по московской области;core_use_geo
купить растения in vitro для аквариума для нового аквариума по московской области;core_use_geo
заказать растения in vitro для аквариума для нового аквариума по московской области;core_use_geo
растения in vitro для аквариума для нового аквариума по московской области цена;core_use_geo
растения in vitro для аквариума для нового аквариума в москве с доставкой;core_use_geo
купить растения in vitro для аквариума для нового аквариума в москве с доставкой;core_use_geo
заказать растения in vitro для аквариума для нового аквариума в москве с доставкой;core_use_geo
растения in vitro для аквариума для нового аквариума в москве с доставкой цена;core_use_geo
растения in vitro для аквариума для нового аквариума по москве с доставкой;core_use_geo
купить растения in vitro для аквариума для нового аквариума по москве с доставкой;core_use_geo
заказать растения in vitro для аквариума для нового аквариума по москве с доставкой;core_use_geo
растения in vitro для аквариума для нового аквариума по москве с доставкой цена;core_use_geo
растения in vitro для аквариума для нового аквариума для москвы и области;core_use_geo
купить растения in vitro для аквариума для нового аквариума для москвы и области;core_use_geo
заказать растения in vitro для аквариума для нового аквариума для москвы и области;core_use_geo
растения in vitro для аквариума для нового аквариума для москвы и области цена;core_use_geo
растения in vitro для аквариума для переднего плана;core_use
купить растения in vitro для аквариума для переднего плана;core_use
заказать растения in vitro для аквариума для переднего плана;core_use
где купить растения in vitro для аквариума для переднего плана;core_use
растения in vitro для аквариума для переднего плана цена;core_use
растения in vitro для аквариума для переднего плана отзывы;core_use
как выбрать растения in vitro для аквариума для переднего плана;core_use
как посадить растения in vitro для аквариума для переднего плана;core_use
растения in vitro для аквариума для переднего плана в москве;core_use_geo
купить растения in vitro для аквариума для переднего плана в москве;core_use_geo
заказать растения in vitro для аквариума для переднего плана в москве;core_use_geo
растения in vitro для аквариума для переднего плана в москве цена;core_use_geo
растения in vitro для аквариума для переднего плана по москве;core_use_geo
купить растения in vitro для аквариума для переднего плана по москве;core_use_geo
заказать растения in vitro для аквариума для переднего плана по москве;core_use_geo
растения in vitro для аквариума для переднего плана по москве цена;core_use_geo
растения in vitro для аквариума для переднего плана по московской области;core_use_geo
купить растения in vitro для аквариума для переднего плана по московской области;core_use_geo
заказать растения in vitro для аквариума для переднего плана по московской области;core_use_geo
растения in vitro для аквариума для переднего плана по московской области цена;core_use_geo
растения in vitro для аквариума для переднего плана в москве с доставкой;core_use_geo
купить растения in vitro для аквариума для переднего плана в москве с доставкой;core_use_geo
заказать растения in vitro для аквариума для переднего плана в москве с доставкой;core_use_geo
растения in vitro для аквариума для переднего плана в москве с доставкой цена;core_use_geo
растения in vitro для аквариума для переднего плана по москве с доставкой;core_use_geo
купить растения in vitro для аквариума для переднего плана по москве с доставкой;core_use_geo
заказать растения in vitro для аквариума для переднего плана по москве с доставкой;core_use_geo
растения in vitro для аквариума для переднего плана по москве с доставкой цена;core_use_geo
растения in vitro для аквариума для переднего плана для москвы и области;core_use_geo
купить растения in vitro для аквариума для переднего плана для москвы и области;core_use_geo
заказать растения in vitro для аквариума для переднего плана для москвы и области;core_use_geo
растения in vitro для аквариума для переднего плана для москвы и области цена;core_use_geo
растения in vitro для аквариума для среднего плана;core_use
купить растения in vitro для аквариума для среднего плана;core_use
заказать растения in vitro для аквариума для среднего плана;core_use
где купить растения in vitro для аквариума для среднего плана;core_use
растения in vitro для аквариума для среднего плана цена;core_use
растения in vitro для аквариума для среднего плана отзывы;core_use
как выбрать растения in vitro для аквариума для среднего плана;core_use
как посадить растения in vitro для аквариума для среднего плана;core_use
растения in vitro для аквариума для среднего плана в москве;core_use_geo
купить растения in vitro для аквариума для среднего плана в москве;core_use_geo
заказать растения in vitro для аквариума для среднего плана в москве;core_use_geo
растения in vitro для аквариума для среднего плана в москве цена;core_use_geo
растения in vitro для аквариума для среднего плана по москве;core_use_geo
купить растения in vitro для аквариума для среднего плана по москве;core_use_geo
заказать растения in vitro для аквариума для среднего плана по москве;core_use_geo
растения in vitro для аквариума для среднего плана по москве цена;core_use_geo
растения in vitro для аквариума для среднего плана по московской области;core_use_geo
купить растения in vitro для аквариума для среднего плана по московской области;core_use_geo
заказать растения in vitro для аквариума для среднего плана по московской области;core_use_geo
растения in vitro для аквариума для среднего плана по московской области цена;core_use_geo
растения in vitro для аквариума для среднего плана в москве с доставкой;core_use_geo
купить растения in vitro для аквариума для среднего плана в москве с доставкой;core_use_geo
заказать растения in vitro для аквариума для среднего плана в москве с доставкой;core_use_geo
растения in vitro для аквариума для среднего плана в москве с доставкой цена;core_use_geo
растения in vitro для аквариума для среднего плана по москве с доставкой;core_use_geo
купить растения in vitro для аквариума для среднего плана по москве с доставкой;core_use_geo
заказать растения in vitro для аквариума для среднего плана по москве с доставкой;core_use_geo
растения in vitro для аквариума для среднего плана по москве с доставкой цена;core_use_geo
растения in vitro для аквариума для среднего плана для москвы и области;core_use_geo
купить растения in vitro для аквариума для среднего плана для москвы и области;core_use_geo
заказать растения in vitro для аквариума для среднего плана для москвы и области;core_use_geo
растения in vitro для аквариума для среднего плана для москвы и области цена;core_use_geo
растения in vitro для аквариума для заднего плана;core_use
купить растения in vitro для аквариума для заднего плана;core_use
заказать растения in vitro для аквариума для заднего плана;core_use
где купить растения in vitro для аквариума для заднего плана;core_use
растения in vitro для аквариума для заднего плана цена;core_use
растения in vitro для аквариума для заднего плана отзывы;core_use
как выбрать растения in vitro для аквариума для заднего плана;core_use
как посадить растения in vitro для аквариума для заднего плана;core_use
растения in vitro для аквариума для заднего плана в москве;core_use_geo
купить растения in vitro для аквариума для заднего плана в москве;core_use_geo
заказать растения in vitro для аквариума для заднего плана в москве;core_use_geo
растения in vitro для аквариума для заднего плана в москве цена;core_use_geo
растения in vitro для аквариума для заднего плана по москве;core_use_geo
купить растения in vitro для аквариума для заднего плана по москве;core_use_geo
заказать растения in vitro для аквариума для заднего плана по москве;core_use_geo
растения in vitro для аквариума для заднего плана по москве цена;core_use_geo
растения in vitro для аквариума для заднего плана по московской области;core_use_geo
купить растения in vitro для аквариума для заднего плана по московской области;core_use_geo
заказать растения in vitro для аквариума для заднего плана по московской области;core_use_geo
растения in vitro для аквариума для заднего плана по московской области цена;core_use_geo
растения in vitro для аквариума для заднего плана в москве с доставкой;core_use_geo
купить растения in vitro для аквариума для заднего плана в москве с доставкой;core_use_geo
заказать растения in vitro для аквариума для заднего плана в москве с доставкой;core_use_geo
растения in vitro для аквариума для заднего плана в москве с доставкой цена;core_use_geo
растения in vitro для аквариума для заднего плана по москве с доставкой;core_use_geo
купить растения in vitro для аквариума для заднего плана по москве с доставкой;core_use_geo
заказать растения in vitro для аквариума для заднего плана по москве с доставкой;core_use_geo
растения in vitro для аквариума для заднего плана по москве с доставкой цена;core_use_geo
растения in vitro для аквариума для заднего плана для москвы и области;core_use_geo
купить растения in vitro для аквариума для заднего плана для москвы и области;core_use_geo
заказать растения in vitro для аквариума для заднего плана для москвы и области;core_use_geo
растения in vitro для аквариума для заднего плана для москвы и области цена;core_use_geo
растения in vitro для аквариума для нано аквариума;core_use
купить растения in vitro для аквариума для нано аквариума;core_use
заказать растения in vitro для аквариума для нано аквариума;core_use
где купить растения in vitro для аквариума для нано аквариума;core_use
растения in vitro для аквариума для нано аквариума цена;core_use
растения in vitro для аквариума для нано аквариума отзывы;core_use
как выбрать растения in vitro для аквариума для нано аквариума;core_use
как посадить растения in vitro для аквариума для нано аквариума;core_use
растения in vitro для аквариума для нано аквариума в москве;core_use_geo
купить растения in vitro для аквариума для нано аквариума в москве;core_use_geo
заказать растения in vitro для аквариума для нано аквариума в москве;core_use_geo
растения in vitro для аквариума для нано аквариума в москве цена;core_use_geo
растения in vitro для аквариума для нано аквариума по москве;core_use_geo
купить растения in vitro для аквариума для нано аквариума по москве;core_use_geo
заказать растения in vitro для аквариума для нано аквариума по москве;core_use_geo
растения in vitro для аквариума для нано аквариума по москве цена;core_use_geo
растения in vitro для аквариума для нано аквариума по московской области;core_use_geo
купить растения in vitro для аквариума для нано аквариума по московской области;core_use_geo
заказать растения in vitro для аквариума для нано аквариума по московской области;core_use_geo
растения in vitro для аквариума для нано аквариума по московской области цена;core_use_geo
растения in vitro для аквариума для нано аквариума в москве с доставкой;core_use_geo
купить растения in vitro для аквариума для нано аквариума в москве с доставкой;core_use_geo
заказать растения in vitro для аквариума для нано аквариума в москве с доставкой;core_use_geo
растения in vitro для аквариума для нано аквариума в москве с доставкой цена;core_use_geo
растения in vitro для аквариума для нано аквариума по москве с доставкой;core_use_geo
купить растения in vitro для аквариума для нано аквариума по москве с доставкой;core_use_geo
заказать растения in vitro для аквариума для нано аквариума по москве с доставкой;core_use_geo
растения in vitro для аквариума для нано аквариума по москве с доставкой цена;core_use_geo
растения in vitro для аквариума для нано аквариума для москвы и области;core_use_geo
купить растения in vitro для аквариума для нано аквариума для москвы и области;core_use_geo
заказать растения in vitro для аквариума для нано аквариума для москвы и области;core_use_geo
растения in vitro для аквариума для нано аквариума для москвы и области цена;core_use_geo
растения in vitro для аквариума для креветочника;core_use
купить растения in vitro для аквариума для креветочника;core_use
заказать растения in vitro для аквариума для креветочника;core_use
где купить растения in vitro для аквариума для креветочника;core_use
растения in vitro для аквариума для креветочника цена;core_use
растения in vitro для аквариума для креветочника отзывы;core_use
как выбрать растения in vitro для аквариума для креветочника;core_use
как посадить растения in vitro для аквариума для креветочника;core_use
растения in vitro для аквариума для креветочника в москве;core_use_geo
купить растения in vitro для аквариума для креветочника в москве;core_use_geo
заказать растения in vitro для аквариума для креветочника в москве;core_use_geo
растения in vitro для аквариума для креветочника в москве цена;core_use_geo
растения in vitro для аквариума для креветочника по москве;core_use_geo
купить растения in vitro для аквариума для креветочника по москве;core_use_geo
заказать растения in vitro для аквариума для креветочника по москве;core_use_geo
растения in vitro для аквариума для креветочника по москве цена;core_use_geo
растения in vitro для аквариума для креветочника по московской области;core_use_geo
купить растения in vitro для аквариума для креветочника по московской области;core_use_geo
заказать растения in vitro для аквариума для креветочника по московской области;core_use_geo
растения in vitro для аквариума для креветочника по московской области цена;core_use_geo
растения in vitro для аквариума для креветочника в москве с доставкой;core_use_geo
купить растения in vitro для аквариума для креветочника в москве с доставкой;core_use_geo
заказать растения in vitro для аквариума для креветочника в москве с доставкой;core_use_geo
растения in vitro для аквариума для креветочника в москве с доставкой цена;core_use_geo
растения in vitro для аквариума для креветочника по москве с доставкой;core_use_geo
купить растения in vitro для аквариума для креветочника по москве с доставкой;core_use_geo
заказать растения in vitro для аквариума для креветочника по москве с доставкой;core_use_geo
растения in vitro для аквариума для креветочника по москве с доставкой цена;core_use_geo
растения in vitro для аквариума для креветочника для москвы и области;core_use_geo
купить растения in vitro для аквариума для креветочника для москвы и области;core_use_geo
заказать растения in vitro для аквариума для креветочника для москвы и области;core_use_geo
растения in vitro для аквариума для креветочника для москвы и области цена;core_use_geo
растения in vitro для аквариума для природного аквариума;core_use
купить растения in vitro для аквариума для природного аквариума;core_use
заказать растения in vitro для аквариума для природного аквариума;core_use
где купить растения in vitro для аквариума для природного аквариума;core_use
растения in vitro для аквариума для природного аквариума цена;core_use
растения in vitro для аквариума для природного аквариума отзывы;core_use
как выбрать растения in vitro для аквариума для природного аквариума;core_use
как посадить растения in vitro для аквариума для природного аквариума;core_use
растения in vitro для аквариума для природного аквариума в москве;core_use_geo
купить растения in vitro для аквариума для природного аквариума в москве;core_use_geo
заказать растения in vitro для аквариума для природного аквариума в москве;core_use_geo
растения in vitro для аквариума для природного аквариума в москве цена;core_use_geo
растения in vitro для аквариума для природного аквариума по москве;core_use_geo
купить растения in vitro для аквариума для природного аквариума по москве;core_use_geo
заказать растения in vitro для аквариума для природного аквариума по москве;core_use_geo
растения in vitro для аквариума для природного аквариума по москве цена;core_use_geo
растения in vitro для аквариума для природного аквариума по московской области;core_use_geo
купить растения in vitro для аквариума для природного аквариума по московской области;core_use_geo
заказать растения in vitro для аквариума для природного аквариума по московской области;core_use_geo
растения in vitro для аквариума для природного аквариума по московской области цена;core_use_geo
растения in vitro для аквариума для природного аквариума в москве с доставкой;core_use_geo
купить растения in vitro для аквариума для природного аквариума в москве с доставкой;core_use_geo
заказать растения in vitro для аквариума для природного аквариума в москве с доставкой;core_use_geo
растения in vitro для аквариума для природного аквариума в москве с доставкой цена;core_use_geo
растения in vitro для аквариума для природного аквариума по москве с доставкой;core_use_geo
купить растения in vitro для аквариума для природного аквариума по москве с доставкой;core_use_geo
заказать растения in vitro для аквариума для природного аквариума по москве с доставкой;core_use_geo
растения in vitro для аквариума для природного аквариума по москве с доставкой цена;core_use_geo
растения in vitro для аквариума для природного аквариума для москвы и области;core_use_geo
купить растения in vitro для аквариума для природного аквариума для москвы и области;core_use_geo
заказать растения in vitro для аквариума для природного аквариума для москвы и области;core_use_geo
растения in vitro для аквариума для природного аквариума для москвы и области цена;core_use_geo
растения in vitro для аквариума для голландского аквариума;core_use
купить растения in vitro для аквариума для голландского аквариума;core_use
заказать растения in vitro для аквариума для голландского аквариума;core_use
где купить растения in vitro для аквариума для голландского аквариума;core_use
растения in vitro для аквариума для голландского аквариума цена;core_use
растения in vitro для аквариума для голландского аквариума отзывы;core_use
как выбрать растения in vitro для аквариума для голландского аквариума;core_use
как посадить растения in vitro для аквариума для голландского аквариума;core_use
растения in vitro для аквариума для голландского аквариума в москве;core_use_geo
купить растения in vitro для аквариума для голландского аквариума в москве;core_use_geo
заказать растения in vitro для аквариума для голландского аквариума в москве;core_use_geo
растения in vitro для аквариума для голландского аквариума в москве цена;core_use_geo
растения in vitro для аквариума для голландского аквариума по москве;core_use_geo
купить растения in vitro для аквариума для голландского аквариума по москве;core_use_geo
заказать растения in vitro для аквариума для голландского аквариума по москве;core_use_geo
растения in vitro для аквариума для голландского аквариума по москве цена;core_use_geo
растения in vitro для аквариума для голландского аквариума по московской области;core_use_geo
купить растения in vitro для аквариума для голландского аквариума по московской области;core_use_geo
заказать растения in vitro для аквариума для голландского аквариума по московской области;core_use_geo
растения in vitro для аквариума для голландского аквариума по московской области цена;core_use_geo
растения in vitro для аквариума для голландского аквариума в москве с доставкой;core_use_geo
купить растения in vitro для аквариума для голландского аквариума в москве с доставкой;core_use_geo
заказать растения in vitro для аквариума для голландского аквариума в москве с доставкой;core_use_geo
растения in vitro для аквариума для голландского аквариума в москве с доставкой цена;core_use_geo
растения in vitro для аквариума для голландского аквариума по москве с доставкой;core_use_geo
купить растения in vitro для аквариума для голландского аквариума по москве с доставкой;core_use_geo
заказать растения in vitro для аквариума для голландского аквариума по москве с доставкой;core_use_geo
растения in vitro для аквариума для голландского аквариума по москве с доставкой цена;core_use_geo
растения in vitro для аквариума для голландского аквариума для москвы и области;core_use_geo
купить растения in vitro для аквариума для голландского аквариума для москвы и области;core_use_geo
заказать растения in vitro для аквариума для голландского аквариума для москвы и области;core_use_geo
растения in vitro для аквариума для голландского аквариума для москвы и области цена;core_use_geo
растения in vitro для аквариума для оформления аквариума;core_use
купить растения in vitro для аквариума для оформления аквариума;core_use
заказать растения in vitro для аквариума для оформления аквариума;core_use
где купить растения in vitro для аквариума для оформления аквариума;core_use
растения in vitro для аквариума для оформления аквариума цена;core_use
растения in vitro для аквариума для оформления аквариума отзывы;core_use
как выбрать растения in vitro для аквариума для оформления аквариума;core_use
как посадить растения in vitro для аквариума для оформления аквариума;core_use
растения in vitro для аквариума для оформления аквариума в москве;core_use_geo
купить растения in vitro для аквариума для оформления аквариума в москве;core_use_geo
заказать растения in vitro для аквариума для оформления аквариума в москве;core_use_geo
растения in vitro для аквариума для оформления аквариума в москве цена;core_use_geo
растения in vitro для аквариума для оформления аквариума по москве;core_use_geo
купить растения in vitro для аквариума для оформления аквариума по москве;core_use_geo
заказать растения in vitro для аквариума для оформления аквариума по москве;core_use_geo
растения in vitro для аквариума для оформления аквариума по москве цена;core_use_geo
растения in vitro для аквариума для оформления аквариума по московской области;core_use_geo
купить растения in vitro для аквариума для оформления аквариума по московской области;core_use_geo
заказать растения in vitro для аквариума для оформления аквариума по московской области;core_use_geo
растения in vitro для аквариума для оформления аквариума по московской области цена;core_use_geo
растения in vitro для аквариума для оформления аквариума в москве с доставкой;core_use_geo
купить растения in vitro для аквариума для оформления аквариума в москве с доставкой;core_use_geo
заказать растения in vitro для аквариума для оформления аквариума в москве с доставкой;core_use_geo
растения in vitro для аквариума для оформления аквариума в москве с доставкой цена;core_use_geo
растения in vitro для аквариума для оформления аквариума по москве с доставкой;core_use_geo
купить растения in vitro для аквариума для оформления аквариума по москве с доставкой;core_use_geo
заказать растения in vitro для аквариума для оформления аквариума по москве с доставкой;core_use_geo
растения in vitro для аквариума для оформления аквариума по москве с доставкой цена;core_use_geo
растения in vitro для аквариума для оформления аквариума для москвы и области;core_use_geo
купить растения in vitro для аквариума для оформления аквариума для москвы и области;core_use_geo
заказать растения in vitro для аквариума для оформления аквариума для москвы и области;core_use_geo
растения in vitro для аквариума для оформления аквариума для москвы и области цена;core_use_geo
растения in vitro для аквариума для аквариумного дизайна;core_use
купить растения in vitro для аквариума для аквариумного дизайна;core_use
заказать растения in vitro для аквариума для аквариумного дизайна;core_use
где купить растения in vitro для аквариума для аквариумного дизайна;core_use
растения in vitro для аквариума для аквариумного дизайна цена;core_use
растения in vitro для аквариума для аквариумного дизайна отзывы;core_use
как выбрать растения in vitro для аквариума для аквариумного дизайна;core_use
как посадить растения in vitro для аквариума для аквариумного дизайна;core_use
растения in vitro для аквариума для аквариумного дизайна в москве;core_use_geo
купить растения in vitro для аквариума для аквариумного дизайна в москве;core_use_geo
заказать растения in vitro для аквариума для аквариумного дизайна в москве;core_use_geo
растения in vitro для аквариума для аквариумного дизайна в москве цена;core_use_geo
растения in vitro для аквариума для аквариумного дизайна по москве;core_use_geo
купить растения in vitro для аквариума для аквариумного дизайна по москве;core_use_geo
заказать растения in vitro для аквариума для аквариумного дизайна по москве;core_use_geo
растения in vitro для аквариума для аквариумного дизайна по москве цена;core_use_geo
растения in vitro для аквариума для аквариумного дизайна по московской области;core_use_geo
купить растения in vitro для аквариума для аквариумного дизайна по московской области;core_use_geo
заказать растения in vitro для аквариума для аквариумного дизайна по московской области;core_use_geo
растения in vitro для аквариума для аквариумного дизайна по московской области цена;core_use_geo
растения in vitro для аквариума для аквариумного дизайна в москве с доставкой;core_use_geo
купить растения in vitro для аквариума для аквариумного дизайна в москве с доставкой;core_use_geo
заказать растения in vitro для аквариума для аквариумного дизайна в москве с доставкой;core_use_geo
растения in vitro для аквариума для аквариумного дизайна в москве с доставкой цена;core_use_geo
растения in vitro для аквариума для аквариумного дизайна по москве с доставкой;core_use_geo
купить растения in vitro для аквариума для аквариумного дизайна по москве с доставкой;core_use_geo
заказать растения in vitro для аквариума для аквариумного дизайна по москве с доставкой;core_use_geo
растения in vitro для аквариума для аквариумного дизайна по москве с доставкой цена;core_use_geo
растения in vitro для аквариума для аквариумного дизайна для москвы и области;core_use_geo
купить растения in vitro для аквариума для аквариумного дизайна для москвы и области;core_use_geo
заказать растения in vitro для аквариума для аквариумного дизайна для москвы и области;core_use_geo
растения in vitro для аквариума для аквариумного дизайна для москвы и области цена;core_use_geo
растения in vitro для аквариума для плотной посадки;core_use
купить растения in vitro для аквариума для плотной посадки;core_use
заказать растения in vitro для аквариума для плотной посадки;core_use
где купить растения in vitro для аквариума для плотной посадки;core_use
растения in vitro для аквариума для плотной посадки цена;core_use
растения in vitro для аквариума для плотной посадки отзывы;core_use
как выбрать растения in vitro для аквариума для плотной посадки;core_use
как посадить растения in vitro для аквариума для плотной посадки;core_use
растения in vitro для аквариума для плотной посадки в москве;core_use_geo
купить растения in vitro для аквариума для плотной посадки в москве;core_use_geo
заказать растения in vitro для аквариума для плотной посадки в москве;core_use_geo
растения in vitro для аквариума для плотной посадки в москве цена;core_use_geo
растения in vitro для аквариума для плотной посадки по москве;core_use_geo
купить растения in vitro для аквариума для плотной посадки по москве;core_use_geo
заказать растения in vitro для аквариума для плотной посадки по москве;core_use_geo
растения in vitro для аквариума для плотной посадки по москве цена;core_use_geo
растения in vitro для аквариума для плотной посадки по московской области;core_use_geo
купить растения in vitro для аквариума для плотной посадки по московской области;core_use_geo
заказать растения in vitro для аквариума для плотной посадки по московской области;core_use_geo
растения in vitro для аквариума для плотной посадки по московской области цена;core_use_geo
растения in vitro для аквариума для плотной посадки в москве с доставкой;core_use_geo
купить растения in vitro для аквариума для плотной посадки в москве с доставкой;core_use_geo
заказать растения in vitro для аквариума для плотной посадки в москве с доставкой;core_use_geo
растения in vitro для аквариума для плотной посадки в москве с доставкой цена;core_use_geo
растения in vitro для аквариума для плотной посадки по москве с доставкой;core_use_geo
купить растения in vitro для аквариума для плотной посадки по москве с доставкой;core_use_geo
заказать растения in vitro для аквариума для плотной посадки по москве с доставкой;core_use_geo
растения in vitro для аквариума для плотной посадки по москве с доставкой цена;core_use_geo
растения in vitro для аквариума для плотной посадки для москвы и области;core_use_geo
купить растения in vitro для аквариума для плотной посадки для москвы и области;core_use_geo
заказать растения in vitro для аквариума для плотной посадки для москвы и области;core_use_geo
растения in vitro для аквариума для плотной посадки для москвы и области цена;core_use_geo
растения in vitro для аквариума для чистого старта;core_use
купить растения in vitro для аквариума для чистого старта;core_use
заказать растения in vitro для аквариума для чистого старта;core_use
где купить растения in vitro для аквариума для чистого старта;core_use
растения in vitro для аквариума для чистого старта цена;core_use
растения in vitro для аквариума для чистого старта отзывы;core_use
как выбрать растения in vitro для аквариума для чистого старта;core_use
как посадить растения in vitro для аквариума для чистого старта;core_use
растения in vitro для аквариума для чистого старта в москве;core_use_geo
купить растения in vitro для аквариума для чистого старта в москве;core_use_geo
заказать растения in vitro для аквариума для чистого старта в москве;core_use_geo
растения in vitro для аквариума для чистого старта в москве цена;core_use_geo
растения in vitro для аквариума для чистого старта по москве;core_use_geo
купить растения in vitro для аквариума для чистого старта по москве;core_use_geo
заказать растения in vitro для аквариума для чистого старта по москве;core_use_geo
растения in vitro для аквариума для чистого старта по москве цена;core_use_geo
растения in vitro для аквариума для чистого старта по московской области;core_use_geo
купить растения in vitro для аквариума для чистого старта по московской области;core_use_geo
заказать растения in vitro для аквариума для чистого старта по московской области;core_use_geo
растения in vitro для аквариума для чистого старта по московской области цена;core_use_geo
растения in vitro для аквариума для чистого старта в москве с доставкой;core_use_geo
купить растения in vitro для аквариума для чистого старта в москве с доставкой;core_use_geo
заказать растения in vitro для аквариума для чистого старта в москве с доставкой;core_use_geo
растения in vitro для аквариума для чистого старта в москве с доставкой цена;core_use_geo
растения in vitro для аквариума для чистого старта по москве с доставкой;core_use_geo
купить растения in vitro для аквариума для чистого старта по москве с доставкой;core_use_geo
заказать растения in vitro для аквариума для чистого старта по москве с доставкой;core_use_geo
растения in vitro для аквариума для чистого старта по москве с доставкой цена;core_use_geo
растения in vitro для аквариума для чистого старта для москвы и области;core_use_geo
купить растения in vitro для аквариума для чистого старта для москвы и области;core_use_geo
заказать растения in vitro для аквариума для чистого старта для москвы и области;core_use_geo
растения in vitro для аквариума для чистого старта для москвы и области цена;core_use_geo
купить растения in vitro для аквариума для красивого аквариума;core_use
заказать растения in vitro для аквариума для красивого аквариума;core_use
где купить растения in vitro для аквариума для красивого аквариума;core_use
растения in vitro для аквариума для красивого аквариума цена;core_use
растения in vitro для аквариума для красивого аквариума отзывы;core_use
как выбрать растения in vitro для аквариума для красивого аквариума;core_use
как посадить растения in vitro для аквариума для красивого аквариума;core_use
растения in vitro для аквариума для красивого аквариума в москве;core_use_geo
купить растения in vitro для аквариума для красивого аквариума в москве;core_use_geo
заказать растения in vitro для аквариума для красивого аквариума в москве;core_use_geo
растения in vitro для аквариума для красивого аквариума в москве цена;core_use_geo
растения in vitro для аквариума для красивого аквариума по москве;core_use_geo
купить растения in vitro для аквариума для красивого аквариума по москве;core_use_geo
заказать растения in vitro для аквариума для красивого аквариума по москве;core_use_geo
растения in vitro для аквариума для красивого аквариума по москве цена;core_use_geo
растения in vitro для аквариума для красивого аквариума по московской области;core_use_geo
купить растения in vitro для аквариума для красивого аквариума по московской области;core_use_geo
заказать растения in vitro для аквариума для красивого аквариума по московской области;core_use_geo
растения in vitro для аквариума для красивого аквариума по московской области цена;core_use_geo
растения in vitro для аквариума для красивого аквариума в москве с доставкой;core_use_geo
купить растения in vitro для аквариума для красивого аквариума в москве с доставкой;core_use_geo
заказать растения in vitro для аквариума для красивого аквариума в москве с доставкой;core_use_geo
растения in vitro для аквариума для красивого аквариума в москве с доставкой цена;core_use_geo
растения in vitro для аквариума для красивого аквариума по москве с доставкой;core_use_geo
купить растения in vitro для аквариума для красивого аквариума по москве с доставкой;core_use_geo
заказать растения in vitro для аквариума для красивого аквариума по москве с доставкой;core_use_geo
растения in vitro для аквариума для красивого аквариума по москве с доставкой цена;core_use_geo
растения in vitro для аквариума для красивого аквариума для москвы и области;core_use_geo
купить растения in vitro для аквариума для красивого аквариума для москвы и области;core_use_geo
заказать растения in vitro для аквариума для красивого аквариума для москвы и области;core_use_geo
растения in vitro для аквариума для красивого аквариума для москвы и области цена;core_use_geo
купить растения in vitro для аквариума для здорового аквариума;core_use
заказать растения in vitro для аквариума для здорового аквариума;core_use
где купить растения in vitro для аквариума для здорового аквариума;core_use
растения in vitro для аквариума для здорового аквариума цена;core_use
растения in vitro для аквариума для здорового аквариума отзывы;core_use
как выбрать растения in vitro для аквариума для здорового аквариума;core_use
как посадить растения in vitro для аквариума для здорового аквариума;core_use
растения in vitro для аквариума для здорового аквариума в москве;core_use_geo
купить растения in vitro для аквариума для здорового аквариума в москве;core_use_geo
заказать растения in vitro для аквариума для здорового аквариума в москве;core_use_geo
растения in vitro для аквариума для здорового аквариума в москве цена;core_use_geo
растения in vitro для аквариума для здорового аквариума по москве;core_use_geo
купить растения in vitro для аквариума для здорового аквариума по москве;core_use_geo
заказать растения in vitro для аквариума для здорового аквариума по москве;core_use_geo
растения in vitro для аквариума для здорового аквариума по москве цена;core_use_geo
растения in vitro для аквариума для здорового аквариума по московской области;core_use_geo
купить растения in vitro для аквариума для здорового аквариума по московской области;core_use_geo
заказать растения in vitro для аквариума для здорового аквариума по московской области;core_use_geo
растения in vitro для аквариума для здорового аквариума по московской области цена;core_use_geo
растения in vitro для аквариума для здорового аквариума в москве с доставкой;core_use_geo
купить растения in vitro для аквариума для здорового аквариума в москве с доставкой;core_use_geo
заказать растения in vitro для аквариума для здорового аквариума в москве с доставкой;core_use_geo
растения in vitro для аквариума для здорового аквариума в москве с доставкой цена;core_use_geo
растения in vitro для аквариума для здорового аквариума по москве с доставкой;core_use_geo
купить растения in vitro для аквариума для здорового аквариума по москве с доставкой;core_use_geo
заказать растения in vitro для аквариума для здорового аквариума по москве с доставкой;core_use_geo
растения in vitro для аквариума для здорового аквариума по москве с доставкой цена;core_use_geo
растения in vitro для аквариума для здорового аквариума для москвы и области;core_use_geo
купить растения in vitro для аквариума для здорового аквариума для москвы и области;core_use_geo
заказать растения in vitro для аквариума для здорового аквариума для москвы и области;core_use_geo
растения in vitro для аквариума для здорового аквариума для москвы и области цена;core_use_geo
растения in vitro для аквариума для домашнего аквариума;core_use
купить растения in vitro для аквариума для домашнего аквариума;core_use
заказать растения in vitro для аквариума для домашнего аквариума;core_use
где купить растения in vitro для аквариума для домашнего аквариума;core_use
растения in vitro для аквариума для домашнего аквариума цена;core_use
растения in vitro для аквариума для домашнего аквариума отзывы;core_use
как выбрать растения in vitro для аквариума для домашнего аквариума;core_use
как посадить растения in vitro для аквариума для домашнего аквариума;core_use
растения in vitro для аквариума для домашнего аквариума в москве;core_use_geo
купить растения in vitro для аквариума для домашнего аквариума в москве;core_use_geo
заказать растения in vitro для аквариума для домашнего аквариума в москве;core_use_geo
растения in vitro для аквариума для домашнего аквариума в москве цена;core_use_geo
растения in vitro для аквариума для домашнего аквариума по москве;core_use_geo
купить растения in vitro для аквариума для домашнего аквариума по москве;core_use_geo
заказать растения in vitro для аквариума для домашнего аквариума по москве;core_use_geo
растения in vitro для аквариума для домашнего аквариума по москве цена;core_use_geo
растения in vitro для аквариума для домашнего аквариума по московской области;core_use_geo
купить растения in vitro для аквариума для домашнего аквариума по московской области;core_use_geo
заказать растения in vitro для аквариума для домашнего аквариума по московской области;core_use_geo
растения in vitro для аквариума для домашнего аквариума по московской области цена;core_use_geo
растения in vitro для аквариума для домашнего аквариума в москве с доставкой;core_use_geo
купить растения in vitro для аквариума для домашнего аквариума в москве с доставкой;core_use_geo
заказать растения in vitro для аквариума для домашнего аквариума в москве с доставкой;core_use_geo
растения in vitro для аквариума для домашнего аквариума в москве с доставкой цена;core_use_geo
растения in vitro для аквариума для домашнего аквариума по москве с доставкой;core_use_geo
купить растения in vitro для аквариума для домашнего аквариума по москве с доставкой;core_use_geo
заказать растения in vitro для аквариума для домашнего аквариума по москве с доставкой;core_use_geo
растения in vitro для аквариума для домашнего аквариума по москве с доставкой цена;core_use_geo
растения in vitro для аквариума для домашнего аквариума для москвы и области;core_use_geo
купить растения in vitro для аквариума для домашнего аквариума для москвы и области;core_use_geo
заказать растения in vitro для аквариума для домашнего аквариума для москвы и области;core_use_geo
растения in vitro для аквариума для домашнего аквариума для москвы и области цена;core_use_geo
растения in vitro для аквариума для профессионального аквариума;core_use
купить растения in vitro для аквариума для профессионального аквариума;core_use
заказать растения in vitro для аквариума для профессионального аквариума;core_use
где купить растения in vitro для аквариума для профессионального аквариума;core_use
растения in vitro для аквариума для профессионального аквариума цена;core_use
растения in vitro для аквариума для профессионального аквариума отзывы;core_use
как выбрать растения in vitro для аквариума для профессионального аквариума;core_use
как посадить растения in vitro для аквариума для профессионального аквариума;core_use
растения in vitro для аквариума для профессионального аквариума в москве;core_use_geo
купить растения in vitro для аквариума для профессионального аквариума в москве;core_use_geo
заказать растения in vitro для аквариума для профессионального аквариума в москве;core_use_geo
растения in vitro для аквариума для профессионального аквариума в москве цена;core_use_geo
растения in vitro для аквариума для профессионального аквариума по москве;core_use_geo
купить растения in vitro для аквариума для профессионального аквариума по москве;core_use_geo
заказать растения in vitro для аквариума для профессионального аквариума по москве;core_use_geo
растения in vitro для аквариума для профессионального аквариума по москве цена;core_use_geo
растения in vitro для аквариума для профессионального аквариума по московской области;core_use_geo
купить растения in vitro для аквариума для профессионального аквариума по московской области;core_use_geo
заказать растения in vitro для аквариума для профессионального аквариума по московской области;core_use_geo
растения in vitro для аквариума для профессионального аквариума по московской области цена;core_use_geo
растения in vitro для аквариума для профессионального аквариума в москве с доставкой;core_use_geo
купить растения in vitro для аквариума для профессионального аквариума в москве с доставкой;core_use_geo
заказать растения in vitro для аквариума для профессионального аквариума в москве с доставкой;core_use_geo
растения in vitro для аквариума для профессионального аквариума в москве с доставкой цена;core_use_geo
растения in vitro для аквариума для профессионального аквариума по москве с доставкой;core_use_geo
купить растения in vitro для аквариума для профессионального аквариума по москве с доставкой;core_use_geo
заказать растения in vitro для аквариума для профессионального аквариума по москве с доставкой;core_use_geo
растения in vitro для аквариума для профессионального аквариума по москве с доставкой цена;core_use_geo
растения in vitro для аквариума для профессионального аквариума для москвы и области;core_use_geo
купить растения in vitro для аквариума для профессионального аквариума для москвы и области;core_use_geo
заказать растения in vitro для аквариума для профессионального аквариума для москвы и области;core_use_geo
растения in vitro для аквариума для профессионального аквариума для москвы и области цена;core_use_geo
растения in vitro для аквариума для посадки на корягу;core_use
купить растения in vitro для аквариума для посадки на корягу;core_use
заказать растения in vitro для аквариума для посадки на корягу;core_use
где купить растения in vitro для аквариума для посадки на корягу;core_use
растения in vitro для аквариума для посадки на корягу цена;core_use
растения in vitro для аквариума для посадки на корягу отзывы;core_use
как выбрать растения in vitro для аквариума для посадки на корягу;core_use
как посадить растения in vitro для аквариума для посадки на корягу;core_use
растения in vitro для аквариума для посадки на корягу в москве;core_use_geo
купить растения in vitro для аквариума для посадки на корягу в москве;core_use_geo
заказать растения in vitro для аквариума для посадки на корягу в москве;core_use_geo
растения in vitro для аквариума для посадки на корягу в москве цена;core_use_geo
растения in vitro для аквариума для посадки на корягу по москве;core_use_geo
купить растения in vitro для аквариума для посадки на корягу по москве;core_use_geo
заказать растения in vitro для аквариума для посадки на корягу по москве;core_use_geo
растения in vitro для аквариума для посадки на корягу по москве цена;core_use_geo
растения in vitro для аквариума для посадки на корягу по московской области;core_use_geo
купить растения in vitro для аквариума для посадки на корягу по московской области;core_use_geo
заказать растения in vitro для аквариума для посадки на корягу по московской области;core_use_geo
растения in vitro для аквариума для посадки на корягу по московской области цена;core_use_geo
растения in vitro для аквариума для посадки на корягу в москве с доставкой;core_use_geo
купить растения in vitro для аквариума для посадки на корягу в москве с доставкой;core_use_geo
заказать растения in vitro для аквариума для посадки на корягу в москве с доставкой;core_use_geo
растения in vitro для аквариума для посадки на корягу в москве с доставкой цена;core_use_geo
растения in vitro для аквариума для посадки на корягу по москве с доставкой;core_use_geo
купить растения in vitro для аквариума для посадки на корягу по москве с доставкой;core_use_geo
заказать растения in vitro для аквариума для посадки на корягу по москве с доставкой;core_use_geo
растения in vitro для аквариума для посадки на корягу по москве с доставкой цена;core_use_geo
растения in vitro для аквариума для посадки на корягу для москвы и области;core_use_geo
купить растения in vitro для аквариума для посадки на корягу для москвы и области;core_use_geo
заказать растения in vitro для аквариума для посадки на корягу для москвы и области;core_use_geo
растения in vitro для аквариума для посадки на корягу для москвы и области цена;core_use_geo
растения in vitro для аквариума для посадки на камни;core_use
купить растения in vitro для аквариума для посадки на камни;core_use
заказать растения in vitro для аквариума для посадки на камни;core_use
где купить растения in vitro для аквариума для посадки на камни;core_use
растения in vitro для аквариума для посадки на камни цена;core_use
растения in vitro для аквариума для посадки на камни отзывы;core_use
как выбрать растения in vitro для аквариума для посадки на камни;core_use
как посадить растения in vitro для аквариума для посадки на камни;core_use
растения in vitro для аквариума для посадки на камни в москве;core_use_geo
купить растения in vitro для аквариума для посадки на камни в москве;core_use_geo
заказать растения in vitro для аквариума для посадки на камни в москве;core_use_geo
растения in vitro для аквариума для посадки на камни в москве цена;core_use_geo
растения in vitro для аквариума для посадки на камни по москве;core_use_geo
купить растения in vitro для аквариума для посадки на камни по москве;core_use_geo
заказать растения in vitro для аквариума для посадки на камни по москве;core_use_geo
растения in vitro для аквариума для посадки на камни по москве цена;core_use_geo
растения in vitro для аквариума для посадки на камни по московской области;core_use_geo
купить растения in vitro для аквариума для посадки на камни по московской области;core_use_geo
заказать растения in vitro для аквариума для посадки на камни по московской области;core_use_geo
растения in vitro для аквариума для посадки на камни по московской области цена;core_use_geo
растения in vitro для аквариума для посадки на камни в москве с доставкой;core_use_geo
купить растения in vitro для аквариума для посадки на камни в москве с доставкой;core_use_geo
заказать растения in vitro для аквариума для посадки на камни в москве с доставкой;core_use_geo
растения in vitro для аквариума для посадки на камни в москве с доставкой цена;core_use_geo
растения in vitro для аквариума для посадки на камни по москве с доставкой;core_use_geo
купить растения in vitro для аквариума для посадки на камни по москве с доставкой;core_use_geo
заказать растения in vitro для аквариума для посадки на камни по москве с доставкой;core_use_geo
растения in vitro для аквариума для посадки на камни по москве с доставкой цена;core_use_geo
растения in vitro для аквариума для посадки на камни для москвы и области;core_use_geo
купить растения in vitro для аквариума для посадки на камни для москвы и области;core_use_geo
заказать растения in vitro для аквариума для посадки на камни для москвы и области;core_use_geo
растения in vitro для аквариума для посадки на камни для москвы и области цена;core_use_geo
растения in vitro для аквариума без улиток;core_benefit
купить растения in vitro для аквариума без улиток;core_benefit
заказать растения in vitro для аквариума без улиток;core_benefit
растения in vitro для аквариума без улиток цена;core_benefit
растения in vitro для аквариума без улиток отзывы;core_benefit
как выбрать растения in vitro для аквариума без улиток;core_benefit
растения in vitro для аквариума без улиток в москве;core_benefit_geo
купить растения in vitro для аквариума без улиток в москве;core_benefit_geo
растения in vitro для аквариума без улиток в москве цена;core_benefit_geo
растения in vitro для аквариума без улиток по москве;core_benefit_geo
купить растения in vitro для аквариума без улиток по москве;core_benefit_geo
растения in vitro для аквариума без улиток по москве цена;core_benefit_geo
растения in vitro для аквариума без улиток по московской области;core_benefit_geo
купить растения in vitro для аквариума без улиток по московской области;core_benefit_geo
растения in vitro для аквариума без улиток по московской области цена;core_benefit_geo
растения in vitro для аквариума без улиток в москве с доставкой;core_benefit_geo
купить растения in vitro для аквариума без улиток в москве с доставкой;core_benefit_geo
растения in vitro для аквариума без улиток в москве с доставкой цена;core_benefit_geo
растения in vitro для аквариума без улиток по москве с доставкой;core_benefit_geo
купить растения in vitro для аквариума без улиток по москве с доставкой;core_benefit_geo
растения in vitro для аквариума без улиток по москве с доставкой цена;core_benefit_geo
растения in vitro для аквариума без улиток для москвы и области;core_benefit_geo
купить растения in vitro для аквариума без улиток для москвы и области;core_benefit_geo
растения in vitro для аквариума без улиток для москвы и области цена;core_benefit_geo
растения in vitro для аквариума без водорослей;core_benefit
купить растения in vitro для аквариума без водорослей;core_benefit
заказать растения in vitro для аквариума без водорослей;core_benefit
растения in vitro для аквариума без водорослей цена;core_benefit
растения in vitro для аквариума без водорослей отзывы;core_benefit
как выбрать растения in vitro для аквариума без водорослей;core_benefit
растения in vitro для аквариума без водорослей в москве;core_benefit_geo
купить растения in vitro для аквариума без водорослей в москве;core_benefit_geo
растения in vitro для аквариума без водорослей в москве цена;core_benefit_geo
растения in vitro для аквариума без водорослей по москве;core_benefit_geo
купить растения in vitro для аквариума без водорослей по москве;core_benefit_geo
растения in vitro для аквариума без водорослей по москве цена;core_benefit_geo
растения in vitro для аквариума без водорослей по московской области;core_benefit_geo
купить растения in vitro для аквариума без водорослей по московской области;core_benefit_geo
растения in vitro для аквариума без водорослей по московской области цена;core_benefit_geo
растения in vitro для аквариума без водорослей в москве с доставкой;core_benefit_geo
купить растения in vitro для аквариума без водорослей в москве с доставкой;core_benefit_geo
растения in vitro для аквариума без водорослей в москве с доставкой цена;core_benefit_geo
растения in vitro для аквариума без водорослей по москве с доставкой;core_benefit_geo
купить растения in vitro для аквариума без водорослей по москве с доставкой;core_benefit_geo
растения in vitro для аквариума без водорослей по москве с доставкой цена;core_benefit_geo
растения in vitro для аквариума без водорослей для москвы и области;core_benefit_geo
купить растения in vitro для аквариума без водорослей для москвы и области;core_benefit_geo
растения in vitro для аквариума без водорослей для москвы и области цена;core_benefit_geo
растения in vitro для аквариума стерильные;core_benefit
купить растения in vitro для аквариума стерильные;core_benefit
заказать растения in vitro для аквариума стерильные;core_benefit
растения in vitro для аквариума стерильные цена;core_benefit
растения in vitro для аквариума стерильные отзывы;core_benefit
как выбрать растения in vitro для аквариума стерильные;core_benefit
растения in vitro для аквариума стерильные в москве;core_benefit_geo
купить растения in vitro для аквариума стерильные в москве;core_benefit_geo
растения in vitro для аквариума стерильные в москве цена;core_benefit_geo
растения in vitro для аквариума стерильные по москве;core_benefit_geo
купить растения in vitro для аквариума стерильные по москве;core_benefit_geo
растения in vitro для аквариума стерильные по москве цена;core_benefit_geo
растения in vitro для аквариума стерильные по московской области;core_benefit_geo
купить растения in vitro для аквариума стерильные по московской области;core_benefit_geo
растения in vitro для аквариума стерильные по московской области цена;core_benefit_geo
растения in vitro для аквариума стерильные в москве с доставкой;core_benefit_geo
купить растения in vitro для аквариума стерильные в москве с доставкой;core_benefit_geo
растения in vitro для аквариума стерильные в москве с доставкой цена;core_benefit_geo
растения in vitro для аквариума стерильные по москве с доставкой;core_benefit_geo
купить растения in vitro для аквариума стерильные по москве с доставкой;core_benefit_geo
растения in vitro для аквариума стерильные по москве с доставкой цена;core_benefit_geo
растения in vitro для аквариума стерильные для москвы и области;core_benefit_geo
купить растения in vitro для аквариума стерильные для москвы и области;core_benefit_geo
растения in vitro для аквариума стерильные для москвы и области цена;core_benefit_geo
растения in vitro для аквариума;core_benefit
растения in vitro для аквариума в баночке;core_benefit
купить растения in vitro для аквариума в баночке;core_benefit
заказать растения in vitro для аквариума в баночке;core_benefit
растения in vitro для аквариума в баночке цена;core_benefit
растения in vitro для аквариума в баночке отзывы;core_benefit
как выбрать растения in vitro для аквариума в баночке;core_benefit
растения in vitro для аквариума в баночке в москве;core_benefit_geo
купить растения in vitro для аквариума в баночке в москве;core_benefit_geo
растения in vitro для аквариума в баночке в москве цена;core_benefit_geo
растения in vitro для аквариума в баночке по москве;core_benefit_geo
купить растения in vitro для аквариума в баночке по москве;core_benefit_geo
растения in vitro для аквариума в баночке по москве цена;core_benefit_geo
растения in vitro для аквариума в баночке по московской области;core_benefit_geo
купить растения in vitro для аквариума в баночке по московской области;core_benefit_geo
растения in vitro для аквариума в баночке по московской области цена;core_benefit_geo
растения in vitro для аквариума в баночке в москве с доставкой;core_benefit_geo
купить растения in vitro для аквариума в баночке в москве с доставкой;core_benefit_geo
растения in vitro для аквариума в баночке в москве с доставкой цена;core_benefit_geo
растения in vitro для аквариума в баночке по москве с доставкой;core_benefit_geo
купить растения in vitro для аквариума в баночке по москве с доставкой;core_benefit_geo
растения in vitro для аквариума в баночке по москве с доставкой цена;core_benefit_geo
растения in vitro для аквариума в баночке для москвы и области;core_benefit_geo
купить растения in vitro для аквариума в баночке для москвы и области;core_benefit_geo
растения in vitro для аквариума в баночке для москвы и области цена;core_benefit_geo
растения in vitro для аквариума в контейнере;core_benefit
купить растения in vitro для аквариума в контейнере;core_benefit
заказать растения in vitro для аквариума в контейнере;core_benefit
растения in vitro для аквариума в контейнере цена;core_benefit
растения in vitro для аквариума в контейнере отзывы;core_benefit
как выбрать растения in vitro для аквариума в контейнере;core_benefit
растения in vitro для аквариума в контейнере в москве;core_benefit_geo
купить растения in vitro для аквариума в контейнере в москве;core_benefit_geo
растения in vitro для аквариума в контейнере в москве цена;core_benefit_geo
растения in vitro для аквариума в контейнере по москве;core_benefit_geo
купить растения in vitro для аквариума в контейнере по москве;core_benefit_geo
растения in vitro для аквариума в контейнере по москве цена;core_benefit_geo
растения in vitro для аквариума в контейнере по московской области;core_benefit_geo
купить растения in vitro для аквариума в контейнере по московской области;core_benefit_geo
растения in vitro для аквариума в контейнере по московской области цена;core_benefit_geo
растения in vitro для аквариума в контейнере в москве с доставкой;core_benefit_geo
купить растения in vitro для аквариума в контейнере в москве с доставкой;core_benefit_geo
растения in vitro для аквариума в контейнере в москве с доставкой цена;core_benefit_geo
растения in vitro для аквариума в контейнере по москве с доставкой;core_benefit_geo
купить растения in vitro для аквариума в контейнере по москве с доставкой;core_benefit_geo
растения in vitro для аквариума в контейнере по москве с доставкой цена;core_benefit_geo
растения in vitro для аквариума в контейнере для москвы и области;core_benefit_geo
купить растения in vitro для аквариума в контейнере для москвы и области;core_benefit_geo
растения in vitro для аквариума в контейнере для москвы и области цена;core_benefit_geo
растения in vitro для аквариума с чистым стартом;core_benefit
купить растения in vitro для аквариума с чистым стартом;core_benefit
заказать растения in vitro для аквариума с чистым стартом;core_benefit
растения in vitro для аквариума с чистым стартом цена;core_benefit
растения in vitro для аквариума с чистым стартом отзывы;core_benefit
как выбрать растения in vitro для аквариума с чистым стартом;core_benefit
растения in vitro для аквариума с чистым стартом в москве;core_benefit_geo
купить растения in vitro для аквариума с чистым стартом в москве;core_benefit_geo
растения in vitro для аквариума с чистым стартом в москве цена;core_benefit_geo
растения in vitro для аквариума с чистым стартом по москве;core_benefit_geo
купить растения in vitro для аквариума с чистым стартом по москве;core_benefit_geo
растения in vitro для аквариума с чистым стартом по москве цена;core_benefit_geo
растения in vitro для аквариума с чистым стартом по московской области;core_benefit_geo
купить растения in vitro для аквариума с чистым стартом по московской области;core_benefit_geo
растения in vitro для аквариума с чистым стартом по московской области цена;core_benefit_geo
растения in vitro для аквариума с чистым стартом в москве с доставкой;core_benefit_geo
купить растения in vitro для аквариума с чистым стартом в москве с доставкой;core_benefit_geo
растения in vitro для аквариума с чистым стартом в москве с доставкой цена;core_benefit_geo
растения in vitro для аквариума с чистым стартом по москве с доставкой;core_benefit_geo
купить растения in vitro для аквариума с чистым стартом по москве с доставкой;core_benefit_geo
растения in vitro для аквариума с чистым стартом по москве с доставкой цена;core_benefit_geo
растения in vitro для аквариума с чистым стартом для москвы и области;core_benefit_geo
купить растения in vitro для аквариума с чистым стартом для москвы и области;core_benefit_geo
растения in vitro для аквариума с чистым стартом для москвы и области цена;core_benefit_geo
растения in vitro для аквариума для быстрой посадки;core_benefit
купить растения in vitro для аквариума для быстрой посадки;core_benefit
заказать растения in vitro для аквариума для быстрой посадки;core_benefit
растения in vitro для аквариума для быстрой посадки цена;core_benefit
растения in vitro для аквариума для быстрой посадки отзывы;core_benefit
как выбрать растения in vitro для аквариума для быстрой посадки;core_benefit
растения in vitro для аквариума для быстрой посадки в москве;core_benefit_geo
купить растения in vitro для аквариума для быстрой посадки в москве;core_benefit_geo
растения in vitro для аквариума для быстрой посадки в москве цена;core_benefit_geo
растения in vitro для аквариума для быстрой посадки по москве;core_benefit_geo
купить растения in vitro для аквариума для быстрой посадки по москве;core_benefit_geo
растения in vitro для аквариума для быстрой посадки по москве цена;core_benefit_geo
растения in vitro для аквариума для быстрой посадки по московской области;core_benefit_geo
купить растения in vitro для аквариума для быстрой посадки по московской области;core_benefit_geo
растения in vitro для аквариума для быстрой посадки по московской области цена;core_benefit_geo
растения in vitro для аквариума для быстрой посадки в москве с доставкой;core_benefit_geo
купить растения in vitro для аквариума для быстрой посадки в москве с доставкой;core_benefit_geo
растения in vitro для аквариума для быстрой посадки в москве с доставкой цена;core_benefit_geo
растения in vitro для аквариума для быстрой посадки по москве с доставкой;core_benefit_geo
купить растения in vitro для аквариума для быстрой посадки по москве с доставкой;core_benefit_geo
растения in vitro для аквариума для быстрой посадки по москве с доставкой цена;core_benefit_geo
растения in vitro для аквариума для быстрой посадки для москвы и области;core_benefit_geo
купить растения in vitro для аквариума для быстрой посадки для москвы и области;core_benefit_geo
растения in vitro для аквариума для быстрой посадки для москвы и области цена;core_benefit_geo
растения in vitro для аквариума для аккуратной посадки;core_benefit
купить растения in vitro для аквариума для аккуратной посадки;core_benefit
заказать растения in vitro для аквариума для аккуратной посадки;core_benefit
растения in vitro для аквариума для аккуратной посадки цена;core_benefit
растения in vitro для аквариума для аккуратной посадки отзывы;core_benefit
как выбрать растения in vitro для аквариума для аккуратной посадки;core_benefit
растения in vitro для аквариума для аккуратной посадки в москве;core_benefit_geo
купить растения in vitro для аквариума для аккуратной посадки в москве;core_benefit_geo
растения in vitro для аквариума для аккуратной посадки в москве цена;core_benefit_geo
растения in vitro для аквариума для аккуратной посадки по москве;core_benefit_geo
купить растения in vitro для аквариума для аккуратной посадки по москве;core_benefit_geo
растения in vitro для аквариума для аккуратной посадки по москве цена;core_benefit_geo
растения in vitro для аквариума для аккуратной посадки по московской области;core_benefit_geo
купить растения in vitro для аквариума для аккуратной посадки по московской области;core_benefit_geo
растения in vitro для аквариума для аккуратной посадки по московской области цена;core_benefit_geo
растения in vitro для аквариума для аккуратной посадки в москве с доставкой;core_benefit_geo
купить растения in vitro для аквариума для аккуратной посадки в москве с доставкой;core_benefit_geo
растения in vitro для аквариума для аккуратной посадки в москве с доставкой цена;core_benefit_geo
растения in vitro для аквариума для аккуратной посадки по москве с доставкой;core_benefit_geo
купить растения in vitro для аквариума для аккуратной посадки по москве с доставкой;core_benefit_geo
растения in vitro для аквариума для аккуратной посадки по москве с доставкой цена;core_benefit_geo
растения in vitro для аквариума для аккуратной посадки для москвы и области;core_benefit_geo
купить растения in vitro для аквариума для аккуратной посадки для москвы и области;core_benefit_geo
растения in vitro для аквариума для аккуратной посадки для москвы и области цена;core_benefit_geo
растения in vitro для аквариума для безопасного запуска;core_benefit
купить растения in vitro для аквариума для безопасного запуска;core_benefit
заказать растения in vitro для аквариума для безопасного запуска;core_benefit
растения in vitro для аквариума для безопасного запуска цена;core_benefit
растения in vitro для аквариума для безопасного запуска отзывы;core_benefit
как выбрать растения in vitro для аквариума для безопасного запуска;core_benefit
растения in vitro для аквариума для безопасного запуска в москве;core_benefit_geo
купить растения in vitro для аквариума для безопасного запуска в москве;core_benefit_geo
растения in vitro для аквариума для безопасного запуска в москве цена;core_benefit_geo
растения in vitro для аквариума для безопасного запуска по москве;core_benefit_geo
купить растения in vitro для аквариума для безопасного запуска по москве;core_benefit_geo
растения in vitro для аквариума для безопасного запуска по москве цена;core_benefit_geo
растения in vitro для аквариума для безопасного запуска по московской области;core_benefit_geo
купить растения in vitro для аквариума для безопасного запуска по московской области;core_benefit_geo
растения in vitro для аквариума для безопасного запуска по московской области цена;core_benefit_geo
растения in vitro для аквариума для безопасного запуска в москве с доставкой;core_benefit_geo
купить растения in vitro для аквариума для безопасного запуска в москве с доставкой;core_benefit_geo
растения in vitro для аквариума для безопасного запуска в москве с доставкой цена;core_benefit_geo
растения in vitro для аквариума для безопасного запуска по москве с доставкой;core_benefit_geo
купить растения in vitro для аквариума для безопасного запуска по москве с доставкой;core_benefit_geo
растения in vitro для аквариума для безопасного запуска по москве с доставкой цена;core_benefit_geo
растения in vitro для аквариума для безопасного запуска для москвы и области;core_benefit_geo
купить растения in vitro для аквариума для безопасного запуска для москвы и области;core_benefit_geo
растения in vitro для аквариума для безопасного запуска для москвы и области цена;core_benefit_geo
растения in vitro для аквариума для плотного ковра;core_benefit
купить растения in vitro для аквариума для плотного ковра;core_benefit
заказать растения in vitro для аквариума для плотного ковра;core_benefit
растения in vitro для аквариума для плотного ковра цена;core_benefit
растения in vitro для аквариума для плотного ковра отзывы;core_benefit
как выбрать растения in vitro для аквариума для плотного ковра;core_benefit
растения in vitro для аквариума для плотного ковра в москве;core_benefit_geo
купить растения in vitro для аквариума для плотного ковра в москве;core_benefit_geo
растения in vitro для аквариума для плотного ковра в москве цена;core_benefit_geo
растения in vitro для аквариума для плотного ковра по москве;core_benefit_geo
купить растения in vitro для аквариума для плотного ковра по москве;core_benefit_geo
растения in vitro для аквариума для плотного ковра по москве цена;core_benefit_geo
растения in vitro для аквариума для плотного ковра по московской области;core_benefit_geo
купить растения in vitro для аквариума для плотного ковра по московской области;core_benefit_geo
растения in vitro для аквариума для плотного ковра по московской области цена;core_benefit_geo
растения in vitro для аквариума для плотного ковра в москве с доставкой;core_benefit_geo
купить растения in vitro для аквариума для плотного ковра в москве с доставкой;core_benefit_geo
растения in vitro для аквариума для плотного ковра в москве с доставкой цена;core_benefit_geo
растения in vitro для аквариума для плотного ковра по москве с доставкой;core_benefit_geo
купить растения in vitro для аквариума для плотного ковра по москве с доставкой;core_benefit_geo
растения in vitro для аквариума для плотного ковра по москве с доставкой цена;core_benefit_geo
растения in vitro для аквариума для плотного ковра для москвы и области;core_benefit_geo
купить растения in vitro для аквариума для плотного ковра для москвы и области;core_benefit_geo
растения in vitro для аквариума для плотного ковра для москвы и области цена;core_benefit_geo
растения in vitro для аквариума для яркого акцента;core_benefit
купить растения in vitro для аквариума для яркого акцента;core_benefit
заказать растения in vitro для аквариума для яркого акцента;core_benefit
растения in vitro для аквариума для яркого акцента цена;core_benefit
растения in vitro для аквариума для яркого акцента отзывы;core_benefit
как выбрать растения in vitro для аквариума для яркого акцента;core_benefit
растения in vitro для аквариума для яркого акцента в москве;core_benefit_geo
купить растения in vitro для аквариума для яркого акцента в москве;core_benefit_geo
растения in vitro для аквариума для яркого акцента в москве цена;core_benefit_geo
растения in vitro для аквариума для яркого акцента по москве;core_benefit_geo
купить растения in vitro для аквариума для яркого акцента по москве;core_benefit_geo
растения in vitro для аквариума для яркого акцента по москве цена;core_benefit_geo
растения in vitro для аквариума для яркого акцента по московской области;core_benefit_geo
купить растения in vitro для аквариума для яркого акцента по московской области;core_benefit_geo
растения in vitro для аквариума для яркого акцента по московской области цена;core_benefit_geo
растения in vitro для аквариума для яркого акцента в москве с доставкой;core_benefit_geo
купить растения in vitro для аквариума для яркого акцента в москве с доставкой;core_benefit_geo
растения in vitro для аквариума для яркого акцента в москве с доставкой цена;core_benefit_geo
растения in vitro для аквариума для яркого акцента по москве с доставкой;core_benefit_geo
купить растения in vitro для аквариума для яркого акцента по москве с доставкой;core_benefit_geo
растения in vitro для аквариума для яркого акцента по москве с доставкой цена;core_benefit_geo
растения in vitro для аквариума для яркого акцента для москвы и области;core_benefit_geo
купить растения in vitro для аквариума для яркого акцента для москвы и области;core_benefit_geo
растения in vitro для аквариума для яркого акцента для москвы и области цена;core_benefit_geo
растения in vitro для аквариума для аквариума 20 литров;core_volume
купить растения in vitro для аквариума для аквариума 20 литров;core_volume
заказать растения in vitro для аквариума для аквариума 20 литров;core_volume
растения in vitro для аквариума для аквариума 20 литров цена;core_volume
как выбрать растения in vitro для аквариума для аквариума 20 литров;core_volume
растения in vitro для аквариума для аквариума 30 литров;core_volume
купить растения in vitro для аквариума для аквариума 30 литров;core_volume
заказать растения in vitro для аквариума для аквариума 30 литров;core_volume
растения in vitro для аквариума для аквариума 30 литров цена;core_volume
как выбрать растения in vitro для аквариума для аквариума 30 литров;core_volume
растения in vitro для аквариума для аквариума 40 литров;core_volume
купить растения in vitro для аквариума для аквариума 40 литров;core_volume
заказать растения in vitro для аквариума для аквариума 40 литров;core_volume
растения in vitro для аквариума для аквариума 40 литров цена;core_volume
как выбрать растения in vitro для аквариума для аквариума 40 литров;core_volume
растения in vitro для аквариума для аквариума 50 литров;core_volume
купить растения in vitro для аквариума для аквариума 50 литров;core_volume
заказать растения in vitro для аквариума для аквариума 50 литров;core_volume
растения in vitro для аквариума для аквариума 50 литров цена;core_volume
как выбрать растения in vitro для аквариума для аквариума 50 литров;core_volume
растения in vitro для аквариума для аквариума 60 литров;core_volume
купить растения in vitro для аквариума для аквариума 60 литров;core_volume
заказать растения in vitro для аквариума для аквариума 60 литров;core_volume
растения in vitro для аквариума для аквариума 60 литров цена;core_volume
как выбрать растения in vitro для аквариума для аквариума 60 литров;core_volume
растения in vitro для аквариума для аквариума 80 литров;core_volume
купить растения in vitro для аквариума для аквариума 80 литров;core_volume
заказать растения in vitro для аквариума для аквариума 80 литров;core_volume
растения in vitro для аквариума для аквариума 80 литров цена;core_volume
как выбрать растения in vitro для аквариума для аквариума 80 литров;core_volume
растения in vitro для аквариума для аквариума 100 литров;core_volume
купить растения in vitro для аквариума для аквариума 100 литров;core_volume
заказать растения in vitro для аквариума для аквариума 100 литров;core_volume
растения in vitro для аквариума для аквариума 100 литров цена;core_volume
как выбрать растения in vitro для аквариума для аквариума 100 литров;core_volume
растения in vitro для аквариума для аквариума 120 литров;core_volume
купить растения in vitro для аквариума для аквариума 120 литров;core_volume
заказать растения in vitro для аквариума для аквариума 120 литров;core_volume
растения in vitro для аквариума для аквариума 120 литров цена;core_volume
как выбрать растения in vitro для аквариума для аквариума 120 литров;core_volume
растения in vitro для аквариума для аквариума 200 литров;core_volume
купить растения in vitro для аквариума для аквариума 200 литров;core_volume
заказать растения in vitro для аквариума для аквариума 200 литров;core_volume
растения in vitro для аквариума для аквариума 200 литров цена;core_volume
как выбрать растения in vitro для аквариума для аквариума 200 литров;core_volume
купить стерильные растения для аквариума;core_commercial
заказать стерильные растения для аквариума;core_commercial
где купить стерильные растения для аквариума;core_commercial
где заказать стерильные растения для аквариума;core_commercial
стерильные растения для аквариума цена;core_commercial
стерильные растения для аквариума цены;core_commercial
стерильные растения для аквариума стоимость;core_commercial
стерильные растения для аквариума прайс;core_commercial
стерильные растения для аквариума наличие;core_commercial
стерильные растения для аквариума каталог;core_commercial
стерильные растения для аквариума отзывы;core_commercial
стерильные растения для аквариума доставка;core_commercial
стерильные растения для аквариума в наличии;core_commercial
как выбрать стерильные растения для аквариума;core_info
как заказать стерильные растения для аквариума;core_info
как купить стерильные растения для аквариума;core_info
как посадить стерильные растения для аквариума;core_info
как сажать стерильные растения для аквариума;core_info
стерильные растения для аквариума для начинающих;core_info
стерильные растения для аквариума для чистого запуска;core_info
стерильные растения для аквариума что выбрать;core_info
стерильные растения для аквариума как оформить заказ;core_info
стерильные растения для аквариума для красивого аквариума;core_info
стерильные растения для аквариума для здорового аквариума;core_info
стерильные растения для аквариума в москве;core_geo
купить стерильные растения для аквариума в москве;core_geo
заказать стерильные растения для аквариума в москве;core_geo
где купить стерильные растения для аквариума в москве;core_geo
стерильные растения для аквариума в москве цена;core_geo
стерильные растения для аквариума в москве наличие;core_geo
стерильные растения для аквариума по москве;core_geo
купить стерильные растения для аквариума по москве;core_geo
заказать стерильные растения для аквариума по москве;core_geo
где купить стерильные растения для аквариума по москве;core_geo
стерильные растения для аквариума по москве цена;core_geo
стерильные растения для аквариума по москве наличие;core_geo
стерильные растения для аквариума по московской области;core_geo
купить стерильные растения для аквариума по московской области;core_geo
заказать стерильные растения для аквариума по московской области;core_geo
где купить стерильные растения для аквариума по московской области;core_geo
стерильные растения для аквариума по московской области цена;core_geo
стерильные растения для аквариума по московской области наличие;core_geo
стерильные растения для аквариума в москве с доставкой;core_geo
купить стерильные растения для аквариума в москве с доставкой;core_geo
заказать стерильные растения для аквариума в москве с доставкой;core_geo
где купить стерильные растения для аквариума в москве с доставкой;core_geo
стерильные растения для аквариума в москве с доставкой цена;core_geo
стерильные растения для аквариума в москве с доставкой наличие;core_geo
стерильные растения для аквариума по москве с доставкой;core_geo
купить стерильные растения для аквариума по москве с доставкой;core_geo
заказать стерильные растения для аквариума по москве с доставкой;core_geo
где купить стерильные растения для аквариума по москве с доставкой;core_geo
стерильные растения для аквариума по москве с доставкой цена;core_geo
стерильные растения для аквариума по москве с доставкой наличие;core_geo
стерильные растения для аквариума для москвы и области;core_geo
купить стерильные растения для аквариума для москвы и области;core_geo
заказать стерильные растения для аквариума для москвы и области;core_geo
где купить стерильные растения для аквариума для москвы и области;core_geo
стерильные растения для аквариума для москвы и области цена;core_geo
стерильные растения для аквариума для москвы и области наличие;core_geo
стерильные растения для аквариума для акваскейпа;core_use
купить стерильные растения для аквариума для акваскейпа;core_use
заказать стерильные растения для аквариума для акваскейпа;core_use
где купить стерильные растения для аквариума для акваскейпа;core_use
стерильные растения для аквариума для акваскейпа цена;core_use
стерильные растения для аквариума для акваскейпа отзывы;core_use
как выбрать стерильные растения для аквариума для акваскейпа;core_use
как посадить стерильные растения для аквариума для акваскейпа;core_use
стерильные растения для аквариума для акваскейпа в москве;core_use_geo
купить стерильные растения для аквариума для акваскейпа в москве;core_use_geo
заказать стерильные растения для аквариума для акваскейпа в москве;core_use_geo
стерильные растения для аквариума для акваскейпа в москве цена;core_use_geo
стерильные растения для аквариума для акваскейпа по москве;core_use_geo
купить стерильные растения для аквариума для акваскейпа по москве;core_use_geo
заказать стерильные растения для аквариума для акваскейпа по москве;core_use_geo
стерильные растения для аквариума для акваскейпа по москве цена;core_use_geo
стерильные растения для аквариума для акваскейпа по московской области;core_use_geo
купить стерильные растения для аквариума для акваскейпа по московской области;core_use_geo
заказать стерильные растения для аквариума для акваскейпа по московской области;core_use_geo
стерильные растения для аквариума для акваскейпа по московской области цена;core_use_geo
стерильные растения для аквариума для акваскейпа в москве с доставкой;core_use_geo
купить стерильные растения для аквариума для акваскейпа в москве с доставкой;core_use_geo
заказать стерильные растения для аквариума для акваскейпа в москве с доставкой;core_use_geo
стерильные растения для аквариума для акваскейпа в москве с доставкой цена;core_use_geo
стерильные растения для аквариума для акваскейпа по москве с доставкой;core_use_geo
купить стерильные растения для аквариума для акваскейпа по москве с доставкой;core_use_geo
заказать стерильные растения для аквариума для акваскейпа по москве с доставкой;core_use_geo
стерильные растения для аквариума для акваскейпа по москве с доставкой цена;core_use_geo
стерильные растения для аквариума для акваскейпа для москвы и области;core_use_geo
купить стерильные растения для аквариума для акваскейпа для москвы и области;core_use_geo
заказать стерильные растения для аквариума для акваскейпа для москвы и области;core_use_geo
стерильные растения для аквариума для акваскейпа для москвы и области цена;core_use_geo
стерильные растения для аквариума для травника;core_use
купить стерильные растения для аквариума для травника;core_use
заказать стерильные растения для аквариума для травника;core_use
где купить стерильные растения для аквариума для травника;core_use
стерильные растения для аквариума для травника цена;core_use
стерильные растения для аквариума для травника отзывы;core_use
как выбрать стерильные растения для аквариума для травника;core_use
как посадить стерильные растения для аквариума для травника;core_use
стерильные растения для аквариума для травника в москве;core_use_geo
купить стерильные растения для аквариума для травника в москве;core_use_geo
заказать стерильные растения для аквариума для травника в москве;core_use_geo
стерильные растения для аквариума для травника в москве цена;core_use_geo
стерильные растения для аквариума для травника по москве;core_use_geo
купить стерильные растения для аквариума для травника по москве;core_use_geo
заказать стерильные растения для аквариума для травника по москве;core_use_geo
стерильные растения для аквариума для травника по москве цена;core_use_geo
стерильные растения для аквариума для травника по московской области;core_use_geo
купить стерильные растения для аквариума для травника по московской области;core_use_geo
заказать стерильные растения для аквариума для травника по московской области;core_use_geo
стерильные растения для аквариума для травника по московской области цена;core_use_geo
стерильные растения для аквариума для травника в москве с доставкой;core_use_geo
купить стерильные растения для аквариума для травника в москве с доставкой;core_use_geo
заказать стерильные растения для аквариума для травника в москве с доставкой;core_use_geo
стерильные растения для аквариума для травника в москве с доставкой цена;core_use_geo
стерильные растения для аквариума для травника по москве с доставкой;core_use_geo
купить стерильные растения для аквариума для травника по москве с доставкой;core_use_geo
заказать стерильные растения для аквариума для травника по москве с доставкой;core_use_geo
стерильные растения для аквариума для травника по москве с доставкой цена;core_use_geo
стерильные растения для аквариума для травника для москвы и области;core_use_geo
купить стерильные растения для аквариума для травника для москвы и области;core_use_geo
заказать стерильные растения для аквариума для травника для москвы и области;core_use_geo
стерильные растения для аквариума для травника для москвы и области цена;core_use_geo
стерильные растения для аквариума для запуска аквариума;core_use
купить стерильные растения для аквариума для запуска аквариума;core_use
заказать стерильные растения для аквариума для запуска аквариума;core_use
где купить стерильные растения для аквариума для запуска аквариума;core_use
стерильные растения для аквариума для запуска аквариума цена;core_use
стерильные растения для аквариума для запуска аквариума отзывы;core_use
как выбрать стерильные растения для аквариума для запуска аквариума;core_use
как посадить стерильные растения для аквариума для запуска аквариума;core_use
стерильные растения для аквариума для запуска аквариума в москве;core_use_geo
купить стерильные растения для аквариума для запуска аквариума в москве;core_use_geo
заказать стерильные растения для аквариума для запуска аквариума в москве;core_use_geo
стерильные растения для аквариума для запуска аквариума в москве цена;core_use_geo
стерильные растения для аквариума для запуска аквариума по москве;core_use_geo
купить стерильные растения для аквариума для запуска аквариума по москве;core_use_geo
заказать стерильные растения для аквариума для запуска аквариума по москве;core_use_geo
стерильные растения для аквариума для запуска аквариума по москве цена;core_use_geo
стерильные растения для аквариума для запуска аквариума по московской области;core_use_geo
купить стерильные растения для аквариума для запуска аквариума по московской области;core_use_geo
заказать стерильные растения для аквариума для запуска аквариума по московской области;core_use_geo
стерильные растения для аквариума для запуска аквариума по московской области цена;core_use_geo
стерильные растения для аквариума для запуска аквариума в москве с доставкой;core_use_geo
купить стерильные растения для аквариума для запуска аквариума в москве с доставкой;core_use_geo
заказать стерильные растения для аквариума для запуска аквариума в москве с доставкой;core_use_geo
стерильные растения для аквариума для запуска аквариума в москве с доставкой цена;core_use_geo
стерильные растения для аквариума для запуска аквариума по москве с доставкой;core_use_geo
купить стерильные растения для аквариума для запуска аквариума по москве с доставкой;core_use_geo
заказать стерильные растения для аквариума для запуска аквариума по москве с доставкой;core_use_geo
стерильные растения для аквариума для запуска аквариума по москве с доставкой цена;core_use_geo
стерильные растения для аквариума для запуска аквариума для москвы и области;core_use_geo
купить стерильные растения для аквариума для запуска аквариума для москвы и области;core_use_geo
заказать стерильные растения для аквариума для запуска аквариума для москвы и области;core_use_geo
стерильные растения для аквариума для запуска аквариума для москвы и области цена;core_use_geo
стерильные растения для аквариума для нового аквариума;core_use
купить стерильные растения для аквариума для нового аквариума;core_use
заказать стерильные растения для аквариума для нового аквариума;core_use
где купить стерильные растения для аквариума для нового аквариума;core_use
стерильные растения для аквариума для нового аквариума цена;core_use
стерильные растения для аквариума для нового аквариума отзывы;core_use
как выбрать стерильные растения для аквариума для нового аквариума;core_use
как посадить стерильные растения для аквариума для нового аквариума;core_use
стерильные растения для аквариума для нового аквариума в москве;core_use_geo
купить стерильные растения для аквариума для нового аквариума в москве;core_use_geo
заказать стерильные растения для аквариума для нового аквариума в москве;core_use_geo
стерильные растения для аквариума для нового аквариума в москве цена;core_use_geo
стерильные растения для аквариума для нового аквариума по москве;core_use_geo
купить стерильные растения для аквариума для нового аквариума по москве;core_use_geo
заказать стерильные растения для аквариума для нового аквариума по москве;core_use_geo
стерильные растения для аквариума для нового аквариума по москве цена;core_use_geo
стерильные растения для аквариума для нового аквариума по московской области;core_use_geo
купить стерильные растения для аквариума для нового аквариума по московской области;core_use_geo
заказать стерильные растения для аквариума для нового аквариума по московской области;core_use_geo
стерильные растения для аквариума для нового аквариума по московской области цена;core_use_geo
стерильные растения для аквариума для нового аквариума в москве с доставкой;core_use_geo
купить стерильные растения для аквариума для нового аквариума в москве с доставкой;core_use_geo
заказать стерильные растения для аквариума для нового аквариума в москве с доставкой;core_use_geo
стерильные растения для аквариума для нового аквариума в москве с доставкой цена;core_use_geo
стерильные растения для аквариума для нового аквариума по москве с доставкой;core_use_geo
купить стерильные растения для аквариума для нового аквариума по москве с доставкой;core_use_geo
заказать стерильные растения для аквариума для нового аквариума по москве с доставкой;core_use_geo
стерильные растения для аквариума для нового аквариума по москве с доставкой цена;core_use_geo
стерильные растения для аквариума для нового аквариума для москвы и области;core_use_geo
купить стерильные растения для аквариума для нового аквариума для москвы и области;core_use_geo
заказать стерильные растения для аквариума для нового аквариума для москвы и области;core_use_geo
стерильные растения для аквариума для нового аквариума для москвы и области цена;core_use_geo
стерильные растения для аквариума для переднего плана;core_use
купить стерильные растения для аквариума для переднего плана;core_use
заказать стерильные растения для аквариума для переднего плана;core_use
где купить стерильные растения для аквариума для переднего плана;core_use
стерильные растения для аквариума для переднего плана цена;core_use
стерильные растения для аквариума для переднего плана отзывы;core_use
как выбрать стерильные растения для аквариума для переднего плана;core_use
как посадить стерильные растения для аквариума для переднего плана;core_use
стерильные растения для аквариума для переднего плана в москве;core_use_geo
купить стерильные растения для аквариума для переднего плана в москве;core_use_geo
заказать стерильные растения для аквариума для переднего плана в москве;core_use_geo
стерильные растения для аквариума для переднего плана в москве цена;core_use_geo
стерильные растения для аквариума для переднего плана по москве;core_use_geo
купить стерильные растения для аквариума для переднего плана по москве;core_use_geo
заказать стерильные растения для аквариума для переднего плана по москве;core_use_geo
стерильные растения для аквариума для переднего плана по москве цена;core_use_geo
стерильные растения для аквариума для переднего плана по московской области;core_use_geo
купить стерильные растения для аквариума для переднего плана по московской области;core_use_geo
заказать стерильные растения для аквариума для переднего плана по московской области;core_use_geo
стерильные растения для аквариума для переднего плана по московской области цена;core_use_geo
стерильные растения для аквариума для переднего плана в москве с доставкой;core_use_geo
купить стерильные растения для аквариума для переднего плана в москве с доставкой;core_use_geo
заказать стерильные растения для аквариума для переднего плана в москве с доставкой;core_use_geo
стерильные растения для аквариума для переднего плана в москве с доставкой цена;core_use_geo
стерильные растения для аквариума для переднего плана по москве с доставкой;core_use_geo
купить стерильные растения для аквариума для переднего плана по москве с доставкой;core_use_geo
заказать стерильные растения для аквариума для переднего плана по москве с доставкой;core_use_geo
стерильные растения для аквариума для переднего плана по москве с доставкой цена;core_use_geo
стерильные растения для аквариума для переднего плана для москвы и области;core_use_geo
купить стерильные растения для аквариума для переднего плана для москвы и области;core_use_geo
заказать стерильные растения для аквариума для переднего плана для москвы и области;core_use_geo
стерильные растения для аквариума для переднего плана для москвы и области цена;core_use_geo
стерильные растения для аквариума для среднего плана;core_use
купить стерильные растения для аквариума для среднего плана;core_use
заказать стерильные растения для аквариума для среднего плана;core_use
где купить стерильные растения для аквариума для среднего плана;core_use
стерильные растения для аквариума для среднего плана цена;core_use
стерильные растения для аквариума для среднего плана отзывы;core_use
как выбрать стерильные растения для аквариума для среднего плана;core_use
как посадить стерильные растения для аквариума для среднего плана;core_use
стерильные растения для аквариума для среднего плана в москве;core_use_geo
купить стерильные растения для аквариума для среднего плана в москве;core_use_geo
заказать стерильные растения для аквариума для среднего плана в москве;core_use_geo
стерильные растения для аквариума для среднего плана в москве цена;core_use_geo
стерильные растения для аквариума для среднего плана по москве;core_use_geo
купить стерильные растения для аквариума для среднего плана по москве;core_use_geo
заказать стерильные растения для аквариума для среднего плана по москве;core_use_geo
стерильные растения для аквариума для среднего плана по москве цена;core_use_geo
стерильные растения для аквариума для среднего плана по московской области;core_use_geo
купить стерильные растения для аквариума для среднего плана по московской области;core_use_geo
заказать стерильные растения для аквариума для среднего плана по московской области;core_use_geo
стерильные растения для аквариума для среднего плана по московской области цена;core_use_geo
стерильные растения для аквариума для среднего плана в москве с доставкой;core_use_geo
купить стерильные растения для аквариума для среднего плана в москве с доставкой;core_use_geo
заказать стерильные растения для аквариума для среднего плана в москве с доставкой;core_use_geo
стерильные растения для аквариума для среднего плана в москве с доставкой цена;core_use_geo
стерильные растения для аквариума для среднего плана по москве с доставкой;core_use_geo
купить стерильные растения для аквариума для среднего плана по москве с доставкой;core_use_geo
заказать стерильные растения для аквариума для среднего плана по москве с доставкой;core_use_geo
стерильные растения для аквариума для среднего плана по москве с доставкой цена;core_use_geo
стерильные растения для аквариума для среднего плана для москвы и области;core_use_geo
купить стерильные растения для аквариума для среднего плана для москвы и области;core_use_geo
заказать стерильные растения для аквариума для среднего плана для москвы и области;core_use_geo
стерильные растения для аквариума для среднего плана для москвы и области цена;core_use_geo
стерильные растения для аквариума для заднего плана;core_use
купить стерильные растения для аквариума для заднего плана;core_use
заказать стерильные растения для аквариума для заднего плана;core_use
где купить стерильные растения для аквариума для заднего плана;core_use
стерильные растения для аквариума для заднего плана цена;core_use
стерильные растения для аквариума для заднего плана отзывы;core_use
как выбрать стерильные растения для аквариума для заднего плана;core_use
как посадить стерильные растения для аквариума для заднего плана;core_use
стерильные растения для аквариума для заднего плана в москве;core_use_geo
купить стерильные растения для аквариума для заднего плана в москве;core_use_geo
заказать стерильные растения для аквариума для заднего плана в москве;core_use_geo
стерильные растения для аквариума для заднего плана в москве цена;core_use_geo
стерильные растения для аквариума для заднего плана по москве;core_use_geo
купить стерильные растения для аквариума для заднего плана по москве;core_use_geo
заказать стерильные растения для аквариума для заднего плана по москве;core_use_geo
стерильные растения для аквариума для заднего плана по москве цена;core_use_geo
стерильные растения для аквариума для заднего плана по московской области;core_use_geo
купить стерильные растения для аквариума для заднего плана по московской области;core_use_geo
заказать стерильные растения для аквариума для заднего плана по московской области;core_use_geo
стерильные растения для аквариума для заднего плана по московской области цена;core_use_geo
стерильные растения для аквариума для заднего плана в москве с доставкой;core_use_geo
купить стерильные растения для аквариума для заднего плана в москве с доставкой;core_use_geo
заказать стерильные растения для аквариума для заднего плана в москве с доставкой;core_use_geo
стерильные растения для аквариума для заднего плана в москве с доставкой цена;core_use_geo
стерильные растения для аквариума для заднего плана по москве с доставкой;core_use_geo
купить стерильные растения для аквариума для заднего плана по москве с доставкой;core_use_geo
заказать стерильные растения для аквариума для заднего плана по москве с доставкой;core_use_geo
стерильные растения для аквариума для заднего плана по москве с доставкой цена;core_use_geo
стерильные растения для аквариума для заднего плана для москвы и области;core_use_geo
купить стерильные растения для аквариума для заднего плана для москвы и области;core_use_geo
заказать стерильные растения для аквариума для заднего плана для москвы и области;core_use_geo
стерильные растения для аквариума для заднего плана для москвы и области цена;core_use_geo
стерильные растения для аквариума для нано аквариума;core_use
купить стерильные растения для аквариума для нано аквариума;core_use
заказать стерильные растения для аквариума для нано аквариума;core_use
где купить стерильные растения для аквариума для нано аквариума;core_use
стерильные растения для аквариума для нано аквариума цена;core_use
стерильные растения для аквариума для нано аквариума отзывы;core_use
как выбрать стерильные растения для аквариума для нано аквариума;core_use
как посадить стерильные растения для аквариума для нано аквариума;core_use
стерильные растения для аквариума для нано аквариума в москве;core_use_geo
купить стерильные растения для аквариума для нано аквариума в москве;core_use_geo
заказать стерильные растения для аквариума для нано аквариума в москве;core_use_geo
стерильные растения для аквариума для нано аквариума в москве цена;core_use_geo
стерильные растения для аквариума для нано аквариума по москве;core_use_geo
купить стерильные растения для аквариума для нано аквариума по москве;core_use_geo
заказать стерильные растения для аквариума для нано аквариума по москве;core_use_geo
стерильные растения для аквариума для нано аквариума по москве цена;core_use_geo
стерильные растения для аквариума для нано аквариума по московской области;core_use_geo
купить стерильные растения для аквариума для нано аквариума по московской области;core_use_geo
заказать стерильные растения для аквариума для нано аквариума по московской области;core_use_geo
стерильные растения для аквариума для нано аквариума по московской области цена;core_use_geo
стерильные растения для аквариума для нано аквариума в москве с доставкой;core_use_geo
купить стерильные растения для аквариума для нано аквариума в москве с доставкой;core_use_geo
заказать стерильные растения для аквариума для нано аквариума в москве с доставкой;core_use_geo
стерильные растения для аквариума для нано аквариума в москве с доставкой цена;core_use_geo
стерильные растения для аквариума для нано аквариума по москве с доставкой;core_use_geo
купить стерильные растения для аквариума для нано аквариума по москве с доставкой;core_use_geo
заказать стерильные растения для аквариума для нано аквариума по москве с доставкой;core_use_geo
стерильные растения для аквариума для нано аквариума по москве с доставкой цена;core_use_geo
стерильные растения для аквариума для нано аквариума для москвы и области;core_use_geo
купить стерильные растения для аквариума для нано аквариума для москвы и области;core_use_geo
заказать стерильные растения для аквариума для нано аквариума для москвы и области;core_use_geo
стерильные растения для аквариума для нано аквариума для москвы и области цена;core_use_geo
стерильные растения для аквариума для креветочника;core_use
купить стерильные растения для аквариума для креветочника;core_use
заказать стерильные растения для аквариума для креветочника;core_use
где купить стерильные растения для аквариума для креветочника;core_use
стерильные растения для аквариума для креветочника цена;core_use
стерильные растения для аквариума для креветочника отзывы;core_use
как выбрать стерильные растения для аквариума для креветочника;core_use
как посадить стерильные растения для аквариума для креветочника;core_use
стерильные растения для аквариума для креветочника в москве;core_use_geo
купить стерильные растения для аквариума для креветочника в москве;core_use_geo
заказать стерильные растения для аквариума для креветочника в москве;core_use_geo
стерильные растения для аквариума для креветочника в москве цена;core_use_geo
стерильные растения для аквариума для креветочника по москве;core_use_geo
купить стерильные растения для аквариума для креветочника по москве;core_use_geo
заказать стерильные растения для аквариума для креветочника по москве;core_use_geo
стерильные растения для аквариума для креветочника по москве цена;core_use_geo
стерильные растения для аквариума для креветочника по московской области;core_use_geo
купить стерильные растения для аквариума для креветочника по московской области;core_use_geo
заказать стерильные растения для аквариума для креветочника по московской области;core_use_geo
стерильные растения для аквариума для креветочника по московской области цена;core_use_geo
стерильные растения для аквариума для креветочника в москве с доставкой;core_use_geo
купить стерильные растения для аквариума для креветочника в москве с доставкой;core_use_geo
заказать стерильные растения для аквариума для креветочника в москве с доставкой;core_use_geo
стерильные растения для аквариума для креветочника в москве с доставкой цена;core_use_geo
стерильные растения для аквариума для креветочника по москве с доставкой;core_use_geo
купить стерильные растения для аквариума для креветочника по москве с доставкой;core_use_geo
заказать стерильные растения для аквариума для креветочника по москве с доставкой;core_use_geo
стерильные растения для аквариума для креветочника по москве с доставкой цена;core_use_geo
стерильные растения для аквариума для креветочника для москвы и области;core_use_geo
купить стерильные растения для аквариума для креветочника для москвы и области;core_use_geo
заказать стерильные растения для аквариума для креветочника для москвы и области;core_use_geo
стерильные растения для аквариума для креветочника для москвы и области цена;core_use_geo
стерильные растения для аквариума для природного аквариума;core_use
купить стерильные растения для аквариума для природного аквариума;core_use
заказать стерильные растения для аквариума для природного аквариума;core_use
где купить стерильные растения для аквариума для природного аквариума;core_use
стерильные растения для аквариума для природного аквариума цена;core_use
стерильные растения для аквариума для природного аквариума отзывы;core_use
как выбрать стерильные растения для аквариума для природного аквариума;core_use
как посадить стерильные растения для аквариума для природного аквариума;core_use
стерильные растения для аквариума для природного аквариума в москве;core_use_geo
купить стерильные растения для аквариума для природного аквариума в москве;core_use_geo
заказать стерильные растения для аквариума для природного аквариума в москве;core_use_geo
стерильные растения для аквариума для природного аквариума в москве цена;core_use_geo
стерильные растения для аквариума для природного аквариума по москве;core_use_geo
купить стерильные растения для аквариума для природного аквариума по москве;core_use_geo
заказать стерильные растения для аквариума для природного аквариума по москве;core_use_geo
стерильные растения для аквариума для природного аквариума по москве цена;core_use_geo
стерильные растения для аквариума для природного аквариума по московской области;core_use_geo
купить стерильные растения для аквариума для природного аквариума по московской области;core_use_geo
заказать стерильные растения для аквариума для природного аквариума по московской области;core_use_geo
стерильные растения для аквариума для природного аквариума по московской области цена;core_use_geo
стерильные растения для аквариума для природного аквариума в москве с доставкой;core_use_geo
купить стерильные растения для аквариума для природного аквариума в москве с доставкой;core_use_geo
заказать стерильные растения для аквариума для природного аквариума в москве с доставкой;core_use_geo
стерильные растения для аквариума для природного аквариума в москве с доставкой цена;core_use_geo
стерильные растения для аквариума для природного аквариума по москве с доставкой;core_use_geo
купить стерильные растения для аквариума для природного аквариума по москве с доставкой;core_use_geo
заказать стерильные растения для аквариума для природного аквариума по москве с доставкой;core_use_geo
стерильные растения для аквариума для природного аквариума по москве с доставкой цена;core_use_geo
стерильные растения для аквариума для природного аквариума для москвы и области;core_use_geo
купить стерильные растения для аквариума для природного аквариума для москвы и области;core_use_geo
заказать стерильные растения для аквариума для природного аквариума для москвы и области;core_use_geo
стерильные растения для аквариума для природного аквариума для москвы и области цена;core_use_geo
стерильные растения для аквариума для голландского аквариума;core_use
купить стерильные растения для аквариума для голландского аквариума;core_use
заказать стерильные растения для аквариума для голландского аквариума;core_use
где купить стерильные растения для аквариума для голландского аквариума;core_use
стерильные растения для аквариума для голландского аквариума цена;core_use
стерильные растения для аквариума для голландского аквариума отзывы;core_use
как выбрать стерильные растения для аквариума для голландского аквариума;core_use
как посадить стерильные растения для аквариума для голландского аквариума;core_use
стерильные растения для аквариума для голландского аквариума в москве;core_use_geo
купить стерильные растения для аквариума для голландского аквариума в москве;core_use_geo
заказать стерильные растения для аквариума для голландского аквариума в москве;core_use_geo
стерильные растения для аквариума для голландского аквариума в москве цена;core_use_geo
стерильные растения для аквариума для голландского аквариума по москве;core_use_geo
купить стерильные растения для аквариума для голландского аквариума по москве;core_use_geo
заказать стерильные растения для аквариума для голландского аквариума по москве;core_use_geo
стерильные растения для аквариума для голландского аквариума по москве цена;core_use_geo
стерильные растения для аквариума для голландского аквариума по московской области;core_use_geo
купить стерильные растения для аквариума для голландского аквариума по московской области;core_use_geo
заказать стерильные растения для аквариума для голландского аквариума по московской области;core_use_geo
стерильные растения для аквариума для голландского аквариума по московской области цена;core_use_geo
стерильные растения для аквариума для голландского аквариума в москве с доставкой;core_use_geo
купить стерильные растения для аквариума для голландского аквариума в москве с доставкой;core_use_geo
заказать стерильные растения для аквариума для голландского аквариума в москве с доставкой;core_use_geo
стерильные растения для аквариума для голландского аквариума в москве с доставкой цена;core_use_geo
стерильные растения для аквариума для голландского аквариума по москве с доставкой;core_use_geo
купить стерильные растения для аквариума для голландского аквариума по москве с доставкой;core_use_geo
заказать стерильные растения для аквариума для голландского аквариума по москве с доставкой;core_use_geo
стерильные растения для аквариума для голландского аквариума по москве с доставкой цена;core_use_geo
стерильные растения для аквариума для голландского аквариума для москвы и области;core_use_geo
купить стерильные растения для аквариума для голландского аквариума для москвы и области;core_use_geo
заказать стерильные растения для аквариума для голландского аквариума для москвы и области;core_use_geo
стерильные растения для аквариума для голландского аквариума для москвы и области цена;core_use_geo
стерильные растения для аквариума для оформления аквариума;core_use
купить стерильные растения для аквариума для оформления аквариума;core_use
заказать стерильные растения для аквариума для оформления аквариума;core_use
где купить стерильные растения для аквариума для оформления аквариума;core_use
стерильные растения для аквариума для оформления аквариума цена;core_use
стерильные растения для аквариума для оформления аквариума отзывы;core_use
как выбрать стерильные растения для аквариума для оформления аквариума;core_use
как посадить стерильные растения для аквариума для оформления аквариума;core_use
стерильные растения для аквариума для оформления аквариума в москве;core_use_geo
купить стерильные растения для аквариума для оформления аквариума в москве;core_use_geo
заказать стерильные растения для аквариума для оформления аквариума в москве;core_use_geo
стерильные растения для аквариума для оформления аквариума в москве цена;core_use_geo
стерильные растения для аквариума для оформления аквариума по москве;core_use_geo
купить стерильные растения для аквариума для оформления аквариума по москве;core_use_geo
заказать стерильные растения для аквариума для оформления аквариума по москве;core_use_geo
стерильные растения для аквариума для оформления аквариума по москве цена;core_use_geo
стерильные растения для аквариума для оформления аквариума по московской области;core_use_geo
купить стерильные растения для аквариума для оформления аквариума по московской области;core_use_geo
заказать стерильные растения для аквариума для оформления аквариума по московской области;core_use_geo
стерильные растения для аквариума для оформления аквариума по московской области цена;core_use_geo
стерильные растения для аквариума для оформления аквариума в москве с доставкой;core_use_geo
купить стерильные растения для аквариума для оформления аквариума в москве с доставкой;core_use_geo
заказать стерильные растения для аквариума для оформления аквариума в москве с доставкой;core_use_geo
стерильные растения для аквариума для оформления аквариума в москве с доставкой цена;core_use_geo
стерильные растения для аквариума для оформления аквариума по москве с доставкой;core_use_geo
купить стерильные растения для аквариума для оформления аквариума по москве с доставкой;core_use_geo
заказать стерильные растения для аквариума для оформления аквариума по москве с доставкой;core_use_geo
стерильные растения для аквариума для оформления аквариума по москве с доставкой цена;core_use_geo
стерильные растения для аквариума для оформления аквариума для москвы и области;core_use_geo
купить стерильные растения для аквариума для оформления аквариума для москвы и области;core_use_geo
заказать стерильные растения для аквариума для оформления аквариума для москвы и области;core_use_geo
стерильные растения для аквариума для оформления аквариума для москвы и области цена;core_use_geo
стерильные растения для аквариума для аквариумного дизайна;core_use
купить стерильные растения для аквариума для аквариумного дизайна;core_use
заказать стерильные растения для аквариума для аквариумного дизайна;core_use
где купить стерильные растения для аквариума для аквариумного дизайна;core_use
стерильные растения для аквариума для аквариумного дизайна цена;core_use
стерильные растения для аквариума для аквариумного дизайна отзывы;core_use
как выбрать стерильные растения для аквариума для аквариумного дизайна;core_use
как посадить стерильные растения для аквариума для аквариумного дизайна;core_use
стерильные растения для аквариума для аквариумного дизайна в москве;core_use_geo
купить стерильные растения для аквариума для аквариумного дизайна в москве;core_use_geo
заказать стерильные растения для аквариума для аквариумного дизайна в москве;core_use_geo
стерильные растения для аквариума для аквариумного дизайна в москве цена;core_use_geo
стерильные растения для аквариума для аквариумного дизайна по москве;core_use_geo
купить стерильные растения для аквариума для аквариумного дизайна по москве;core_use_geo
заказать стерильные растения для аквариума для аквариумного дизайна по москве;core_use_geo
стерильные растения для аквариума для аквариумного дизайна по москве цена;core_use_geo
стерильные растения для аквариума для аквариумного дизайна по московской области;core_use_geo
купить стерильные растения для аквариума для аквариумного дизайна по московской области;core_use_geo
заказать стерильные растения для аквариума для аквариумного дизайна по московской области;core_use_geo
стерильные растения для аквариума для аквариумного дизайна по московской области цена;core_use_geo
стерильные растения для аквариума для аквариумного дизайна в москве с доставкой;core_use_geo
купить стерильные растения для аквариума для аквариумного дизайна в москве с доставкой;core_use_geo
заказать стерильные растения для аквариума для аквариумного дизайна в москве с доставкой;core_use_geo
стерильные растения для аквариума для аквариумного дизайна в москве с доставкой цена;core_use_geo
стерильные растения для аквариума для аквариумного дизайна по москве с доставкой;core_use_geo
купить стерильные растения для аквариума для аквариумного дизайна по москве с доставкой;core_use_geo
заказать стерильные растения для аквариума для аквариумного дизайна по москве с доставкой;core_use_geo
стерильные растения для аквариума для аквариумного дизайна по москве с доставкой цена;core_use_geo
стерильные растения для аквариума для аквариумного дизайна для москвы и области;core_use_geo
купить стерильные растения для аквариума для аквариумного дизайна для москвы и области;core_use_geo
заказать стерильные растения для аквариума для аквариумного дизайна для москвы и области;core_use_geo
стерильные растения для аквариума для аквариумного дизайна для москвы и области цена;core_use_geo
стерильные растения для аквариума для плотной посадки;core_use
купить стерильные растения для аквариума для плотной посадки;core_use
заказать стерильные растения для аквариума для плотной посадки;core_use
где купить стерильные растения для аквариума для плотной посадки;core_use
стерильные растения для аквариума для плотной посадки цена;core_use
стерильные растения для аквариума для плотной посадки отзывы;core_use
как выбрать стерильные растения для аквариума для плотной посадки;core_use
как посадить стерильные растения для аквариума для плотной посадки;core_use
стерильные растения для аквариума для плотной посадки в москве;core_use_geo
купить стерильные растения для аквариума для плотной посадки в москве;core_use_geo
заказать стерильные растения для аквариума для плотной посадки в москве;core_use_geo
стерильные растения для аквариума для плотной посадки в москве цена;core_use_geo
стерильные растения для аквариума для плотной посадки по москве;core_use_geo
купить стерильные растения для аквариума для плотной посадки по москве;core_use_geo
заказать стерильные растения для аквариума для плотной посадки по москве;core_use_geo
стерильные растения для аквариума для плотной посадки по москве цена;core_use_geo
стерильные растения для аквариума для плотной посадки по московской области;core_use_geo
купить стерильные растения для аквариума для плотной посадки по московской области;core_use_geo
заказать стерильные растения для аквариума для плотной посадки по московской области;core_use_geo
стерильные растения для аквариума для плотной посадки по московской области цена;core_use_geo
стерильные растения для аквариума для плотной посадки в москве с доставкой;core_use_geo
купить стерильные растения для аквариума для плотной посадки в москве с доставкой;core_use_geo
заказать стерильные растения для аквариума для плотной посадки в москве с доставкой;core_use_geo
стерильные растения для аквариума для плотной посадки в москве с доставкой цена;core_use_geo
стерильные растения для аквариума для плотной посадки по москве с доставкой;core_use_geo
купить стерильные растения для аквариума для плотной посадки по москве с доставкой;core_use_geo
заказать стерильные растения для аквариума для плотной посадки по москве с доставкой;core_use_geo
стерильные растения для аквариума для плотной посадки по москве с доставкой цена;core_use_geo
стерильные растения для аквариума для плотной посадки для москвы и области;core_use_geo
купить стерильные растения для аквариума для плотной посадки для москвы и области;core_use_geo
заказать стерильные растения для аквариума для плотной посадки для москвы и области;core_use_geo
стерильные растения для аквариума для плотной посадки для москвы и области цена;core_use_geo
стерильные растения для аквариума для чистого старта;core_use
купить стерильные растения для аквариума для чистого старта;core_use
заказать стерильные растения для аквариума для чистого старта;core_use
где купить стерильные растения для аквариума для чистого старта;core_use
стерильные растения для аквариума для чистого старта цена;core_use
стерильные растения для аквариума для чистого старта отзывы;core_use
как выбрать стерильные растения для аквариума для чистого старта;core_use
как посадить стерильные растения для аквариума для чистого старта;core_use
стерильные растения для аквариума для чистого старта в москве;core_use_geo
купить стерильные растения для аквариума для чистого старта в москве;core_use_geo
заказать стерильные растения для аквариума для чистого старта в москве;core_use_geo
стерильные растения для аквариума для чистого старта в москве цена;core_use_geo
стерильные растения для аквариума для чистого старта по москве;core_use_geo
купить стерильные растения для аквариума для чистого старта по москве;core_use_geo
заказать стерильные растения для аквариума для чистого старта по москве;core_use_geo
стерильные растения для аквариума для чистого старта по москве цена;core_use_geo
стерильные растения для аквариума для чистого старта по московской области;core_use_geo
купить стерильные растения для аквариума для чистого старта по московской области;core_use_geo
заказать стерильные растения для аквариума для чистого старта по московской области;core_use_geo
стерильные растения для аквариума для чистого старта по московской области цена;core_use_geo
стерильные растения для аквариума для чистого старта в москве с доставкой;core_use_geo
купить стерильные растения для аквариума для чистого старта в москве с доставкой;core_use_geo
заказать стерильные растения для аквариума для чистого старта в москве с доставкой;core_use_geo
стерильные растения для аквариума для чистого старта в москве с доставкой цена;core_use_geo
стерильные растения для аквариума для чистого старта по москве с доставкой;core_use_geo
купить стерильные растения для аквариума для чистого старта по москве с доставкой;core_use_geo
заказать стерильные растения для аквариума для чистого старта по москве с доставкой;core_use_geo
стерильные растения для аквариума для чистого старта по москве с доставкой цена;core_use_geo
стерильные растения для аквариума для чистого старта для москвы и области;core_use_geo
купить стерильные растения для аквариума для чистого старта для москвы и области;core_use_geo
заказать стерильные растения для аквариума для чистого старта для москвы и области;core_use_geo
стерильные растения для аквариума для чистого старта для москвы и области цена;core_use_geo
купить стерильные растения для аквариума для красивого аквариума;core_use
заказать стерильные растения для аквариума для красивого аквариума;core_use
где купить стерильные растения для аквариума для красивого аквариума;core_use
стерильные растения для аквариума для красивого аквариума цена;core_use
стерильные растения для аквариума для красивого аквариума отзывы;core_use
как выбрать стерильные растения для аквариума для красивого аквариума;core_use
как посадить стерильные растения для аквариума для красивого аквариума;core_use
стерильные растения для аквариума для красивого аквариума в москве;core_use_geo
купить стерильные растения для аквариума для красивого аквариума в москве;core_use_geo
заказать стерильные растения для аквариума для красивого аквариума в москве;core_use_geo
стерильные растения для аквариума для красивого аквариума в москве цена;core_use_geo
стерильные растения для аквариума для красивого аквариума по москве;core_use_geo
купить стерильные растения для аквариума для красивого аквариума по москве;core_use_geo
заказать стерильные растения для аквариума для красивого аквариума по москве;core_use_geo
стерильные растения для аквариума для красивого аквариума по москве цена;core_use_geo
стерильные растения для аквариума для красивого аквариума по московской области;core_use_geo
купить стерильные растения для аквариума для красивого аквариума по московской области;core_use_geo
заказать стерильные растения для аквариума для красивого аквариума по московской области;core_use_geo
стерильные растения для аквариума для красивого аквариума по московской области цена;core_use_geo
стерильные растения для аквариума для красивого аквариума в москве с доставкой;core_use_geo
купить стерильные растения для аквариума для красивого аквариума в москве с доставкой;core_use_geo
заказать стерильные растения для аквариума для красивого аквариума в москве с доставкой;core_use_geo
стерильные растения для аквариума для красивого аквариума в москве с доставкой цена;core_use_geo
стерильные растения для аквариума для красивого аквариума по москве с доставкой;core_use_geo
купить стерильные растения для аквариума для красивого аквариума по москве с доставкой;core_use_geo
заказать стерильные растения для аквариума для красивого аквариума по москве с доставкой;core_use_geo
стерильные растения для аквариума для красивого аквариума по москве с доставкой цена;core_use_geo
стерильные растения для аквариума для красивого аквариума для москвы и области;core_use_geo
купить стерильные растения для аквариума для красивого аквариума для москвы и области;core_use_geo
заказать стерильные растения для аквариума для красивого аквариума для москвы и области;core_use_geo
стерильные растения для аквариума для красивого аквариума для москвы и области цена;core_use_geo
купить стерильные растения для аквариума для здорового аквариума;core_use
заказать стерильные растения для аквариума для здорового аквариума;core_use
где купить стерильные растения для аквариума для здорового аквариума;core_use
стерильные растения для аквариума для здорового аквариума цена;core_use
стерильные растения для аквариума для здорового аквариума отзывы;core_use
как выбрать стерильные растения для аквариума для здорового аквариума;core_use
как посадить стерильные растения для аквариума для здорового аквариума;core_use
стерильные растения для аквариума для здорового аквариума в москве;core_use_geo
купить стерильные растения для аквариума для здорового аквариума в москве;core_use_geo
заказать стерильные растения для аквариума для здорового аквариума в москве;core_use_geo
стерильные растения для аквариума для здорового аквариума в москве цена;core_use_geo
стерильные растения для аквариума для здорового аквариума по москве;core_use_geo
купить стерильные растения для аквариума для здорового аквариума по москве;core_use_geo
заказать стерильные растения для аквариума для здорового аквариума по москве;core_use_geo
стерильные растения для аквариума для здорового аквариума по москве цена;core_use_geo
стерильные растения для аквариума для здорового аквариума по московской области;core_use_geo
купить стерильные растения для аквариума для здорового аквариума по московской области;core_use_geo
заказать стерильные растения для аквариума для здорового аквариума по московской области;core_use_geo
стерильные растения для аквариума для здорового аквариума по московской области цена;core_use_geo
стерильные растения для аквариума для здорового аквариума в москве с доставкой;core_use_geo
купить стерильные растения для аквариума для здорового аквариума в москве с доставкой;core_use_geo
заказать стерильные растения для аквариума для здорового аквариума в москве с доставкой;core_use_geo
стерильные растения для аквариума для здорового аквариума в москве с доставкой цена;core_use_geo
стерильные растения для аквариума для здорового аквариума по москве с доставкой;core_use_geo
купить стерильные растения для аквариума для здорового аквариума по москве с доставкой;core_use_geo
заказать стерильные растения для аквариума для здорового аквариума по москве с доставкой;core_use_geo
стерильные растения для аквариума для здорового аквариума по москве с доставкой цена;core_use_geo
стерильные растения для аквариума для здорового аквариума для москвы и области;core_use_geo
купить стерильные растения для аквариума для здорового аквариума для москвы и области;core_use_geo
заказать стерильные растения для аквариума для здорового аквариума для москвы и области;core_use_geo
стерильные растения для аквариума для здорового аквариума для москвы и области цена;core_use_geo
стерильные растения для аквариума для домашнего аквариума;core_use
купить стерильные растения для аквариума для домашнего аквариума;core_use
заказать стерильные растения для аквариума для домашнего аквариума;core_use
где купить стерильные растения для аквариума для домашнего аквариума;core_use
стерильные растения для аквариума для домашнего аквариума цена;core_use
стерильные растения для аквариума для домашнего аквариума отзывы;core_use
как выбрать стерильные растения для аквариума для домашнего аквариума;core_use
как посадить стерильные растения для аквариума для домашнего аквариума;core_use
стерильные растения для аквариума для домашнего аквариума в москве;core_use_geo
купить стерильные растения для аквариума для домашнего аквариума в москве;core_use_geo
заказать стерильные растения для аквариума для домашнего аквариума в москве;core_use_geo
стерильные растения для аквариума для домашнего аквариума в москве цена;core_use_geo
стерильные растения для аквариума для домашнего аквариума по москве;core_use_geo
купить стерильные растения для аквариума для домашнего аквариума по москве;core_use_geo
заказать стерильные растения для аквариума для домашнего аквариума по москве;core_use_geo
стерильные растения для аквариума для домашнего аквариума по москве цена;core_use_geo
стерильные растения для аквариума для домашнего аквариума по московской области;core_use_geo
купить стерильные растения для аквариума для домашнего аквариума по московской области;core_use_geo
заказать стерильные растения для аквариума для домашнего аквариума по московской области;core_use_geo
стерильные растения для аквариума для домашнего аквариума по московской области цена;core_use_geo
стерильные растения для аквариума для домашнего аквариума в москве с доставкой;core_use_geo
купить стерильные растения для аквариума для домашнего аквариума в москве с доставкой;core_use_geo
заказать стерильные растения для аквариума для домашнего аквариума в москве с доставкой;core_use_geo
стерильные растения для аквариума для домашнего аквариума в москве с доставкой цена;core_use_geo
стерильные растения для аквариума для домашнего аквариума по москве с доставкой;core_use_geo
купить стерильные растения для аквариума для домашнего аквариума по москве с доставкой;core_use_geo
заказать стерильные растения для аквариума для домашнего аквариума по москве с доставкой;core_use_geo
стерильные растения для аквариума для домашнего аквариума по москве с доставкой цена;core_use_geo
стерильные растения для аквариума для домашнего аквариума для москвы и области;core_use_geo
купить стерильные растения для аквариума для домашнего аквариума для москвы и области;core_use_geo
заказать стерильные растения для аквариума для домашнего аквариума для москвы и области;core_use_geo
стерильные растения для аквариума для домашнего аквариума для москвы и области цена;core_use_geo
стерильные растения для аквариума для профессионального аквариума;core_use
купить стерильные растения для аквариума для профессионального аквариума;core_use
заказать стерильные растения для аквариума для профессионального аквариума;core_use
где купить стерильные растения для аквариума для профессионального аквариума;core_use
стерильные растения для аквариума для профессионального аквариума цена;core_use
стерильные растения для аквариума для профессионального аквариума отзывы;core_use
как выбрать стерильные растения для аквариума для профессионального аквариума;core_use
как посадить стерильные растения для аквариума для профессионального аквариума;core_use
стерильные растения для аквариума для профессионального аквариума в москве;core_use_geo
купить стерильные растения для аквариума для профессионального аквариума в москве;core_use_geo
заказать стерильные растения для аквариума для профессионального аквариума в москве;core_use_geo
стерильные растения для аквариума для профессионального аквариума в москве цена;core_use_geo
стерильные растения для аквариума для профессионального аквариума по москве;core_use_geo
купить стерильные растения для аквариума для профессионального аквариума по москве;core_use_geo
заказать стерильные растения для аквариума для профессионального аквариума по москве;core_use_geo
стерильные растения для аквариума для профессионального аквариума по москве цена;core_use_geo
стерильные растения для аквариума для профессионального аквариума по московской области;core_use_geo
купить стерильные растения для аквариума для профессионального аквариума по московской области;core_use_geo
заказать стерильные растения для аквариума для профессионального аквариума по московской области;core_use_geo
стерильные растения для аквариума для профессионального аквариума по московской области цена;core_use_geo
стерильные растения для аквариума для профессионального аквариума в москве с доставкой;core_use_geo
купить стерильные растения для аквариума для профессионального аквариума в москве с доставкой;core_use_geo
заказать стерильные растения для аквариума для профессионального аквариума в москве с доставкой;core_use_geo
стерильные растения для аквариума для профессионального аквариума в москве с доставкой цена;core_use_geo
стерильные растения для аквариума для профессионального аквариума по москве с доставкой;core_use_geo
купить стерильные растения для аквариума для профессионального аквариума по москве с доставкой;core_use_geo
заказать стерильные растения для аквариума для профессионального аквариума по москве с доставкой;core_use_geo
стерильные растения для аквариума для профессионального аквариума по москве с доставкой цена;core_use_geo
стерильные растения для аквариума для профессионального аквариума для москвы и области;core_use_geo
купить стерильные растения для аквариума для профессионального аквариума для москвы и области;core_use_geo
заказать стерильные растения для аквариума для профессионального аквариума для москвы и области;core_use_geo
стерильные растения для аквариума для профессионального аквариума для москвы и области цена;core_use_geo
стерильные растения для аквариума для посадки на корягу;core_use
купить стерильные растения для аквариума для посадки на корягу;core_use
заказать стерильные растения для аквариума для посадки на корягу;core_use
где купить стерильные растения для аквариума для посадки на корягу;core_use
стерильные растения для аквариума для посадки на корягу цена;core_use
стерильные растения для аквариума для посадки на корягу отзывы;core_use
как выбрать стерильные растения для аквариума для посадки на корягу;core_use
как посадить стерильные растения для аквариума для посадки на корягу;core_use
стерильные растения для аквариума для посадки на корягу в москве;core_use_geo
купить стерильные растения для аквариума для посадки на корягу в москве;core_use_geo
заказать стерильные растения для аквариума для посадки на корягу в москве;core_use_geo
стерильные растения для аквариума для посадки на корягу в москве цена;core_use_geo
стерильные растения для аквариума для посадки на корягу по москве;core_use_geo
купить стерильные растения для аквариума для посадки на корягу по москве;core_use_geo
заказать стерильные растения для аквариума для посадки на корягу по москве;core_use_geo
стерильные растения для аквариума для посадки на корягу по москве цена;core_use_geo
стерильные растения для аквариума для посадки на корягу по московской области;core_use_geo
купить стерильные растения для аквариума для посадки на корягу по московской области;core_use_geo
заказать стерильные растения для аквариума для посадки на корягу по московской области;core_use_geo
стерильные растения для аквариума для посадки на корягу по московской области цена;core_use_geo
стерильные растения для аквариума для посадки на корягу в москве с доставкой;core_use_geo
купить стерильные растения для аквариума для посадки на корягу в москве с доставкой;core_use_geo
заказать стерильные растения для аквариума для посадки на корягу в москве с доставкой;core_use_geo
стерильные растения для аквариума для посадки на корягу в москве с доставкой цена;core_use_geo
стерильные растения для аквариума для посадки на корягу по москве с доставкой;core_use_geo
купить стерильные растения для аквариума для посадки на корягу по москве с доставкой;core_use_geo
заказать стерильные растения для аквариума для посадки на корягу по москве с доставкой;core_use_geo
стерильные растения для аквариума для посадки на корягу по москве с доставкой цена;core_use_geo
стерильные растения для аквариума для посадки на корягу для москвы и области;core_use_geo
купить стерильные растения для аквариума для посадки на корягу для москвы и области;core_use_geo
заказать стерильные растения для аквариума для посадки на корягу для москвы и области;core_use_geo
стерильные растения для аквариума для посадки на корягу для москвы и области цена;core_use_geo
стерильные растения для аквариума для посадки на камни;core_use
купить стерильные растения для аквариума для посадки на камни;core_use
заказать стерильные растения для аквариума для посадки на камни;core_use
где купить стерильные растения для аквариума для посадки на камни;core_use
стерильные растения для аквариума для посадки на камни цена;core_use
стерильные растения для аквариума для посадки на камни отзывы;core_use
как выбрать стерильные растения для аквариума для посадки на камни;core_use
как посадить стерильные растения для аквариума для посадки на камни;core_use
стерильные растения для аквариума для посадки на камни в москве;core_use_geo
купить стерильные растения для аквариума для посадки на камни в москве;core_use_geo
заказать стерильные растения для аквариума для посадки на камни в москве;core_use_geo
стерильные растения для аквариума для посадки на камни в москве цена;core_use_geo
стерильные растения для аквариума для посадки на камни по москве;core_use_geo
купить стерильные растения для аквариума для посадки на камни по москве;core_use_geo
заказать стерильные растения для аквариума для посадки на камни по москве;core_use_geo
стерильные растения для аквариума для посадки на камни по москве цена;core_use_geo
стерильные растения для аквариума для посадки на камни по московской области;core_use_geo
купить стерильные растения для аквариума для посадки на камни по московской области;core_use_geo
заказать стерильные растения для аквариума для посадки на камни по московской области;core_use_geo
стерильные растения для аквариума для посадки на камни по московской области цена;core_use_geo
стерильные растения для аквариума для посадки на камни в москве с доставкой;core_use_geo
купить стерильные растения для аквариума для посадки на камни в москве с доставкой;core_use_geo
заказать стерильные растения для аквариума для посадки на камни в москве с доставкой;core_use_geo
стерильные растения для аквариума для посадки на камни в москве с доставкой цена;core_use_geo
стерильные растения для аквариума для посадки на камни по москве с доставкой;core_use_geo
купить стерильные растения для аквариума для посадки на камни по москве с доставкой;core_use_geo
заказать стерильные растения для аквариума для посадки на камни по москве с доставкой;core_use_geo
стерильные растения для аквариума для посадки на камни по москве с доставкой цена;core_use_geo
стерильные растения для аквариума для посадки на камни для москвы и области;core_use_geo
купить стерильные растения для аквариума для посадки на камни для москвы и области;core_use_geo
заказать стерильные растения для аквариума для посадки на камни для москвы и области;core_use_geo
стерильные растения для аквариума для посадки на камни для москвы и области цена;core_use_geo
стерильные растения для аквариума без улиток;core_benefit
купить стерильные растения для аквариума без улиток;core_benefit
заказать стерильные растения для аквариума без улиток;core_benefit
стерильные растения для аквариума без улиток цена;core_benefit
стерильные растения для аквариума без улиток отзывы;core_benefit
как выбрать стерильные растения для аквариума без улиток;core_benefit
стерильные растения для аквариума без улиток в москве;core_benefit_geo
купить стерильные растения для аквариума без улиток в москве;core_benefit_geo
стерильные растения для аквариума без улиток в москве цена;core_benefit_geo
стерильные растения для аквариума без улиток по москве;core_benefit_geo
купить стерильные растения для аквариума без улиток по москве;core_benefit_geo
стерильные растения для аквариума без улиток по москве цена;core_benefit_geo
стерильные растения для аквариума без улиток по московской области;core_benefit_geo
купить стерильные растения для аквариума без улиток по московской области;core_benefit_geo
стерильные растения для аквариума без улиток по московской области цена;core_benefit_geo
стерильные растения для аквариума без улиток в москве с доставкой;core_benefit_geo
купить стерильные растения для аквариума без улиток в москве с доставкой;core_benefit_geo
стерильные растения для аквариума без улиток в москве с доставкой цена;core_benefit_geo
стерильные растения для аквариума без улиток по москве с доставкой;core_benefit_geo
купить стерильные растения для аквариума без улиток по москве с доставкой;core_benefit_geo
стерильные растения для аквариума без улиток по москве с доставкой цена;core_benefit_geo
стерильные растения для аквариума без улиток для москвы и области;core_benefit_geo
купить стерильные растения для аквариума без улиток для москвы и области;core_benefit_geo
стерильные растения для аквариума без улиток для москвы и области цена;core_benefit_geo
стерильные растения для аквариума без водорослей;core_benefit
купить стерильные растения для аквариума без водорослей;core_benefit
заказать стерильные растения для аквариума без водорослей;core_benefit
стерильные растения для аквариума без водорослей цена;core_benefit
стерильные растения для аквариума без водорослей отзывы;core_benefit
как выбрать стерильные растения для аквариума без водорослей;core_benefit
стерильные растения для аквариума без водорослей в москве;core_benefit_geo
купить стерильные растения для аквариума без водорослей в москве;core_benefit_geo
стерильные растения для аквариума без водорослей в москве цена;core_benefit_geo
стерильные растения для аквариума без водорослей по москве;core_benefit_geo
купить стерильные растения для аквариума без водорослей по москве;core_benefit_geo
стерильные растения для аквариума без водорослей по москве цена;core_benefit_geo
стерильные растения для аквариума без водорослей по московской области;core_benefit_geo
купить стерильные растения для аквариума без водорослей по московской области;core_benefit_geo
стерильные растения для аквариума без водорослей по московской области цена;core_benefit_geo
стерильные растения для аквариума без водорослей в москве с доставкой;core_benefit_geo
купить стерильные растения для аквариума без водорослей в москве с доставкой;core_benefit_geo
стерильные растения для аквариума без водорослей в москве с доставкой цена;core_benefit_geo
стерильные растения для аквариума без водорослей по москве с доставкой;core_benefit_geo
купить стерильные растения для аквариума без водорослей по москве с доставкой;core_benefit_geo
стерильные растения для аквариума без водорослей по москве с доставкой цена;core_benefit_geo
стерильные растения для аквариума без водорослей для москвы и области;core_benefit_geo
купить стерильные растения для аквариума без водорослей для москвы и области;core_benefit_geo
стерильные растения для аквариума без водорослей для москвы и области цена;core_benefit_geo
стерильные растения для аквариума;core_benefit
стерильные растения для аквариума in vitro;core_benefit
купить стерильные растения для аквариума in vitro;core_benefit
заказать стерильные растения для аквариума in vitro;core_benefit
стерильные растения для аквариума in vitro цена;core_benefit
стерильные растения для аквариума in vitro отзывы;core_benefit
как выбрать стерильные растения для аквариума in vitro;core_benefit
стерильные растения для аквариума in vitro в москве;core_benefit_geo
купить стерильные растения для аквариума in vitro в москве;core_benefit_geo
стерильные растения для аквариума in vitro в москве цена;core_benefit_geo
стерильные растения для аквариума in vitro по москве;core_benefit_geo
купить стерильные растения для аквариума in vitro по москве;core_benefit_geo
стерильные растения для аквариума in vitro по москве цена;core_benefit_geo
стерильные растения для аквариума in vitro по московской области;core_benefit_geo
купить стерильные растения для аквариума in vitro по московской области;core_benefit_geo
стерильные растения для аквариума in vitro по московской области цена;core_benefit_geo
стерильные растения для аквариума in vitro в москве с доставкой;core_benefit_geo
купить стерильные растения для аквариума in vitro в москве с доставкой;core_benefit_geo
стерильные растения для аквариума in vitro в москве с доставкой цена;core_benefit_geo
стерильные растения для аквариума in vitro по москве с доставкой;core_benefit_geo
купить стерильные растения для аквариума in vitro по москве с доставкой;core_benefit_geo
стерильные растения для аквариума in vitro по москве с доставкой цена;core_benefit_geo
стерильные растения для аквариума in vitro для москвы и области;core_benefit_geo
купить стерильные растения для аквариума in vitro для москвы и области;core_benefit_geo
стерильные растения для аквариума in vitro для москвы и области цена;core_benefit_geo
стерильные растения для аквариума в баночке;core_benefit
купить стерильные растения для аквариума в баночке;core_benefit
заказать стерильные растения для аквариума в баночке;core_benefit
стерильные растения для аквариума в баночке цена;core_benefit
стерильные растения для аквариума в баночке отзывы;core_benefit
как выбрать стерильные растения для аквариума в баночке;core_benefit
стерильные растения для аквариума в баночке в москве;core_benefit_geo
купить стерильные растения для аквариума в баночке в москве;core_benefit_geo
стерильные растения для аквариума в баночке в москве цена;core_benefit_geo
стерильные растения для аквариума в баночке по москве;core_benefit_geo
купить стерильные растения для аквариума в баночке по москве;core_benefit_geo
стерильные растения для аквариума в баночке по москве цена;core_benefit_geo
стерильные растения для аквариума в баночке по московской области;core_benefit_geo
купить стерильные растения для аквариума в баночке по московской области;core_benefit_geo
стерильные растения для аквариума в баночке по московской области цена;core_benefit_geo
стерильные растения для аквариума в баночке в москве с доставкой;core_benefit_geo
купить стерильные растения для аквариума в баночке в москве с доставкой;core_benefit_geo
стерильные растения для аквариума в баночке в москве с доставкой цена;core_benefit_geo
стерильные растения для аквариума в баночке по москве с доставкой;core_benefit_geo
купить стерильные растения для аквариума в баночке по москве с доставкой;core_benefit_geo
стерильные растения для аквариума в баночке по москве с доставкой цена;core_benefit_geo
стерильные растения для аквариума в баночке для москвы и области;core_benefit_geo
купить стерильные растения для аквариума в баночке для москвы и области;core_benefit_geo
стерильные растения для аквариума в баночке для москвы и области цена;core_benefit_geo
стерильные растения для аквариума в контейнере;core_benefit
купить стерильные растения для аквариума в контейнере;core_benefit
заказать стерильные растения для аквариума в контейнере;core_benefit
стерильные растения для аквариума в контейнере цена;core_benefit
стерильные растения для аквариума в контейнере отзывы;core_benefit
как выбрать стерильные растения для аквариума в контейнере;core_benefit
стерильные растения для аквариума в контейнере в москве;core_benefit_geo
купить стерильные растения для аквариума в контейнере в москве;core_benefit_geo
стерильные растения для аквариума в контейнере в москве цена;core_benefit_geo
стерильные растения для аквариума в контейнере по москве;core_benefit_geo
купить стерильные растения для аквариума в контейнере по москве;core_benefit_geo
стерильные растения для аквариума в контейнере по москве цена;core_benefit_geo
стерильные растения для аквариума в контейнере по московской области;core_benefit_geo
купить стерильные растения для аквариума в контейнере по московской области;core_benefit_geo
стерильные растения для аквариума в контейнере по московской области цена;core_benefit_geo
стерильные растения для аквариума в контейнере в москве с доставкой;core_benefit_geo
купить стерильные растения для аквариума в контейнере в москве с доставкой;core_benefit_geo
стерильные растения для аквариума в контейнере в москве с доставкой цена;core_benefit_geo
стерильные растения для аквариума в контейнере по москве с доставкой;core_benefit_geo
купить стерильные растения для аквариума в контейнере по москве с доставкой;core_benefit_geo
стерильные растения для аквариума в контейнере по москве с доставкой цена;core_benefit_geo
стерильные растения для аквариума в контейнере для москвы и области;core_benefit_geo
купить стерильные растения для аквариума в контейнере для москвы и области;core_benefit_geo
стерильные растения для аквариума в контейнере для москвы и области цена;core_benefit_geo
стерильные растения для аквариума с чистым стартом;core_benefit
купить стерильные растения для аквариума с чистым стартом;core_benefit
заказать стерильные растения для аквариума с чистым стартом;core_benefit
стерильные растения для аквариума с чистым стартом цена;core_benefit
стерильные растения для аквариума с чистым стартом отзывы;core_benefit
как выбрать стерильные растения для аквариума с чистым стартом;core_benefit
стерильные растения для аквариума с чистым стартом в москве;core_benefit_geo
купить стерильные растения для аквариума с чистым стартом в москве;core_benefit_geo
стерильные растения для аквариума с чистым стартом в москве цена;core_benefit_geo
стерильные растения для аквариума с чистым стартом по москве;core_benefit_geo
купить стерильные растения для аквариума с чистым стартом по москве;core_benefit_geo
стерильные растения для аквариума с чистым стартом по москве цена;core_benefit_geo
стерильные растения для аквариума с чистым стартом по московской области;core_benefit_geo
купить стерильные растения для аквариума с чистым стартом по московской области;core_benefit_geo
стерильные растения для аквариума с чистым стартом по московской области цена;core_benefit_geo
стерильные растения для аквариума с чистым стартом в москве с доставкой;core_benefit_geo
купить стерильные растения для аквариума с чистым стартом в москве с доставкой;core_benefit_geo
стерильные растения для аквариума с чистым стартом в москве с доставкой цена;core_benefit_geo
стерильные растения для аквариума с чистым стартом по москве с доставкой;core_benefit_geo
купить стерильные растения для аквариума с чистым стартом по москве с доставкой;core_benefit_geo
стерильные растения для аквариума с чистым стартом по москве с доставкой цена;core_benefit_geo
стерильные растения для аквариума с чистым стартом для москвы и области;core_benefit_geo
купить стерильные растения для аквариума с чистым стартом для москвы и области;core_benefit_geo
стерильные растения для аквариума с чистым стартом для москвы и области цена;core_benefit_geo
стерильные растения для аквариума для быстрой посадки;core_benefit
купить стерильные растения для аквариума для быстрой посадки;core_benefit
заказать стерильные растения для аквариума для быстрой посадки;core_benefit
стерильные растения для аквариума для быстрой посадки цена;core_benefit
стерильные растения для аквариума для быстрой посадки отзывы;core_benefit
как выбрать стерильные растения для аквариума для быстрой посадки;core_benefit
стерильные растения для аквариума для быстрой посадки в москве;core_benefit_geo
купить стерильные растения для аквариума для быстрой посадки в москве;core_benefit_geo
стерильные растения для аквариума для быстрой посадки в москве цена;core_benefit_geo
стерильные растения для аквариума для быстрой посадки по москве;core_benefit_geo
купить стерильные растения для аквариума для быстрой посадки по москве;core_benefit_geo
стерильные растения для аквариума для быстрой посадки по москве цена;core_benefit_geo
стерильные растения для аквариума для быстрой посадки по московской области;core_benefit_geo
купить стерильные растения для аквариума для быстрой посадки по московской области;core_benefit_geo
стерильные растения для аквариума для быстрой посадки по московской области цена;core_benefit_geo
стерильные растения для аквариума для быстрой посадки в москве с доставкой;core_benefit_geo
купить стерильные растения для аквариума для быстрой посадки в москве с доставкой;core_benefit_geo
стерильные растения для аквариума для быстрой посадки в москве с доставкой цена;core_benefit_geo
стерильные растения для аквариума для быстрой посадки по москве с доставкой;core_benefit_geo
купить стерильные растения для аквариума для быстрой посадки по москве с доставкой;core_benefit_geo
стерильные растения для аквариума для быстрой посадки по москве с доставкой цена;core_benefit_geo
стерильные растения для аквариума для быстрой посадки для москвы и области;core_benefit_geo
купить стерильные растения для аквариума для быстрой посадки для москвы и области;core_benefit_geo
стерильные растения для аквариума для быстрой посадки для москвы и области цена;core_benefit_geo
стерильные растения для аквариума для аккуратной посадки;core_benefit
купить стерильные растения для аквариума для аккуратной посадки;core_benefit
заказать стерильные растения для аквариума для аккуратной посадки;core_benefit
стерильные растения для аквариума для аккуратной посадки цена;core_benefit
стерильные растения для аквариума для аккуратной посадки отзывы;core_benefit
как выбрать стерильные растения для аквариума для аккуратной посадки;core_benefit
стерильные растения для аквариума для аккуратной посадки в москве;core_benefit_geo
купить стерильные растения для аквариума для аккуратной посадки в москве;core_benefit_geo
стерильные растения для аквариума для аккуратной посадки в москве цена;core_benefit_geo
стерильные растения для аквариума для аккуратной посадки по москве;core_benefit_geo
купить стерильные растения для аквариума для аккуратной посадки по москве;core_benefit_geo
стерильные растения для аквариума для аккуратной посадки по москве цена;core_benefit_geo
стерильные растения для аквариума для аккуратной посадки по московской области;core_benefit_geo
купить стерильные растения для аквариума для аккуратной посадки по московской области;core_benefit_geo
стерильные растения для аквариума для аккуратной посадки по московской области цена;core_benefit_geo
стерильные растения для аквариума для аккуратной посадки в москве с доставкой;core_benefit_geo
купить стерильные растения для аквариума для аккуратной посадки в москве с доставкой;core_benefit_geo
стерильные растения для аквариума для аккуратной посадки в москве с доставкой цена;core_benefit_geo
стерильные растения для аквариума для аккуратной посадки по москве с доставкой;core_benefit_geo
купить стерильные растения для аквариума для аккуратной посадки по москве с доставкой;core_benefit_geo
стерильные растения для аквариума для аккуратной посадки по москве с доставкой цена;core_benefit_geo
стерильные растения для аквариума для аккуратной посадки для москвы и области;core_benefit_geo
купить стерильные растения для аквариума для аккуратной посадки для москвы и области;core_benefit_geo
стерильные растения для аквариума для аккуратной посадки для москвы и области цена;core_benefit_geo
стерильные растения для аквариума для безопасного запуска;core_benefit
купить стерильные растения для аквариума для безопасного запуска;core_benefit
заказать стерильные растения для аквариума для безопасного запуска;core_benefit
стерильные растения для аквариума для безопасного запуска цена;core_benefit
стерильные растения для аквариума для безопасного запуска отзывы;core_benefit
как выбрать стерильные растения для аквариума для безопасного запуска;core_benefit
стерильные растения для аквариума для безопасного запуска в москве;core_benefit_geo
купить стерильные растения для аквариума для безопасного запуска в москве;core_benefit_geo
стерильные растения для аквариума для безопасного запуска в москве цена;core_benefit_geo
стерильные растения для аквариума для безопасного запуска по москве;core_benefit_geo
купить стерильные растения для аквариума для безопасного запуска по москве;core_benefit_geo
стерильные растения для аквариума для безопасного запуска по москве цена;core_benefit_geo
стерильные растения для аквариума для безопасного запуска по московской области;core_benefit_geo
купить стерильные растения для аквариума для безопасного запуска по московской области;core_benefit_geo
стерильные растения для аквариума для безопасного запуска по московской области цена;core_benefit_geo
стерильные растения для аквариума для безопасного запуска в москве с доставкой;core_benefit_geo
купить стерильные растения для аквариума для безопасного запуска в москве с доставкой;core_benefit_geo
стерильные растения для аквариума для безопасного запуска в москве с доставкой цена;core_benefit_geo
стерильные растения для аквариума для безопасного запуска по москве с доставкой;core_benefit_geo
купить стерильные растения для аквариума для безопасного запуска по москве с доставкой;core_benefit_geo
стерильные растения для аквариума для безопасного запуска по москве с доставкой цена;core_benefit_geo
стерильные растения для аквариума для безопасного запуска для москвы и области;core_benefit_geo
купить стерильные растения для аквариума для безопасного запуска для москвы и области;core_benefit_geo
стерильные растения для аквариума для безопасного запуска для москвы и области цена;core_benefit_geo
стерильные растения для аквариума для плотного ковра;core_benefit
купить стерильные растения для аквариума для плотного ковра;core_benefit
заказать стерильные растения для аквариума для плотного ковра;core_benefit
стерильные растения для аквариума для плотного ковра цена;core_benefit
стерильные растения для аквариума для плотного ковра отзывы;core_benefit
как выбрать стерильные растения для аквариума для плотного ковра;core_benefit
стерильные растения для аквариума для плотного ковра в москве;core_benefit_geo
купить стерильные растения для аквариума для плотного ковра в москве;core_benefit_geo
стерильные растения для аквариума для плотного ковра в москве цена;core_benefit_geo
стерильные растения для аквариума для плотного ковра по москве;core_benefit_geo
купить стерильные растения для аквариума для плотного ковра по москве;core_benefit_geo
стерильные растения для аквариума для плотного ковра по москве цена;core_benefit_geo
стерильные растения для аквариума для плотного ковра по московской области;core_benefit_geo
купить стерильные растения для аквариума для плотного ковра по московской области;core_benefit_geo
стерильные растения для аквариума для плотного ковра по московской области цена;core_benefit_geo
стерильные растения для аквариума для плотного ковра в москве с доставкой;core_benefit_geo
купить стерильные растения для аквариума для плотного ковра в москве с доставкой;core_benefit_geo
стерильные растения для аквариума для плотного ковра в москве с доставкой цена;core_benefit_geo
стерильные растения для аквариума для плотного ковра по москве с доставкой;core_benefit_geo
купить стерильные растения для аквариума для плотного ковра по москве с доставкой;core_benefit_geo
стерильные растения для аквариума для плотного ковра по москве с доставкой цена;core_benefit_geo
стерильные растения для аквариума для плотного ковра для москвы и области;core_benefit_geo
купить стерильные растения для аквариума для плотного ковра для москвы и области;core_benefit_geo
стерильные растения для аквариума для плотного ковра для москвы и области цена;core_benefit_geo
стерильные растения для аквариума для яркого акцента;core_benefit
купить стерильные растения для аквариума для яркого акцента;core_benefit
заказать стерильные растения для аквариума для яркого акцента;core_benefit
стерильные растения для аквариума для яркого акцента цена;core_benefit
стерильные растения для аквариума для яркого акцента отзывы;core_benefit
как выбрать стерильные растения для аквариума для яркого акцента;core_benefit
стерильные растения для аквариума для яркого акцента в москве;core_benefit_geo
купить стерильные растения для аквариума для яркого акцента в москве;core_benefit_geo
стерильные растения для аквариума для яркого акцента в москве цена;core_benefit_geo
стерильные растения для аквариума для яркого акцента по москве;core_benefit_geo
купить стерильные растения для аквариума для яркого акцента по москве;core_benefit_geo
стерильные растения для аквариума для яркого акцента по москве цена;core_benefit_geo
стерильные растения для аквариума для яркого акцента по московской области;core_benefit_geo
купить стерильные растения для аквариума для яркого акцента по московской области;core_benefit_geo
стерильные растения для аквариума для яркого акцента по московской области цена;core_benefit_geo
стерильные растения для аквариума для яркого акцента в москве с доставкой;core_benefit_geo
купить стерильные растения для аквариума для яркого акцента в москве с доставкой;core_benefit_geo
стерильные растения для аквариума для яркого акцента в москве с доставкой цена;core_benefit_geo
стерильные растения для аквариума для яркого акцента по москве с доставкой;core_benefit_geo
купить стерильные растения для аквариума для яркого акцента по москве с доставкой;core_benefit_geo
стерильные растения для аквариума для яркого акцента по москве с доставкой цена;core_benefit_geo
стерильные растения для аквариума для яркого акцента для москвы и области;core_benefit_geo
купить стерильные растения для аквариума для яркого акцента для москвы и области;core_benefit_geo
стерильные растения для аквариума для яркого акцента для москвы и области цена;core_benefit_geo
стерильные растения для аквариума для аквариума 20 литров;core_volume
купить стерильные растения для аквариума для аквариума 20 литров;core_volume
заказать стерильные растения для аквариума для аквариума 20 литров;core_volume
стерильные растения для аквариума для аквариума 20 литров цена;core_volume
как выбрать стерильные растения для аквариума для аквариума 20 литров;core_volume
стерильные растения для аквариума для аквариума 30 литров;core_volume
купить стерильные растения для аквариума для аквариума 30 литров;core_volume
заказать стерильные растения для аквариума для аквариума 30 литров;core_volume
стерильные растения для аквариума для аквариума 30 литров цена;core_volume
как выбрать стерильные растения для аквариума для аквариума 30 литров;core_volume
стерильные растения для аквариума для аквариума 40 литров;core_volume
купить стерильные растения для аквариума для аквариума 40 литров;core_volume
заказать стерильные растения для аквариума для аквариума 40 литров;core_volume
стерильные растения для аквариума для аквариума 40 литров цена;core_volume
как выбрать стерильные растения для аквариума для аквариума 40 литров;core_volume
стерильные растения для аквариума для аквариума 50 литров;core_volume
купить стерильные растения для аквариума для аквариума 50 литров;core_volume
заказать стерильные растения для аквариума для аквариума 50 литров;core_volume
стерильные растения для аквариума для аквариума 50 литров цена;core_volume
как выбрать стерильные растения для аквариума для аквариума 50 литров;core_volume
стерильные растения для аквариума для аквариума 60 литров;core_volume
купить стерильные растения для аквариума для аквариума 60 литров;core_volume
заказать стерильные растения для аквариума для аквариума 60 литров;core_volume
стерильные растения для аквариума для аквариума 60 литров цена;core_volume
как выбрать стерильные растения для аквариума для аквариума 60 литров;core_volume
стерильные растения для аквариума для аквариума 80 литров;core_volume
купить стерильные растения для аквариума для аквариума 80 литров;core_volume
заказать стерильные растения для аквариума для аквариума 80 литров;core_volume
стерильные растения для аквариума для аквариума 80 литров цена;core_volume
как выбрать стерильные растения для аквариума для аквариума 80 литров;core_volume
стерильные растения для аквариума для аквариума 100 литров;core_volume
купить стерильные растения для аквариума для аквариума 100 литров;core_volume
заказать стерильные растения для аквариума для аквариума 100 литров;core_volume
стерильные растения для аквариума для аквариума 100 литров цена;core_volume
как выбрать стерильные растения для аквариума для аквариума 100 литров;core_volume
стерильные растения для аквариума для аквариума 120 литров;core_volume
купить стерильные растения для аквариума для аквариума 120 литров;core_volume
заказать стерильные растения для аквариума для аквариума 120 литров;core_volume
стерильные растения для аквариума для аквариума 120 литров цена;core_volume
как выбрать стерильные растения для аквариума для аквариума 120 литров;core_volume
стерильные растения для аквариума для аквариума 200 литров;core_volume
купить стерильные растения для аквариума для аквариума 200 литров;core_volume
заказать стерильные растения для аквариума для аквариума 200 литров;core_volume
стерильные растения для аквариума для аквариума 200 литров цена;core_volume
как выбрать стерильные растения для аквариума для аквариума 200 литров;core_volume
купить чистые растения для аквариума;core_commercial
заказать чистые растения для аквариума;core_commercial
где купить чистые растения для аквариума;core_commercial
где заказать чистые растения для аквариума;core_commercial
чистые растения для аквариума цена;core_commercial
чистые растения для аквариума цены;core_commercial
чистые растения для аквариума стоимость;core_commercial
чистые растения для аквариума прайс;core_commercial
чистые растения для аквариума наличие;core_commercial
чистые растения для аквариума каталог;core_commercial
чистые растения для аквариума отзывы;core_commercial
чистые растения для аквариума доставка;core_commercial
чистые растения для аквариума в наличии;core_commercial
как выбрать чистые растения для аквариума;core_info
как заказать чистые растения для аквариума;core_info
как купить чистые растения для аквариума;core_info
как посадить чистые растения для аквариума;core_info
как сажать чистые растения для аквариума;core_info
чистые растения для аквариума для начинающих;core_info
чистые растения для аквариума для чистого запуска;core_info
чистые растения для аквариума что выбрать;core_info
чистые растения для аквариума как оформить заказ;core_info
чистые растения для аквариума для красивого аквариума;core_info
чистые растения для аквариума для здорового аквариума;core_info
чистые растения для аквариума в москве;core_geo
купить чистые растения для аквариума в москве;core_geo
заказать чистые растения для аквариума в москве;core_geo
где купить чистые растения для аквариума в москве;core_geo
чистые растения для аквариума в москве цена;core_geo
чистые растения для аквариума в москве наличие;core_geo
чистые растения для аквариума по москве;core_geo
купить чистые растения для аквариума по москве;core_geo
заказать чистые растения для аквариума по москве;core_geo
где купить чистые растения для аквариума по москве;core_geo
чистые растения для аквариума по москве цена;core_geo
чистые растения для аквариума по москве наличие;core_geo
чистые растения для аквариума по московской области;core_geo
купить чистые растения для аквариума по московской области;core_geo
заказать чистые растения для аквариума по московской области;core_geo
где купить чистые растения для аквариума по московской области;core_geo
чистые растения для аквариума по московской области цена;core_geo
чистые растения для аквариума по московской области наличие;core_geo
чистые растения для аквариума в москве с доставкой;core_geo
купить чистые растения для аквариума в москве с доставкой;core_geo
заказать чистые растения для аквариума в москве с доставкой;core_geo
где купить чистые растения для аквариума в москве с доставкой;core_geo
чистые растения для аквариума в москве с доставкой цена;core_geo
чистые растения для аквариума в москве с доставкой наличие;core_geo
чистые растения для аквариума по москве с доставкой;core_geo
купить чистые растения для аквариума по москве с доставкой;core_geo
заказать чистые растения для аквариума по москве с доставкой;core_geo
где купить чистые растения для аквариума по москве с доставкой;core_geo
чистые растения для аквариума по москве с доставкой цена;core_geo
чистые растения для аквариума по москве с доставкой наличие;core_geo
чистые растения для аквариума для москвы и области;core_geo
купить чистые растения для аквариума для москвы и области;core_geo
заказать чистые растения для аквариума для москвы и области;core_geo
где купить чистые растения для аквариума для москвы и области;core_geo
чистые растения для аквариума для москвы и области цена;core_geo
чистые растения для аквариума для москвы и области наличие;core_geo
чистые растения для аквариума для акваскейпа;core_use
купить чистые растения для аквариума для акваскейпа;core_use
заказать чистые растения для аквариума для акваскейпа;core_use
где купить чистые растения для аквариума для акваскейпа;core_use
чистые растения для аквариума для акваскейпа цена;core_use
чистые растения для аквариума для акваскейпа отзывы;core_use
как выбрать чистые растения для аквариума для акваскейпа;core_use
как посадить чистые растения для аквариума для акваскейпа;core_use
чистые растения для аквариума для акваскейпа в москве;core_use_geo
купить чистые растения для аквариума для акваскейпа в москве;core_use_geo
заказать чистые растения для аквариума для акваскейпа в москве;core_use_geo
чистые растения для аквариума для акваскейпа в москве цена;core_use_geo
чистые растения для аквариума для акваскейпа по москве;core_use_geo
купить чистые растения для аквариума для акваскейпа по москве;core_use_geo
заказать чистые растения для аквариума для акваскейпа по москве;core_use_geo
чистые растения для аквариума для акваскейпа по москве цена;core_use_geo
чистые растения для аквариума для акваскейпа по московской области;core_use_geo
купить чистые растения для аквариума для акваскейпа по московской области;core_use_geo
заказать чистые растения для аквариума для акваскейпа по московской области;core_use_geo
чистые растения для аквариума для акваскейпа по московской области цена;core_use_geo
чистые растения для аквариума для акваскейпа в москве с доставкой;core_use_geo
купить чистые растения для аквариума для акваскейпа в москве с доставкой;core_use_geo
заказать чистые растения для аквариума для акваскейпа в москве с доставкой;core_use_geo
чистые растения для аквариума для акваскейпа в москве с доставкой цена;core_use_geo
чистые растения для аквариума для акваскейпа по москве с доставкой;core_use_geo
купить чистые растения для аквариума для акваскейпа по москве с доставкой;core_use_geo
заказать чистые растения для аквариума для акваскейпа по москве с доставкой;core_use_geo
чистые растения для аквариума для акваскейпа по москве с доставкой цена;core_use_geo
чистые растения для аквариума для акваскейпа для москвы и области;core_use_geo
купить чистые растения для аквариума для акваскейпа для москвы и области;core_use_geo
заказать чистые растения для аквариума для акваскейпа для москвы и области;core_use_geo
чистые растения для аквариума для акваскейпа для москвы и области цена;core_use_geo
чистые растения для аквариума для травника;core_use
купить чистые растения для аквариума для травника;core_use
заказать чистые растения для аквариума для травника;core_use
где купить чистые растения для аквариума для травника;core_use
чистые растения для аквариума для травника цена;core_use
чистые растения для аквариума для травника отзывы;core_use
как выбрать чистые растения для аквариума для травника;core_use
как посадить чистые растения для аквариума для травника;core_use
чистые растения для аквариума для травника в москве;core_use_geo
купить чистые растения для аквариума для травника в москве;core_use_geo
заказать чистые растения для аквариума для травника в москве;core_use_geo
чистые растения для аквариума для травника в москве цена;core_use_geo
чистые растения для аквариума для травника по москве;core_use_geo
купить чистые растения для аквариума для травника по москве;core_use_geo
заказать чистые растения для аквариума для травника по москве;core_use_geo
чистые растения для аквариума для травника по москве цена;core_use_geo
чистые растения для аквариума для травника по московской области;core_use_geo
купить чистые растения для аквариума для травника по московской области;core_use_geo
заказать чистые растения для аквариума для травника по московской области;core_use_geo
чистые растения для аквариума для травника по московской области цена;core_use_geo
чистые растения для аквариума для травника в москве с доставкой;core_use_geo
купить чистые растения для аквариума для травника в москве с доставкой;core_use_geo
заказать чистые растения для аквариума для травника в москве с доставкой;core_use_geo
чистые растения для аквариума для травника в москве с доставкой цена;core_use_geo
чистые растения для аквариума для травника по москве с доставкой;core_use_geo
купить чистые растения для аквариума для травника по москве с доставкой;core_use_geo
заказать чистые растения для аквариума для травника по москве с доставкой;core_use_geo
чистые растения для аквариума для травника по москве с доставкой цена;core_use_geo
чистые растения для аквариума для травника для москвы и области;core_use_geo
купить чистые растения для аквариума для травника для москвы и области;core_use_geo
заказать чистые растения для аквариума для травника для москвы и области;core_use_geo
чистые растения для аквариума для травника для москвы и области цена;core_use_geo
чистые растения для аквариума для запуска аквариума;core_use
купить чистые растения для аквариума для запуска аквариума;core_use
заказать чистые растения для аквариума для запуска аквариума;core_use
где купить чистые растения для аквариума для запуска аквариума;core_use
чистые растения для аквариума для запуска аквариума цена;core_use
чистые растения для аквариума для запуска аквариума отзывы;core_use
как выбрать чистые растения для аквариума для запуска аквариума;core_use
как посадить чистые растения для аквариума для запуска аквариума;core_use
чистые растения для аквариума для запуска аквариума в москве;core_use_geo
купить чистые растения для аквариума для запуска аквариума в москве;core_use_geo
заказать чистые растения для аквариума для запуска аквариума в москве;core_use_geo
чистые растения для аквариума для запуска аквариума в москве цена;core_use_geo
чистые растения для аквариума для запуска аквариума по москве;core_use_geo
купить чистые растения для аквариума для запуска аквариума по москве;core_use_geo
заказать чистые растения для аквариума для запуска аквариума по москве;core_use_geo
чистые растения для аквариума для запуска аквариума по москве цена;core_use_geo
чистые растения для аквариума для запуска аквариума по московской области;core_use_geo
купить чистые растения для аквариума для запуска аквариума по московской области;core_use_geo
заказать чистые растения для аквариума для запуска аквариума по московской области;core_use_geo
чистые растения для аквариума для запуска аквариума по московской области цена;core_use_geo
чистые растения для аквариума для запуска аквариума в москве с доставкой;core_use_geo
купить чистые растения для аквариума для запуска аквариума в москве с доставкой;core_use_geo
заказать чистые растения для аквариума для запуска аквариума в москве с доставкой;core_use_geo
чистые растения для аквариума для запуска аквариума в москве с доставкой цена;core_use_geo
чистые растения для аквариума для запуска аквариума по москве с доставкой;core_use_geo
купить чистые растения для аквариума для запуска аквариума по москве с доставкой;core_use_geo
заказать чистые растения для аквариума для запуска аквариума по москве с доставкой;core_use_geo
чистые растения для аквариума для запуска аквариума по москве с доставкой цена;core_use_geo
чистые растения для аквариума для запуска аквариума для москвы и области;core_use_geo
купить чистые растения для аквариума для запуска аквариума для москвы и области;core_use_geo
заказать чистые растения для аквариума для запуска аквариума для москвы и области;core_use_geo
чистые растения для аквариума для запуска аквариума для москвы и области цена;core_use_geo
чистые растения для аквариума для нового аквариума;core_use
купить чистые растения для аквариума для нового аквариума;core_use
заказать чистые растения для аквариума для нового аквариума;core_use
где купить чистые растения для аквариума для нового аквариума;core_use
чистые растения для аквариума для нового аквариума цена;core_use
чистые растения для аквариума для нового аквариума отзывы;core_use
как выбрать чистые растения для аквариума для нового аквариума;core_use
как посадить чистые растения для аквариума для нового аквариума;core_use
чистые растения для аквариума для нового аквариума в москве;core_use_geo
купить чистые растения для аквариума для нового аквариума в москве;core_use_geo
заказать чистые растения для аквариума для нового аквариума в москве;core_use_geo
чистые растения для аквариума для нового аквариума в москве цена;core_use_geo
чистые растения для аквариума для нового аквариума по москве;core_use_geo
купить чистые растения для аквариума для нового аквариума по москве;core_use_geo
заказать чистые растения для аквариума для нового аквариума по москве;core_use_geo
чистые растения для аквариума для нового аквариума по москве цена;core_use_geo
чистые растения для аквариума для нового аквариума по московской области;core_use_geo
купить чистые растения для аквариума для нового аквариума по московской области;core_use_geo
заказать чистые растения для аквариума для нового аквариума по московской области;core_use_geo
чистые растения для аквариума для нового аквариума по московской области цена;core_use_geo
чистые растения для аквариума для нового аквариума в москве с доставкой;core_use_geo
купить чистые растения для аквариума для нового аквариума в москве с доставкой;core_use_geo
заказать чистые растения для аквариума для нового аквариума в москве с доставкой;core_use_geo
чистые растения для аквариума для нового аквариума в москве с доставкой цена;core_use_geo
чистые растения для аквариума для нового аквариума по москве с доставкой;core_use_geo
купить чистые растения для аквариума для нового аквариума по москве с доставкой;core_use_geo
заказать чистые растения для аквариума для нового аквариума по москве с доставкой;core_use_geo
чистые растения для аквариума для нового аквариума по москве с доставкой цена;core_use_geo
чистые растения для аквариума для нового аквариума для москвы и области;core_use_geo
купить чистые растения для аквариума для нового аквариума для москвы и области;core_use_geo
заказать чистые растения для аквариума для нового аквариума для москвы и области;core_use_geo
чистые растения для аквариума для нового аквариума для москвы и области цена;core_use_geo
чистые растения для аквариума для переднего плана;core_use
купить чистые растения для аквариума для переднего плана;core_use
заказать чистые растения для аквариума для переднего плана;core_use
где купить чистые растения для аквариума для переднего плана;core_use
чистые растения для аквариума для переднего плана цена;core_use
чистые растения для аквариума для переднего плана отзывы;core_use
как выбрать чистые растения для аквариума для переднего плана;core_use
как посадить чистые растения для аквариума для переднего плана;core_use
чистые растения для аквариума для переднего плана в москве;core_use_geo
купить чистые растения для аквариума для переднего плана в москве;core_use_geo
заказать чистые растения для аквариума для переднего плана в москве;core_use_geo
чистые растения для аквариума для переднего плана в москве цена;core_use_geo
чистые растения для аквариума для переднего плана по москве;core_use_geo
купить чистые растения для аквариума для переднего плана по москве;core_use_geo
заказать чистые растения для аквариума для переднего плана по москве;core_use_geo
чистые растения для аквариума для переднего плана по москве цена;core_use_geo
чистые растения для аквариума для переднего плана по московской области;core_use_geo
купить чистые растения для аквариума для переднего плана по московской области;core_use_geo
заказать чистые растения для аквариума для переднего плана по московской области;core_use_geo
чистые растения для аквариума для переднего плана по московской области цена;core_use_geo
чистые растения для аквариума для переднего плана в москве с доставкой;core_use_geo
купить чистые растения для аквариума для переднего плана в москве с доставкой;core_use_geo
заказать чистые растения для аквариума для переднего плана в москве с доставкой;core_use_geo
чистые растения для аквариума для переднего плана в москве с доставкой цена;core_use_geo
чистые растения для аквариума для переднего плана по москве с доставкой;core_use_geo
купить чистые растения для аквариума для переднего плана по москве с доставкой;core_use_geo
заказать чистые растения для аквариума для переднего плана по москве с доставкой;core_use_geo
чистые растения для аквариума для переднего плана по москве с доставкой цена;core_use_geo
чистые растения для аквариума для переднего плана для москвы и области;core_use_geo
купить чистые растения для аквариума для переднего плана для москвы и области;core_use_geo
заказать чистые растения для аквариума для переднего плана для москвы и области;core_use_geo
чистые растения для аквариума для переднего плана для москвы и области цена;core_use_geo
чистые растения для аквариума для среднего плана;core_use
купить чистые растения для аквариума для среднего плана;core_use
заказать чистые растения для аквариума для среднего плана;core_use
где купить чистые растения для аквариума для среднего плана;core_use
чистые растения для аквариума для среднего плана цена;core_use
чистые растения для аквариума для среднего плана отзывы;core_use
как выбрать чистые растения для аквариума для среднего плана;core_use
как посадить чистые растения для аквариума для среднего плана;core_use
чистые растения для аквариума для среднего плана в москве;core_use_geo
купить чистые растения для аквариума для среднего плана в москве;core_use_geo
заказать чистые растения для аквариума для среднего плана в москве;core_use_geo
чистые растения для аквариума для среднего плана в москве цена;core_use_geo
чистые растения для аквариума для среднего плана по москве;core_use_geo
купить чистые растения для аквариума для среднего плана по москве;core_use_geo
заказать чистые растения для аквариума для среднего плана по москве;core_use_geo
чистые растения для аквариума для среднего плана по москве цена;core_use_geo
чистые растения для аквариума для среднего плана по московской области;core_use_geo
купить чистые растения для аквариума для среднего плана по московской области;core_use_geo
заказать чистые растения для аквариума для среднего плана по московской области;core_use_geo
чистые растения для аквариума для среднего плана по московской области цена;core_use_geo
чистые растения для аквариума для среднего плана в москве с доставкой;core_use_geo
купить чистые растения для аквариума для среднего плана в москве с доставкой;core_use_geo
заказать чистые растения для аквариума для среднего плана в москве с доставкой;core_use_geo
чистые растения для аквариума для среднего плана в москве с доставкой цена;core_use_geo
чистые растения для аквариума для среднего плана по москве с доставкой;core_use_geo
купить чистые растения для аквариума для среднего плана по москве с доставкой;core_use_geo
заказать чистые растения для аквариума для среднего плана по москве с доставкой;core_use_geo
чистые растения для аквариума для среднего плана по москве с доставкой цена;core_use_geo
чистые растения для аквариума для среднего плана для москвы и области;core_use_geo
купить чистые растения для аквариума для среднего плана для москвы и области;core_use_geo
заказать чистые растения для аквариума для среднего плана для москвы и области;core_use_geo
чистые растения для аквариума для среднего плана для москвы и области цена;core_use_geo
чистые растения для аквариума для заднего плана;core_use
купить чистые растения для аквариума для заднего плана;core_use
заказать чистые растения для аквариума для заднего плана;core_use
где купить чистые растения для аквариума для заднего плана;core_use
чистые растения для аквариума для заднего плана цена;core_use
чистые растения для аквариума для заднего плана отзывы;core_use
как выбрать чистые растения для аквариума для заднего плана;core_use
как посадить чистые растения для аквариума для заднего плана;core_use
чистые растения для аквариума для заднего плана в москве;core_use_geo
купить чистые растения для аквариума для заднего плана в москве;core_use_geo
заказать чистые растения для аквариума для заднего плана в москве;core_use_geo
чистые растения для аквариума для заднего плана в москве цена;core_use_geo
чистые растения для аквариума для заднего плана по москве;core_use_geo
купить чистые растения для аквариума для заднего плана по москве;core_use_geo
заказать чистые растения для аквариума для заднего плана по москве;core_use_geo
чистые растения для аквариума для заднего плана по москве цена;core_use_geo
чистые растения для аквариума для заднего плана по московской области;core_use_geo
купить чистые растения для аквариума для заднего плана по московской области;core_use_geo
заказать чистые растения для аквариума для заднего плана по московской области;core_use_geo
чистые растения для аквариума для заднего плана по московской области цена;core_use_geo
чистые растения для аквариума для заднего плана в москве с доставкой;core_use_geo
купить чистые растения для аквариума для заднего плана в москве с доставкой;core_use_geo
заказать чистые растения для аквариума для заднего плана в москве с доставкой;core_use_geo
чистые растения для аквариума для заднего плана в москве с доставкой цена;core_use_geo
чистые растения для аквариума для заднего плана по москве с доставкой;core_use_geo
купить чистые растения для аквариума для заднего плана по москве с доставкой;core_use_geo
заказать чистые растения для аквариума для заднего плана по москве с доставкой;core_use_geo
чистые растения для аквариума для заднего плана по москве с доставкой цена;core_use_geo
чистые растения для аквариума для заднего плана для москвы и области;core_use_geo
купить чистые растения для аквариума для заднего плана для москвы и области;core_use_geo
заказать чистые растения для аквариума для заднего плана для москвы и области;core_use_geo
чистые растения для аквариума для заднего плана для москвы и области цена;core_use_geo
чистые растения для аквариума для нано аквариума;core_use
купить чистые растения для аквариума для нано аквариума;core_use
заказать чистые растения для аквариума для нано аквариума;core_use
где купить чистые растения для аквариума для нано аквариума;core_use
чистые растения для аквариума для нано аквариума цена;core_use
чистые растения для аквариума для нано аквариума отзывы;core_use
как выбрать чистые растения для аквариума для нано аквариума;core_use
как посадить чистые растения для аквариума для нано аквариума;core_use
чистые растения для аквариума для нано аквариума в москве;core_use_geo
купить чистые растения для аквариума для нано аквариума в москве;core_use_geo
заказать чистые растения для аквариума для нано аквариума в москве;core_use_geo
чистые растения для аквариума для нано аквариума в москве цена;core_use_geo
чистые растения для аквариума для нано аквариума по москве;core_use_geo
купить чистые растения для аквариума для нано аквариума по москве;core_use_geo
заказать чистые растения для аквариума для нано аквариума по москве;core_use_geo
чистые растения для аквариума для нано аквариума по москве цена;core_use_geo
чистые растения для аквариума для нано аквариума по московской области;core_use_geo
купить чистые растения для аквариума для нано аквариума по московской области;core_use_geo
заказать чистые растения для аквариума для нано аквариума по московской области;core_use_geo
чистые растения для аквариума для нано аквариума по московской области цена;core_use_geo
чистые растения для аквариума для нано аквариума в москве с доставкой;core_use_geo
купить чистые растения для аквариума для нано аквариума в москве с доставкой;core_use_geo
заказать чистые растения для аквариума для нано аквариума в москве с доставкой;core_use_geo
чистые растения для аквариума для нано аквариума в москве с доставкой цена;core_use_geo
чистые растения для аквариума для нано аквариума по москве с доставкой;core_use_geo
купить чистые растения для аквариума для нано аквариума по москве с доставкой;core_use_geo
заказать чистые растения для аквариума для нано аквариума по москве с доставкой;core_use_geo
чистые растения для аквариума для нано аквариума по москве с доставкой цена;core_use_geo
чистые растения для аквариума для нано аквариума для москвы и области;core_use_geo
купить чистые растения для аквариума для нано аквариума для москвы и области;core_use_geo
заказать чистые растения для аквариума для нано аквариума для москвы и области;core_use_geo
чистые растения для аквариума для нано аквариума для москвы и области цена;core_use_geo
чистые растения для аквариума для креветочника;core_use
купить чистые растения для аквариума для креветочника;core_use
заказать чистые растения для аквариума для креветочника;core_use
где купить чистые растения для аквариума для креветочника;core_use
чистые растения для аквариума для креветочника цена;core_use
чистые растения для аквариума для креветочника отзывы;core_use
как выбрать чистые растения для аквариума для креветочника;core_use
как посадить чистые растения для аквариума для креветочника;core_use
чистые растения для аквариума для креветочника в москве;core_use_geo
купить чистые растения для аквариума для креветочника в москве;core_use_geo
заказать чистые растения для аквариума для креветочника в москве;core_use_geo
чистые растения для аквариума для креветочника в москве цена;core_use_geo
чистые растения для аквариума для креветочника по москве;core_use_geo
купить чистые растения для аквариума для креветочника по москве;core_use_geo
заказать чистые растения для аквариума для креветочника по москве;core_use_geo
чистые растения для аквариума для креветочника по москве цена;core_use_geo
чистые растения для аквариума для креветочника по московской области;core_use_geo
купить чистые растения для аквариума для креветочника по московской области;core_use_geo
заказать чистые растения для аквариума для креветочника по московской области;core_use_geo
чистые растения для аквариума для креветочника по московской области цена;core_use_geo
чистые растения для аквариума для креветочника в москве с доставкой;core_use_geo
купить чистые растения для аквариума для креветочника в москве с доставкой;core_use_geo
заказать чистые растения для аквариума для креветочника в москве с доставкой;core_use_geo
чистые растения для аквариума для креветочника в москве с доставкой цена;core_use_geo
чистые растения для аквариума для креветочника по москве с доставкой;core_use_geo
купить чистые растения для аквариума для креветочника по москве с доставкой;core_use_geo
заказать чистые растения для аквариума для креветочника по москве с доставкой;core_use_geo
чистые растения для аквариума для креветочника по москве с доставкой цена;core_use_geo
чистые растения для аквариума для креветочника для москвы и области;core_use_geo
купить чистые растения для аквариума для креветочника для москвы и области;core_use_geo
заказать чистые растения для аквариума для креветочника для москвы и области;core_use_geo
чистые растения для аквариума для креветочника для москвы и области цена;core_use_geo
чистые растения для аквариума для природного аквариума;core_use
купить чистые растения для аквариума для природного аквариума;core_use
заказать чистые растения для аквариума для природного аквариума;core_use
где купить чистые растения для аквариума для природного аквариума;core_use
чистые растения для аквариума для природного аквариума цена;core_use
чистые растения для аквариума для природного аквариума отзывы;core_use
как выбрать чистые растения для аквариума для природного аквариума;core_use
как посадить чистые растения для аквариума для природного аквариума;core_use
чистые растения для аквариума для природного аквариума в москве;core_use_geo
купить чистые растения для аквариума для природного аквариума в москве;core_use_geo
заказать чистые растения для аквариума для природного аквариума в москве;core_use_geo
чистые растения для аквариума для природного аквариума в москве цена;core_use_geo
чистые растения для аквариума для природного аквариума по москве;core_use_geo
купить чистые растения для аквариума для природного аквариума по москве;core_use_geo
заказать чистые растения для аквариума для природного аквариума по москве;core_use_geo
чистые растения для аквариума для природного аквариума по москве цена;core_use_geo
чистые растения для аквариума для природного аквариума по московской области;core_use_geo
купить чистые растения для аквариума для природного аквариума по московской области;core_use_geo
заказать чистые растения для аквариума для природного аквариума по московской области;core_use_geo
чистые растения для аквариума для природного аквариума по московской области цена;core_use_geo
чистые растения для аквариума для природного аквариума в москве с доставкой;core_use_geo
купить чистые растения для аквариума для природного аквариума в москве с доставкой;core_use_geo
заказать чистые растения для аквариума для природного аквариума в москве с доставкой;core_use_geo
чистые растения для аквариума для природного аквариума в москве с доставкой цена;core_use_geo
чистые растения для аквариума для природного аквариума по москве с доставкой;core_use_geo
купить чистые растения для аквариума для природного аквариума по москве с доставкой;core_use_geo
заказать чистые растения для аквариума для природного аквариума по москве с доставкой;core_use_geo
чистые растения для аквариума для природного аквариума по москве с доставкой цена;core_use_geo
чистые растения для аквариума для природного аквариума для москвы и области;core_use_geo
купить чистые растения для аквариума для природного аквариума для москвы и области;core_use_geo
заказать чистые растения для аквариума для природного аквариума для москвы и области;core_use_geo
чистые растения для аквариума для природного аквариума для москвы и области цена;core_use_geo
чистые растения для аквариума для голландского аквариума;core_use
купить чистые растения для аквариума для голландского аквариума;core_use
заказать чистые растения для аквариума для голландского аквариума;core_use
где купить чистые растения для аквариума для голландского аквариума;core_use
чистые растения для аквариума для голландского аквариума цена;core_use
чистые растения для аквариума для голландского аквариума отзывы;core_use
как выбрать чистые растения для аквариума для голландского аквариума;core_use
как посадить чистые растения для аквариума для голландского аквариума;core_use
чистые растения для аквариума для голландского аквариума в москве;core_use_geo
купить чистые растения для аквариума для голландского аквариума в москве;core_use_geo
заказать чистые растения для аквариума для голландского аквариума в москве;core_use_geo
чистые растения для аквариума для голландского аквариума в москве цена;core_use_geo
чистые растения для аквариума для голландского аквариума по москве;core_use_geo
купить чистые растения для аквариума для голландского аквариума по москве;core_use_geo
заказать чистые растения для аквариума для голландского аквариума по москве;core_use_geo
чистые растения для аквариума для голландского аквариума по москве цена;core_use_geo
чистые растения для аквариума для голландского аквариума по московской области;core_use_geo
купить чистые растения для аквариума для голландского аквариума по московской области;core_use_geo
заказать чистые растения для аквариума для голландского аквариума по московской области;core_use_geo
чистые растения для аквариума для голландского аквариума по московской области цена;core_use_geo
чистые растения для аквариума для голландского аквариума в москве с доставкой;core_use_geo
купить чистые растения для аквариума для голландского аквариума в москве с доставкой;core_use_geo
заказать чистые растения для аквариума для голландского аквариума в москве с доставкой;core_use_geo
чистые растения для аквариума для голландского аквариума в москве с доставкой цена;core_use_geo
чистые растения для аквариума для голландского аквариума по москве с доставкой;core_use_geo
купить чистые растения для аквариума для голландского аквариума по москве с доставкой;core_use_geo
заказать чистые растения для аквариума для голландского аквариума по москве с доставкой;core_use_geo
чистые растения для аквариума для голландского аквариума по москве с доставкой цена;core_use_geo
чистые растения для аквариума для голландского аквариума для москвы и области;core_use_geo
купить чистые растения для аквариума для голландского аквариума для москвы и области;core_use_geo
заказать чистые растения для аквариума для голландского аквариума для москвы и области;core_use_geo
чистые растения для аквариума для голландского аквариума для москвы и области цена;core_use_geo
чистые растения для аквариума для оформления аквариума;core_use
купить чистые растения для аквариума для оформления аквариума;core_use
заказать чистые растения для аквариума для оформления аквариума;core_use
где купить чистые растения для аквариума для оформления аквариума;core_use
чистые растения для аквариума для оформления аквариума цена;core_use
чистые растения для аквариума для оформления аквариума отзывы;core_use
как выбрать чистые растения для аквариума для оформления аквариума;core_use
как посадить чистые растения для аквариума для оформления аквариума;core_use
чистые растения для аквариума для оформления аквариума в москве;core_use_geo
купить чистые растения для аквариума для оформления аквариума в москве;core_use_geo
заказать чистые растения для аквариума для оформления аквариума в москве;core_use_geo
чистые растения для аквариума для оформления аквариума в москве цена;core_use_geo
чистые растения для аквариума для оформления аквариума по москве;core_use_geo
купить чистые растения для аквариума для оформления аквариума по москве;core_use_geo
заказать чистые растения для аквариума для оформления аквариума по москве;core_use_geo
чистые растения для аквариума для оформления аквариума по москве цена;core_use_geo
чистые растения для аквариума для оформления аквариума по московской области;core_use_geo
купить чистые растения для аквариума для оформления аквариума по московской области;core_use_geo
заказать чистые растения для аквариума для оформления аквариума по московской области;core_use_geo
чистые растения для аквариума для оформления аквариума по московской области цена;core_use_geo
чистые растения для аквариума для оформления аквариума в москве с доставкой;core_use_geo
купить чистые растения для аквариума для оформления аквариума в москве с доставкой;core_use_geo
заказать чистые растения для аквариума для оформления аквариума в москве с доставкой;core_use_geo
чистые растения для аквариума для оформления аквариума в москве с доставкой цена;core_use_geo
чистые растения для аквариума для оформления аквариума по москве с доставкой;core_use_geo
купить чистые растения для аквариума для оформления аквариума по москве с доставкой;core_use_geo
заказать чистые растения для аквариума для оформления аквариума по москве с доставкой;core_use_geo
чистые растения для аквариума для оформления аквариума по москве с доставкой цена;core_use_geo
чистые растения для аквариума для оформления аквариума для москвы и области;core_use_geo
купить чистые растения для аквариума для оформления аквариума для москвы и области;core_use_geo
заказать чистые растения для аквариума для оформления аквариума для москвы и области;core_use_geo
чистые растения для аквариума для оформления аквариума для москвы и области цена;core_use_geo
чистые растения для аквариума для аквариумного дизайна;core_use
купить чистые растения для аквариума для аквариумного дизайна;core_use
заказать чистые растения для аквариума для аквариумного дизайна;core_use
где купить чистые растения для аквариума для аквариумного дизайна;core_use
чистые растения для аквариума для аквариумного дизайна цена;core_use
чистые растения для аквариума для аквариумного дизайна отзывы;core_use
как выбрать чистые растения для аквариума для аквариумного дизайна;core_use
как посадить чистые растения для аквариума для аквариумного дизайна;core_use
чистые растения для аквариума для аквариумного дизайна в москве;core_use_geo
купить чистые растения для аквариума для аквариумного дизайна в москве;core_use_geo
заказать чистые растения для аквариума для аквариумного дизайна в москве;core_use_geo
чистые растения для аквариума для аквариумного дизайна в москве цена;core_use_geo
чистые растения для аквариума для аквариумного дизайна по москве;core_use_geo
купить чистые растения для аквариума для аквариумного дизайна по москве;core_use_geo
заказать чистые растения для аквариума для аквариумного дизайна по москве;core_use_geo
чистые растения для аквариума для аквариумного дизайна по москве цена;core_use_geo
чистые растения для аквариума для аквариумного дизайна по московской области;core_use_geo
купить чистые растения для аквариума для аквариумного дизайна по московской области;core_use_geo
заказать чистые растения для аквариума для аквариумного дизайна по московской области;core_use_geo
чистые растения для аквариума для аквариумного дизайна по московской области цена;core_use_geo
чистые растения для аквариума для аквариумного дизайна в москве с доставкой;core_use_geo
купить чистые растения для аквариума для аквариумного дизайна в москве с доставкой;core_use_geo
заказать чистые растения для аквариума для аквариумного дизайна в москве с доставкой;core_use_geo
чистые растения для аквариума для аквариумного дизайна в москве с доставкой цена;core_use_geo
чистые растения для аквариума для аквариумного дизайна по москве с доставкой;core_use_geo
купить чистые растения для аквариума для аквариумного дизайна по москве с доставкой;core_use_geo
заказать чистые растения для аквариума для аквариумного дизайна по москве с доставкой;core_use_geo
чистые растения для аквариума для аквариумного дизайна по москве с доставкой цена;core_use_geo
чистые растения для аквариума для аквариумного дизайна для москвы и области;core_use_geo
купить чистые растения для аквариума для аквариумного дизайна для москвы и области;core_use_geo
заказать чистые растения для аквариума для аквариумного дизайна для москвы и области;core_use_geo
чистые растения для аквариума для аквариумного дизайна для москвы и области цена;core_use_geo
чистые растения для аквариума для плотной посадки;core_use
купить чистые растения для аквариума для плотной посадки;core_use
заказать чистые растения для аквариума для плотной посадки;core_use
где купить чистые растения для аквариума для плотной посадки;core_use
чистые растения для аквариума для плотной посадки цена;core_use
чистые растения для аквариума для плотной посадки отзывы;core_use
как выбрать чистые растения для аквариума для плотной посадки;core_use
как посадить чистые растения для аквариума для плотной посадки;core_use
чистые растения для аквариума для плотной посадки в москве;core_use_geo
купить чистые растения для аквариума для плотной посадки в москве;core_use_geo
заказать чистые растения для аквариума для плотной посадки в москве;core_use_geo
чистые растения для аквариума для плотной посадки в москве цена;core_use_geo
чистые растения для аквариума для плотной посадки по москве;core_use_geo
купить чистые растения для аквариума для плотной посадки по москве;core_use_geo
заказать чистые растения для аквариума для плотной посадки по москве;core_use_geo
чистые растения для аквариума для плотной посадки по москве цена;core_use_geo
чистые растения для аквариума для плотной посадки по московской области;core_use_geo
купить чистые растения для аквариума для плотной посадки по московской области;core_use_geo
заказать чистые растения для аквариума для плотной посадки по московской области;core_use_geo
чистые растения для аквариума для плотной посадки по московской области цена;core_use_geo
чистые растения для аквариума для плотной посадки в москве с доставкой;core_use_geo
купить чистые растения для аквариума для плотной посадки в москве с доставкой;core_use_geo
заказать чистые растения для аквариума для плотной посадки в москве с доставкой;core_use_geo
чистые растения для аквариума для плотной посадки в москве с доставкой цена;core_use_geo
чистые растения для аквариума для плотной посадки по москве с доставкой;core_use_geo
купить чистые растения для аквариума для плотной посадки по москве с доставкой;core_use_geo
заказать чистые растения для аквариума для плотной посадки по москве с доставкой;core_use_geo
чистые растения для аквариума для плотной посадки по москве с доставкой цена;core_use_geo
чистые растения для аквариума для плотной посадки для москвы и области;core_use_geo
купить чистые растения для аквариума для плотной посадки для москвы и области;core_use_geo
заказать чистые растения для аквариума для плотной посадки для москвы и области;core_use_geo
чистые растения для аквариума для плотной посадки для москвы и области цена;core_use_geo
чистые растения для аквариума для чистого старта;core_use
купить чистые растения для аквариума для чистого старта;core_use
заказать чистые растения для аквариума для чистого старта;core_use
где купить чистые растения для аквариума для чистого старта;core_use
чистые растения для аквариума для чистого старта цена;core_use
чистые растения для аквариума для чистого старта отзывы;core_use
как выбрать чистые растения для аквариума для чистого старта;core_use
как посадить чистые растения для аквариума для чистого старта;core_use
чистые растения для аквариума для чистого старта в москве;core_use_geo
купить чистые растения для аквариума для чистого старта в москве;core_use_geo
заказать чистые растения для аквариума для чистого старта в москве;core_use_geo
чистые растения для аквариума для чистого старта в москве цена;core_use_geo
чистые растения для аквариума для чистого старта по москве;core_use_geo
купить чистые растения для аквариума для чистого старта по москве;core_use_geo
заказать чистые растения для аквариума для чистого старта по москве;core_use_geo
чистые растения для аквариума для чистого старта по москве цена;core_use_geo
чистые растения для аквариума для чистого старта по московской области;core_use_geo
купить чистые растения для аквариума для чистого старта по московской области;core_use_geo
заказать чистые растения для аквариума для чистого старта по московской области;core_use_geo
чистые растения для аквариума для чистого старта по московской области цена;core_use_geo
чистые растения для аквариума для чистого старта в москве с доставкой;core_use_geo
купить чистые растения для аквариума для чистого старта в москве с доставкой;core_use_geo
заказать чистые растения для аквариума для чистого старта в москве с доставкой;core_use_geo
чистые растения для аквариума для чистого старта в москве с доставкой цена;core_use_geo
чистые растения для аквариума для чистого старта по москве с доставкой;core_use_geo
купить чистые растения для аквариума для чистого старта по москве с доставкой;core_use_geo
заказать чистые растения для аквариума для чистого старта по москве с доставкой;core_use_geo
чистые растения для аквариума для чистого старта по москве с доставкой цена;core_use_geo
чистые растения для аквариума для чистого старта для москвы и области;core_use_geo
купить чистые растения для аквариума для чистого старта для москвы и области;core_use_geo
заказать чистые растения для аквариума для чистого старта для москвы и области;core_use_geo
чистые растения для аквариума для чистого старта для москвы и области цена;core_use_geo
купить чистые растения для аквариума для красивого аквариума;core_use
заказать чистые растения для аквариума для красивого аквариума;core_use
где купить чистые растения для аквариума для красивого аквариума;core_use
чистые растения для аквариума для красивого аквариума цена;core_use
чистые растения для аквариума для красивого аквариума отзывы;core_use
как выбрать чистые растения для аквариума для красивого аквариума;core_use
как посадить чистые растения для аквариума для красивого аквариума;core_use
чистые растения для аквариума для красивого аквариума в москве;core_use_geo
купить чистые растения для аквариума для красивого аквариума в москве;core_use_geo
заказать чистые растения для аквариума для красивого аквариума в москве;core_use_geo
чистые растения для аквариума для красивого аквариума в москве цена;core_use_geo
чистые растения для аквариума для красивого аквариума по москве;core_use_geo
купить чистые растения для аквариума для красивого аквариума по москве;core_use_geo
заказать чистые растения для аквариума для красивого аквариума по москве;core_use_geo
чистые растения для аквариума для красивого аквариума по москве цена;core_use_geo
чистые растения для аквариума для красивого аквариума по московской области;core_use_geo
купить чистые растения для аквариума для красивого аквариума по московской области;core_use_geo
заказать чистые растения для аквариума для красивого аквариума по московской области;core_use_geo
чистые растения для аквариума для красивого аквариума по московской области цена;core_use_geo
чистые растения для аквариума для красивого аквариума в москве с доставкой;core_use_geo
купить чистые растения для аквариума для красивого аквариума в москве с доставкой;core_use_geo
заказать чистые растения для аквариума для красивого аквариума в москве с доставкой;core_use_geo
чистые растения для аквариума для красивого аквариума в москве с доставкой цена;core_use_geo
чистые растения для аквариума для красивого аквариума по москве с доставкой;core_use_geo
купить чистые растения для аквариума для красивого аквариума по москве с доставкой;core_use_geo
заказать чистые растения для аквариума для красивого аквариума по москве с доставкой;core_use_geo
чистые растения для аквариума для красивого аквариума по москве с доставкой цена;core_use_geo
чистые растения для аквариума для красивого аквариума для москвы и области;core_use_geo
купить чистые растения для аквариума для красивого аквариума для москвы и области;core_use_geo
заказать чистые растения для аквариума для красивого аквариума для москвы и области;core_use_geo
чистые растения для аквариума для красивого аквариума для москвы и области цена;core_use_geo
купить чистые растения для аквариума для здорового аквариума;core_use
заказать чистые растения для аквариума для здорового аквариума;core_use
где купить чистые растения для аквариума для здорового аквариума;core_use
чистые растения для аквариума для здорового аквариума цена;core_use
чистые растения для аквариума для здорового аквариума отзывы;core_use
как выбрать чистые растения для аквариума для здорового аквариума;core_use
как посадить чистые растения для аквариума для здорового аквариума;core_use
чистые растения для аквариума для здорового аквариума в москве;core_use_geo
купить чистые растения для аквариума для здорового аквариума в москве;core_use_geo
заказать чистые растения для аквариума для здорового аквариума в москве;core_use_geo
чистые растения для аквариума для здорового аквариума в москве цена;core_use_geo
чистые растения для аквариума для здорового аквариума по москве;core_use_geo
купить чистые растения для аквариума для здорового аквариума по москве;core_use_geo
заказать чистые растения для аквариума для здорового аквариума по москве;core_use_geo
чистые растения для аквариума для здорового аквариума по москве цена;core_use_geo
чистые растения для аквариума для здорового аквариума по московской области;core_use_geo
купить чистые растения для аквариума для здорового аквариума по московской области;core_use_geo
заказать чистые растения для аквариума для здорового аквариума по московской области;core_use_geo
чистые растения для аквариума для здорового аквариума по московской области цена;core_use_geo
чистые растения для аквариума для здорового аквариума в москве с доставкой;core_use_geo
купить чистые растения для аквариума для здорового аквариума в москве с доставкой;core_use_geo
заказать чистые растения для аквариума для здорового аквариума в москве с доставкой;core_use_geo
чистые растения для аквариума для здорового аквариума в москве с доставкой цена;core_use_geo
чистые растения для аквариума для здорового аквариума по москве с доставкой;core_use_geo
купить чистые растения для аквариума для здорового аквариума по москве с доставкой;core_use_geo
заказать чистые растения для аквариума для здорового аквариума по москве с доставкой;core_use_geo
чистые растения для аквариума для здорового аквариума по москве с доставкой цена;core_use_geo
чистые растения для аквариума для здорового аквариума для москвы и области;core_use_geo
купить чистые растения для аквариума для здорового аквариума для москвы и области;core_use_geo
заказать чистые растения для аквариума для здорового аквариума для москвы и области;core_use_geo
чистые растения для аквариума для здорового аквариума для москвы и области цена;core_use_geo
чистые растения для аквариума для домашнего аквариума;core_use
купить чистые растения для аквариума для домашнего аквариума;core_use
заказать чистые растения для аквариума для домашнего аквариума;core_use
где купить чистые растения для аквариума для домашнего аквариума;core_use
чистые растения для аквариума для домашнего аквариума цена;core_use
чистые растения для аквариума для домашнего аквариума отзывы;core_use
как выбрать чистые растения для аквариума для домашнего аквариума;core_use
как посадить чистые растения для аквариума для домашнего аквариума;core_use
чистые растения для аквариума для домашнего аквариума в москве;core_use_geo
купить чистые растения для аквариума для домашнего аквариума в москве;core_use_geo
заказать чистые растения для аквариума для домашнего аквариума в москве;core_use_geo
чистые растения для аквариума для домашнего аквариума в москве цена;core_use_geo
чистые растения для аквариума для домашнего аквариума по москве;core_use_geo
купить чистые растения для аквариума для домашнего аквариума по москве;core_use_geo
заказать чистые растения для аквариума для домашнего аквариума по москве;core_use_geo
чистые растения для аквариума для домашнего аквариума по москве цена;core_use_geo
чистые растения для аквариума для домашнего аквариума по московской области;core_use_geo
купить чистые растения для аквариума для домашнего аквариума по московской области;core_use_geo
заказать чистые растения для аквариума для домашнего аквариума по московской области;core_use_geo
чистые растения для аквариума для домашнего аквариума по московской области цена;core_use_geo
чистые растения для аквариума для домашнего аквариума в москве с доставкой;core_use_geo
купить чистые растения для аквариума для домашнего аквариума в москве с доставкой;core_use_geo
заказать чистые растения для аквариума для домашнего аквариума в москве с доставкой;core_use_geo
чистые растения для аквариума для домашнего аквариума в москве с доставкой цена;core_use_geo
чистые растения для аквариума для домашнего аквариума по москве с доставкой;core_use_geo
купить чистые растения для аквариума для домашнего аквариума по москве с доставкой;core_use_geo
заказать чистые растения для аквариума для домашнего аквариума по москве с доставкой;core_use_geo
чистые растения для аквариума для домашнего аквариума по москве с доставкой цена;core_use_geo
чистые растения для аквариума для домашнего аквариума для москвы и области;core_use_geo
купить чистые растения для аквариума для домашнего аквариума для москвы и области;core_use_geo
заказать чистые растения для аквариума для домашнего аквариума для москвы и области;core_use_geo
чистые растения для аквариума для домашнего аквариума для москвы и области цена;core_use_geo
чистые растения для аквариума для профессионального аквариума;core_use
купить чистые растения для аквариума для профессионального аквариума;core_use
заказать чистые растения для аквариума для профессионального аквариума;core_use
где купить чистые растения для аквариума для профессионального аквариума;core_use
чистые растения для аквариума для профессионального аквариума цена;core_use
чистые растения для аквариума для профессионального аквариума отзывы;core_use
как выбрать чистые растения для аквариума для профессионального аквариума;core_use
как посадить чистые растения для аквариума для профессионального аквариума;core_use
чистые растения для аквариума для профессионального аквариума в москве;core_use_geo
купить чистые растения для аквариума для профессионального аквариума в москве;core_use_geo
заказать чистые растения для аквариума для профессионального аквариума в москве;core_use_geo
чистые растения для аквариума для профессионального аквариума в москве цена;core_use_geo
чистые растения для аквариума для профессионального аквариума по москве;core_use_geo
купить чистые растения для аквариума для профессионального аквариума по москве;core_use_geo
заказать чистые растения для аквариума для профессионального аквариума по москве;core_use_geo
чистые растения для аквариума для профессионального аквариума по москве цена;core_use_geo
чистые растения для аквариума для профессионального аквариума по московской области;core_use_geo
купить чистые растения для аквариума для профессионального аквариума по московской области;core_use_geo
заказать чистые растения для аквариума для профессионального аквариума по московской области;core_use_geo
чистые растения для аквариума для профессионального аквариума по московской области цена;core_use_geo
чистые растения для аквариума для профессионального аквариума в москве с доставкой;core_use_geo
купить чистые растения для аквариума для профессионального аквариума в москве с доставкой;core_use_geo
заказать чистые растения для аквариума для профессионального аквариума в москве с доставкой;core_use_geo
чистые растения для аквариума для профессионального аквариума в москве с доставкой цена;core_use_geo
чистые растения для аквариума для профессионального аквариума по москве с доставкой;core_use_geo
купить чистые растения для аквариума для профессионального аквариума по москве с доставкой;core_use_geo
заказать чистые растения для аквариума для профессионального аквариума по москве с доставкой;core_use_geo
чистые растения для аквариума для профессионального аквариума по москве с доставкой цена;core_use_geo
чистые растения для аквариума для профессионального аквариума для москвы и области;core_use_geo
купить чистые растения для аквариума для профессионального аквариума для москвы и области;core_use_geo
заказать чистые растения для аквариума для профессионального аквариума для москвы и области;core_use_geo
чистые растения для аквариума для профессионального аквариума для москвы и области цена;core_use_geo
чистые растения для аквариума для посадки на корягу;core_use
купить чистые растения для аквариума для посадки на корягу;core_use
заказать чистые растения для аквариума для посадки на корягу;core_use
где купить чистые растения для аквариума для посадки на корягу;core_use
чистые растения для аквариума для посадки на корягу цена;core_use
чистые растения для аквариума для посадки на корягу отзывы;core_use
как выбрать чистые растения для аквариума для посадки на корягу;core_use
как посадить чистые растения для аквариума для посадки на корягу;core_use
чистые растения для аквариума для посадки на корягу в москве;core_use_geo
купить чистые растения для аквариума для посадки на корягу в москве;core_use_geo
заказать чистые растения для аквариума для посадки на корягу в москве;core_use_geo
чистые растения для аквариума для посадки на корягу в москве цена;core_use_geo
чистые растения для аквариума для посадки на корягу по москве;core_use_geo
купить чистые растения для аквариума для посадки на корягу по москве;core_use_geo
заказать чистые растения для аквариума для посадки на корягу по москве;core_use_geo
чистые растения для аквариума для посадки на корягу по москве цена;core_use_geo
чистые растения для аквариума для посадки на корягу по московской области;core_use_geo
купить чистые растения для аквариума для посадки на корягу по московской области;core_use_geo
заказать чистые растения для аквариума для посадки на корягу по московской области;core_use_geo
чистые растения для аквариума для посадки на корягу по московской области цена;core_use_geo
чистые растения для аквариума для посадки на корягу в москве с доставкой;core_use_geo
купить чистые растения для аквариума для посадки на корягу в москве с доставкой;core_use_geo
заказать чистые растения для аквариума для посадки на корягу в москве с доставкой;core_use_geo
чистые растения для аквариума для посадки на корягу в москве с доставкой цена;core_use_geo
чистые растения для аквариума для посадки на корягу по москве с доставкой;core_use_geo
купить чистые растения для аквариума для посадки на корягу по москве с доставкой;core_use_geo
заказать чистые растения для аквариума для посадки на корягу по москве с доставкой;core_use_geo
чистые растения для аквариума для посадки на корягу по москве с доставкой цена;core_use_geo
чистые растения для аквариума для посадки на корягу для москвы и области;core_use_geo
купить чистые растения для аквариума для посадки на корягу для москвы и области;core_use_geo
заказать чистые растения для аквариума для посадки на корягу для москвы и области;core_use_geo
чистые растения для аквариума для посадки на корягу для москвы и области цена;core_use_geo
чистые растения для аквариума для посадки на камни;core_use
купить чистые растения для аквариума для посадки на камни;core_use
заказать чистые растения для аквариума для посадки на камни;core_use
где купить чистые растения для аквариума для посадки на камни;core_use
чистые растения для аквариума для посадки на камни цена;core_use
чистые растения для аквариума для посадки на камни отзывы;core_use
как выбрать чистые растения для аквариума для посадки на камни;core_use
как посадить чистые растения для аквариума для посадки на камни;core_use
чистые растения для аквариума для посадки на камни в москве;core_use_geo
купить чистые растения для аквариума для посадки на камни в москве;core_use_geo
заказать чистые растения для аквариума для посадки на камни в москве;core_use_geo
чистые растения для аквариума для посадки на камни в москве цена;core_use_geo
чистые растения для аквариума для посадки на камни по москве;core_use_geo
купить чистые растения для аквариума для посадки на камни по москве;core_use_geo
заказать чистые растения для аквариума для посадки на камни по москве;core_use_geo
чистые растения для аквариума для посадки на камни по москве цена;core_use_geo
чистые растения для аквариума для посадки на камни по московской области;core_use_geo
купить чистые растения для аквариума для посадки на камни по московской области;core_use_geo
заказать чистые растения для аквариума для посадки на камни по московской области;core_use_geo
чистые растения для аквариума для посадки на камни по московской области цена;core_use_geo
чистые растения для аквариума для посадки на камни в москве с доставкой;core_use_geo
купить чистые растения для аквариума для посадки на камни в москве с доставкой;core_use_geo
заказать чистые растения для аквариума для посадки на камни в москве с доставкой;core_use_geo
чистые растения для аквариума для посадки на камни в москве с доставкой цена;core_use_geo
чистые растения для аквариума для посадки на камни по москве с доставкой;core_use_geo
купить чистые растения для аквариума для посадки на камни по москве с доставкой;core_use_geo
заказать чистые растения для аквариума для посадки на камни по москве с доставкой;core_use_geo
чистые растения для аквариума для посадки на камни по москве с доставкой цена;core_use_geo
чистые растения для аквариума для посадки на камни для москвы и области;core_use_geo
купить чистые растения для аквариума для посадки на камни для москвы и области;core_use_geo
заказать чистые растения для аквариума для посадки на камни для москвы и области;core_use_geo
чистые растения для аквариума для посадки на камни для москвы и области цена;core_use_geo
чистые растения для аквариума без улиток;core_benefit
купить чистые растения для аквариума без улиток;core_benefit
заказать чистые растения для аквариума без улиток;core_benefit
чистые растения для аквариума без улиток цена;core_benefit
чистые растения для аквариума без улиток отзывы;core_benefit
как выбрать чистые растения для аквариума без улиток;core_benefit
чистые растения для аквариума без улиток в москве;core_benefit_geo
купить чистые растения для аквариума без улиток в москве;core_benefit_geo
чистые растения для аквариума без улиток в москве цена;core_benefit_geo
чистые растения для аквариума без улиток по москве;core_benefit_geo
купить чистые растения для аквариума без улиток по москве;core_benefit_geo
чистые растения для аквариума без улиток по москве цена;core_benefit_geo
чистые растения для аквариума без улиток по московской области;core_benefit_geo
купить чистые растения для аквариума без улиток по московской области;core_benefit_geo
чистые растения для аквариума без улиток по московской области цена;core_benefit_geo
чистые растения для аквариума без улиток в москве с доставкой;core_benefit_geo
купить чистые растения для аквариума без улиток в москве с доставкой;core_benefit_geo
чистые растения для аквариума без улиток в москве с доставкой цена;core_benefit_geo
чистые растения для аквариума без улиток по москве с доставкой;core_benefit_geo
купить чистые растения для аквариума без улиток по москве с доставкой;core_benefit_geo
чистые растения для аквариума без улиток по москве с доставкой цена;core_benefit_geo
чистые растения для аквариума без улиток для москвы и области;core_benefit_geo
купить чистые растения для аквариума без улиток для москвы и области;core_benefit_geo
чистые растения для аквариума без улиток для москвы и области цена;core_benefit_geo
чистые растения для аквариума без водорослей;core_benefit
купить чистые растения для аквариума без водорослей;core_benefit
заказать чистые растения для аквариума без водорослей;core_benefit
чистые растения для аквариума без водорослей цена;core_benefit
чистые растения для аквариума без водорослей отзывы;core_benefit
как выбрать чистые растения для аквариума без водорослей;core_benefit
чистые растения для аквариума без водорослей в москве;core_benefit_geo
купить чистые растения для аквариума без водорослей в москве;core_benefit_geo
чистые растения для аквариума без водорослей в москве цена;core_benefit_geo
чистые растения для аквариума без водорослей по москве;core_benefit_geo
купить чистые растения для аквариума без водорослей по москве;core_benefit_geo
чистые растения для аквариума без водорослей по москве цена;core_benefit_geo
чистые растения для аквариума без водорослей по московской области;core_benefit_geo
купить чистые растения для аквариума без водорослей по московской области;core_benefit_geo
чистые растения для аквариума без водорослей по московской области цена;core_benefit_geo
чистые растения для аквариума без водорослей в москве с доставкой;core_benefit_geo
купить чистые растения для аквариума без водорослей в москве с доставкой;core_benefit_geo
чистые растения для аквариума без водорослей в москве с доставкой цена;core_benefit_geo
чистые растения для аквариума без водорослей по москве с доставкой;core_benefit_geo
купить чистые растения для аквариума без водорослей по москве с доставкой;core_benefit_geo
чистые растения для аквариума без водорослей по москве с доставкой цена;core_benefit_geo
чистые растения для аквариума без водорослей для москвы и области;core_benefit_geo
купить чистые растения для аквариума без водорослей для москвы и области;core_benefit_geo
чистые растения для аквариума без водорослей для москвы и области цена;core_benefit_geo
чистые растения для аквариума стерильные;core_benefit
купить чистые растения для аквариума стерильные;core_benefit
заказать чистые растения для аквариума стерильные;core_benefit
чистые растения для аквариума стерильные цена;core_benefit
чистые растения для аквариума стерильные отзывы;core_benefit
как выбрать чистые растения для аквариума стерильные;core_benefit
чистые растения для аквариума стерильные в москве;core_benefit_geo
купить чистые растения для аквариума стерильные в москве;core_benefit_geo
чистые растения для аквариума стерильные в москве цена;core_benefit_geo
чистые растения для аквариума стерильные по москве;core_benefit_geo
купить чистые растения для аквариума стерильные по москве;core_benefit_geo
чистые растения для аквариума стерильные по москве цена;core_benefit_geo
чистые растения для аквариума стерильные по московской области;core_benefit_geo
купить чистые растения для аквариума стерильные по московской области;core_benefit_geo
чистые растения для аквариума стерильные по московской области цена;core_benefit_geo
чистые растения для аквариума стерильные в москве с доставкой;core_benefit_geo
купить чистые растения для аквариума стерильные в москве с доставкой;core_benefit_geo
чистые растения для аквариума стерильные в москве с доставкой цена;core_benefit_geo
чистые растения для аквариума стерильные по москве с доставкой;core_benefit_geo
купить чистые растения для аквариума стерильные по москве с доставкой;core_benefit_geo
чистые растения для аквариума стерильные по москве с доставкой цена;core_benefit_geo
чистые растения для аквариума стерильные для москвы и области;core_benefit_geo
купить чистые растения для аквариума стерильные для москвы и области;core_benefit_geo
чистые растения для аквариума стерильные для москвы и области цена;core_benefit_geo
чистые растения для аквариума in vitro;core_benefit
купить чистые растения для аквариума in vitro;core_benefit
заказать чистые растения для аквариума in vitro;core_benefit
чистые растения для аквариума in vitro цена;core_benefit
чистые растения для аквариума in vitro отзывы;core_benefit
как выбрать чистые растения для аквариума in vitro;core_benefit
чистые растения для аквариума in vitro в москве;core_benefit_geo
купить чистые растения для аквариума in vitro в москве;core_benefit_geo
чистые растения для аквариума in vitro в москве цена;core_benefit_geo
чистые растения для аквариума in vitro по москве;core_benefit_geo
купить чистые растения для аквариума in vitro по москве;core_benefit_geo
чистые растения для аквариума in vitro по москве цена;core_benefit_geo
чистые растения для аквариума in vitro по московской области;core_benefit_geo
купить чистые растения для аквариума in vitro по московской области;core_benefit_geo
чистые растения для аквариума in vitro по московской области цена;core_benefit_geo
чистые растения для аквариума in vitro в москве с доставкой;core_benefit_geo
купить чистые растения для аквариума in vitro в москве с доставкой;core_benefit_geo
чистые растения для аквариума in vitro в москве с доставкой цена;core_benefit_geo
чистые растения для аквариума in vitro по москве с доставкой;core_benefit_geo
купить чистые растения для аквариума in vitro по москве с доставкой;core_benefit_geo
чистые растения для аквариума in vitro по москве с доставкой цена;core_benefit_geo
чистые растения для аквариума in vitro для москвы и области;core_benefit_geo
купить чистые растения для аквариума in vitro для москвы и области;core_benefit_geo
чистые растения для аквариума in vitro для москвы и области цена;core_benefit_geo
чистые растения для аквариума в баночке;core_benefit
купить чистые растения для аквариума в баночке;core_benefit
заказать чистые растения для аквариума в баночке;core_benefit
чистые растения для аквариума в баночке цена;core_benefit
чистые растения для аквариума в баночке отзывы;core_benefit
как выбрать чистые растения для аквариума в баночке;core_benefit
чистые растения для аквариума в баночке в москве;core_benefit_geo
купить чистые растения для аквариума в баночке в москве;core_benefit_geo
чистые растения для аквариума в баночке в москве цена;core_benefit_geo
чистые растения для аквариума в баночке по москве;core_benefit_geo
купить чистые растения для аквариума в баночке по москве;core_benefit_geo
чистые растения для аквариума в баночке по москве цена;core_benefit_geo
чистые растения для аквариума в баночке по московской области;core_benefit_geo
купить чистые растения для аквариума в баночке по московской области;core_benefit_geo
чистые растения для аквариума в баночке по московской области цена;core_benefit_geo
чистые растения для аквариума в баночке в москве с доставкой;core_benefit_geo
купить чистые растения для аквариума в баночке в москве с доставкой;core_benefit_geo
чистые растения для аквариума в баночке в москве с доставкой цена;core_benefit_geo
чистые растения для аквариума в баночке по москве с доставкой;core_benefit_geo
купить чистые растения для аквариума в баночке по москве с доставкой;core_benefit_geo
чистые растения для аквариума в баночке по москве с доставкой цена;core_benefit_geo
чистые растения для аквариума в баночке для москвы и области;core_benefit_geo
купить чистые растения для аквариума в баночке для москвы и области;core_benefit_geo
чистые растения для аквариума в баночке для москвы и области цена;core_benefit_geo
чистые растения для аквариума в контейнере;core_benefit
купить чистые растения для аквариума в контейнере;core_benefit
заказать чистые растения для аквариума в контейнере;core_benefit
чистые растения для аквариума в контейнере цена;core_benefit
чистые растения для аквариума в контейнере отзывы;core_benefit
как выбрать чистые растения для аквариума в контейнере;core_benefit
чистые растения для аквариума в контейнере в москве;core_benefit_geo
купить чистые растения для аквариума в контейнере в москве;core_benefit_geo
чистые растения для аквариума в контейнере в москве цена;core_benefit_geo
чистые растения для аквариума в контейнере по москве;core_benefit_geo
купить чистые растения для аквариума в контейнере по москве;core_benefit_geo
чистые растения для аквариума в контейнере по москве цена;core_benefit_geo
чистые растения для аквариума в контейнере по московской области;core_benefit_geo
купить чистые растения для аквариума в контейнере по московской области;core_benefit_geo
чистые растения для аквариума в контейнере по московской области цена;core_benefit_geo
чистые растения для аквариума в контейнере в москве с доставкой;core_benefit_geo
купить чистые растения для аквариума в контейнере в москве с доставкой;core_benefit_geo
чистые растения для аквариума в контейнере в москве с доставкой цена;core_benefit_geo
чистые растения для аквариума в контейнере по москве с доставкой;core_benefit_geo
купить чистые растения для аквариума в контейнере по москве с доставкой;core_benefit_geo
чистые растения для аквариума в контейнере по москве с доставкой цена;core_benefit_geo
чистые растения для аквариума в контейнере для москвы и области;core_benefit_geo
купить чистые растения для аквариума в контейнере для москвы и области;core_benefit_geo
чистые растения для аквариума в контейнере для москвы и области цена;core_benefit_geo
чистые растения для аквариума с чистым стартом;core_benefit
купить чистые растения для аквариума с чистым стартом;core_benefit
заказать чистые растения для аквариума с чистым стартом;core_benefit
чистые растения для аквариума с чистым стартом цена;core_benefit
чистые растения для аквариума с чистым стартом отзывы;core_benefit
как выбрать чистые растения для аквариума с чистым стартом;core_benefit
чистые растения для аквариума с чистым стартом в москве;core_benefit_geo
купить чистые растения для аквариума с чистым стартом в москве;core_benefit_geo
чистые растения для аквариума с чистым стартом в москве цена;core_benefit_geo
чистые растения для аквариума с чистым стартом по москве;core_benefit_geo
купить чистые растения для аквариума с чистым стартом по москве;core_benefit_geo
чистые растения для аквариума с чистым стартом по москве цена;core_benefit_geo
чистые растения для аквариума с чистым стартом по московской области;core_benefit_geo
купить чистые растения для аквариума с чистым стартом по московской области;core_benefit_geo
чистые растения для аквариума с чистым стартом по московской области цена;core_benefit_geo
чистые растения для аквариума с чистым стартом в москве с доставкой;core_benefit_geo
купить чистые растения для аквариума с чистым стартом в москве с доставкой;core_benefit_geo
чистые растения для аквариума с чистым стартом в москве с доставкой цена;core_benefit_geo
чистые растения для аквариума с чистым стартом по москве с доставкой;core_benefit_geo
купить чистые растения для аквариума с чистым стартом по москве с доставкой;core_benefit_geo
чистые растения для аквариума с чистым стартом по москве с доставкой цена;core_benefit_geo
чистые растения для аквариума с чистым стартом для москвы и области;core_benefit_geo
купить чистые растения для аквариума с чистым стартом для москвы и области;core_benefit_geo
чистые растения для аквариума с чистым стартом для москвы и области цена;core_benefit_geo
чистые растения для аквариума для быстрой посадки;core_benefit
купить чистые растения для аквариума для быстрой посадки;core_benefit
заказать чистые растения для аквариума для быстрой посадки;core_benefit
чистые растения для аквариума для быстрой посадки цена;core_benefit
чистые растения для аквариума для быстрой посадки отзывы;core_benefit
как выбрать чистые растения для аквариума для быстрой посадки;core_benefit
чистые растения для аквариума для быстрой посадки в москве;core_benefit_geo
купить чистые растения для аквариума для быстрой посадки в москве;core_benefit_geo
чистые растения для аквариума для быстрой посадки в москве цена;core_benefit_geo
чистые растения для аквариума для быстрой посадки по москве;core_benefit_geo
купить чистые растения для аквариума для быстрой посадки по москве;core_benefit_geo
чистые растения для аквариума для быстрой посадки по москве цена;core_benefit_geo
чистые растения для аквариума для быстрой посадки по московской области;core_benefit_geo
купить чистые растения для аквариума для быстрой посадки по московской области;core_benefit_geo
чистые растения для аквариума для быстрой посадки по московской области цена;core_benefit_geo
чистые растения для аквариума для быстрой посадки в москве с доставкой;core_benefit_geo
купить чистые растения для аквариума для быстрой посадки в москве с доставкой;core_benefit_geo
чистые растения для аквариума для быстрой посадки в москве с доставкой цена;core_benefit_geo
чистые растения для аквариума для быстрой посадки по москве с доставкой;core_benefit_geo
купить чистые растения для аквариума для быстрой посадки по москве с доставкой;core_benefit_geo
чистые растения для аквариума для быстрой посадки по москве с доставкой цена;core_benefit_geo
чистые растения для аквариума для быстрой посадки для москвы и области;core_benefit_geo
купить чистые растения для аквариума для быстрой посадки для москвы и области;core_benefit_geo
чистые растения для аквариума для быстрой посадки для москвы и области цена;core_benefit_geo
чистые растения для аквариума для аккуратной посадки;core_benefit
купить чистые растения для аквариума для аккуратной посадки;core_benefit
заказать чистые растения для аквариума для аккуратной посадки;core_benefit
чистые растения для аквариума для аккуратной посадки цена;core_benefit
чистые растения для аквариума для аккуратной посадки отзывы;core_benefit
как выбрать чистые растения для аквариума для аккуратной посадки;core_benefit
чистые растения для аквариума для аккуратной посадки в москве;core_benefit_geo
купить чистые растения для аквариума для аккуратной посадки в москве;core_benefit_geo
чистые растения для аквариума для аккуратной посадки в москве цена;core_benefit_geo
чистые растения для аквариума для аккуратной посадки по москве;core_benefit_geo
купить чистые растения для аквариума для аккуратной посадки по москве;core_benefit_geo
чистые растения для аквариума для аккуратной посадки по москве цена;core_benefit_geo
чистые растения для аквариума для аккуратной посадки по московской области;core_benefit_geo
купить чистые растения для аквариума для аккуратной посадки по московской области;core_benefit_geo
чистые растения для аквариума для аккуратной посадки по московской области цена;core_benefit_geo
чистые растения для аквариума для аккуратной посадки в москве с доставкой;core_benefit_geo
купить чистые растения для аквариума для аккуратной посадки в москве с доставкой;core_benefit_geo
чистые растения для аквариума для аккуратной посадки в москве с доставкой цена;core_benefit_geo
чистые растения для аквариума для аккуратной посадки по москве с доставкой;core_benefit_geo
купить чистые растения для аквариума для аккуратной посадки по москве с доставкой;core_benefit_geo
чистые растения для аквариума для аккуратной посадки по москве с доставкой цена;core_benefit_geo
чистые растения для аквариума для аккуратной посадки для москвы и области;core_benefit_geo
купить чистые растения для аквариума для аккуратной посадки для москвы и области;core_benefit_geo
чистые растения для аквариума для аккуратной посадки для москвы и области цена;core_benefit_geo
чистые растения для аквариума для безопасного запуска;core_benefit
купить чистые растения для аквариума для безопасного запуска;core_benefit
заказать чистые растения для аквариума для безопасного запуска;core_benefit
чистые растения для аквариума для безопасного запуска цена;core_benefit
чистые растения для аквариума для безопасного запуска отзывы;core_benefit
как выбрать чистые растения для аквариума для безопасного запуска;core_benefit
чистые растения для аквариума для безопасного запуска в москве;core_benefit_geo
купить чистые растения для аквариума для безопасного запуска в москве;core_benefit_geo
чистые растения для аквариума для безопасного запуска в москве цена;core_benefit_geo
чистые растения для аквариума для безопасного запуска по москве;core_benefit_geo
купить чистые растения для аквариума для безопасного запуска по москве;core_benefit_geo
чистые растения для аквариума для безопасного запуска по москве цена;core_benefit_geo
чистые растения для аквариума для безопасного запуска по московской области;core_benefit_geo
купить чистые растения для аквариума для безопасного запуска по московской области;core_benefit_geo
чистые растения для аквариума для безопасного запуска по московской области цена;core_benefit_geo
чистые растения для аквариума для безопасного запуска в москве с доставкой;core_benefit_geo
купить чистые растения для аквариума для безопасного запуска в москве с доставкой;core_benefit_geo
чистые растения для аквариума для безопасного запуска в москве с доставкой цена;core_benefit_geo
чистые растения для аквариума для безопасного запуска по москве с доставкой;core_benefit_geo
купить чистые растения для аквариума для безопасного запуска по москве с доставкой;core_benefit_geo
чистые растения для аквариума для безопасного запуска по москве с доставкой цена;core_benefit_geo
чистые растения для аквариума для безопасного запуска для москвы и области;core_benefit_geo
купить чистые растения для аквариума для безопасного запуска для москвы и области;core_benefit_geo
чистые растения для аквариума для безопасного запуска для москвы и области цена;core_benefit_geo
чистые растения для аквариума для плотного ковра;core_benefit
купить чистые растения для аквариума для плотного ковра;core_benefit
заказать чистые растения для аквариума для плотного ковра;core_benefit
чистые растения для аквариума для плотного ковра цена;core_benefit
чистые растения для аквариума для плотного ковра отзывы;core_benefit
как выбрать чистые растения для аквариума для плотного ковра;core_benefit
чистые растения для аквариума для плотного ковра в москве;core_benefit_geo
купить чистые растения для аквариума для плотного ковра в москве;core_benefit_geo
чистые растения для аквариума для плотного ковра в москве цена;core_benefit_geo
чистые растения для аквариума для плотного ковра по москве;core_benefit_geo
купить чистые растения для аквариума для плотного ковра по москве;core_benefit_geo
чистые растения для аквариума для плотного ковра по москве цена;core_benefit_geo
чистые растения для аквариума для плотного ковра по московской области;core_benefit_geo
купить чистые растения для аквариума для плотного ковра по московской области;core_benefit_geo
чистые растения для аквариума для плотного ковра по московской области цена;core_benefit_geo
чистые растения для аквариума для плотного ковра в москве с доставкой;core_benefit_geo
купить чистые растения для аквариума для плотного ковра в москве с доставкой;core_benefit_geo
чистые растения для аквариума для плотного ковра в москве с доставкой цена;core_benefit_geo
чистые растения для аквариума для плотного ковра по москве с доставкой;core_benefit_geo
купить чистые растения для аквариума для плотного ковра по москве с доставкой;core_benefit_geo
чистые растения для аквариума для плотного ковра по москве с доставкой цена;core_benefit_geo
чистые растения для аквариума для плотного ковра для москвы и области;core_benefit_geo
купить чистые растения для аквариума для плотного ковра для москвы и области;core_benefit_geo
чистые растения для аквариума для плотного ковра для москвы и области цена;core_benefit_geo
чистые растения для аквариума для яркого акцента;core_benefit
купить чистые растения для аквариума для яркого акцента;core_benefit
заказать чистые растения для аквариума для яркого акцента;core_benefit
чистые растения для аквариума для яркого акцента цена;core_benefit
чистые растения для аквариума для яркого акцента отзывы;core_benefit
как выбрать чистые растения для аквариума для яркого акцента;core_benefit
чистые растения для аквариума для яркого акцента в москве;core_benefit_geo
купить чистые растения для аквариума для яркого акцента в москве;core_benefit_geo
чистые растения для аквариума для яркого акцента в москве цена;core_benefit_geo
чистые растения для аквариума для яркого акцента по москве;core_benefit_geo
купить чистые растения для аквариума для яркого акцента по москве;core_benefit_geo
чистые растения для аквариума для яркого акцента по москве цена;core_benefit_geo
чистые растения для аквариума для яркого акцента по московской области;core_benefit_geo
купить чистые растения для аквариума для яркого акцента по московской области;core_benefit_geo
чистые растения для аквариума для яркого акцента по московской области цена;core_benefit_geo
чистые растения для аквариума для яркого акцента в москве с доставкой;core_benefit_geo
купить чистые растения для аквариума для яркого акцента в москве с доставкой;core_benefit_geo
чистые растения для аквариума для яркого акцента в москве с доставкой цена;core_benefit_geo
чистые растения для аквариума для яркого акцента по москве с доставкой;core_benefit_geo
купить чистые растения для аквариума для яркого акцента по москве с доставкой;core_benefit_geo
чистые растения для аквариума для яркого акцента по москве с доставкой цена;core_benefit_geo
чистые растения для аквариума для яркого акцента для москвы и области;core_benefit_geo
купить чистые растения для аквариума для яркого акцента для москвы и области;core_benefit_geo
чистые растения для аквариума для яркого акцента для москвы и области цена;core_benefit_geo
чистые растения для аквариума для аквариума 20 литров;core_volume
купить чистые растения для аквариума для аквариума 20 литров;core_volume
заказать чистые растения для аквариума для аквариума 20 литров;core_volume
чистые растения для аквариума для аквариума 20 литров цена;core_volume
как выбрать чистые растения для аквариума для аквариума 20 литров;core_volume
чистые растения для аквариума для аквариума 30 литров;core_volume
купить чистые растения для аквариума для аквариума 30 литров;core_volume
заказать чистые растения для аквариума для аквариума 30 литров;core_volume
чистые растения для аквариума для аквариума 30 литров цена;core_volume
как выбрать чистые растения для аквариума для аквариума 30 литров;core_volume
чистые растения для аквариума для аквариума 40 литров;core_volume
купить чистые растения для аквариума для аквариума 40 литров;core_volume
заказать чистые растения для аквариума для аквариума 40 литров;core_volume
чистые растения для аквариума для аквариума 40 литров цена;core_volume
как выбрать чистые растения для аквариума для аквариума 40 литров;core_volume
чистые растения для аквариума для аквариума 50 литров;core_volume
купить чистые растения для аквариума для аквариума 50 литров;core_volume
заказать чистые растения для аквариума для аквариума 50 литров;core_volume
чистые растения для аквариума для аквариума 50 литров цена;core_volume
как выбрать чистые растения для аквариума для аквариума 50 литров;core_volume
чистые растения для аквариума для аквариума 60 литров;core_volume
купить чистые растения для аквариума для аквариума 60 литров;core_volume
заказать чистые растения для аквариума для аквариума 60 литров;core_volume
чистые растения для аквариума для аквариума 60 литров цена;core_volume
как выбрать чистые растения для аквариума для аквариума 60 литров;core_volume
чистые растения для аквариума для аквариума 80 литров;core_volume
купить чистые растения для аквариума для аквариума 80 литров;core_volume
заказать чистые растения для аквариума для аквариума 80 литров;core_volume
чистые растения для аквариума для аквариума 80 литров цена;core_volume
как выбрать чистые растения для аквариума для аквариума 80 литров;core_volume
чистые растения для аквариума для аквариума 100 литров;core_volume
купить чистые растения для аквариума для аквариума 100 литров;core_volume
заказать чистые растения для аквариума для аквариума 100 литров;core_volume
чистые растения для аквариума для аквариума 100 литров цена;core_volume
как выбрать чистые растения для аквариума для аквариума 100 литров;core_volume
чистые растения для аквариума для аквариума 120 литров;core_volume
купить чистые растения для аквариума для аквариума 120 литров;core_volume
заказать чистые растения для аквариума для аквариума 120 литров;core_volume
чистые растения для аквариума для аквариума 120 литров цена;core_volume
как выбрать чистые растения для аквариума для аквариума 120 литров;core_volume
чистые растения для аквариума для аквариума 200 литров;core_volume
купить чистые растения для аквариума для аквариума 200 литров;core_volume
заказать чистые растения для аквариума для аквариума 200 литров;core_volume
чистые растения для аквариума для аквариума 200 литров цена;core_volume
как выбрать чистые растения для аквариума для аквариума 200 литров;core_volume
купить живые растения для аквариума;core_commercial
заказать живые растения для аквариума;core_commercial
где купить живые растения для аквариума;core_commercial
где заказать живые растения для аквариума;core_commercial
живые растения для аквариума цена;core_commercial
живые растения для аквариума цены;core_commercial
живые растения для аквариума стоимость;core_commercial
живые растения для аквариума прайс;core_commercial
живые растения для аквариума наличие;core_commercial
живые растения для аквариума каталог;core_commercial
живые растения для аквариума отзывы;core_commercial
живые растения для аквариума доставка;core_commercial
живые растения для аквариума в наличии;core_commercial
как выбрать живые растения для аквариума;core_info
как заказать живые растения для аквариума;core_info
как купить живые растения для аквариума;core_info
как посадить живые растения для аквариума;core_info
как сажать живые растения для аквариума;core_info
живые растения для аквариума для начинающих;core_info
живые растения для аквариума для чистого запуска;core_info
живые растения для аквариума что выбрать;core_info
живые растения для аквариума как оформить заказ;core_info
живые растения для аквариума для красивого аквариума;core_info
живые растения для аквариума для здорового аквариума;core_info
живые растения для аквариума в москве;core_geo
купить живые растения для аквариума в москве;core_geo
заказать живые растения для аквариума в москве;core_geo
где купить живые растения для аквариума в москве;core_geo
живые растения для аквариума в москве цена;core_geo
живые растения для аквариума в москве наличие;core_geo
живые растения для аквариума по москве;core_geo
купить живые растения для аквариума по москве;core_geo
заказать живые растения для аквариума по москве;core_geo
где купить живые растения для аквариума по москве;core_geo
живые растения для аквариума по москве цена;core_geo
живые растения для аквариума по москве наличие;core_geo
живые растения для аквариума по московской области;core_geo
купить живые растения для аквариума по московской области;core_geo
заказать живые растения для аквариума по московской области;core_geo
где купить живые растения для аквариума по московской области;core_geo
живые растения для аквариума по московской области цена;core_geo
живые растения для аквариума по московской области наличие;core_geo
живые растения для аквариума в москве с доставкой;core_geo
купить живые растения для аквариума в москве с доставкой;core_geo
заказать живые растения для аквариума в москве с доставкой;core_geo
где купить живые растения для аквариума в москве с доставкой;core_geo
живые растения для аквариума в москве с доставкой цена;core_geo
живые растения для аквариума в москве с доставкой наличие;core_geo
живые растения для аквариума по москве с доставкой;core_geo
купить живые растения для аквариума по москве с доставкой;core_geo
заказать живые растения для аквариума по москве с доставкой;core_geo
где купить живые растения для аквариума по москве с доставкой;core_geo
живые растения для аквариума по москве с доставкой цена;core_geo
живые растения для аквариума по москве с доставкой наличие;core_geo
живые растения для аквариума для москвы и области;core_geo
купить живые растения для аквариума для москвы и области;core_geo
заказать живые растения для аквариума для москвы и области;core_geo
где купить живые растения для аквариума для москвы и области;core_geo
живые растения для аквариума для москвы и области цена;core_geo
живые растения для аквариума для москвы и области наличие;core_geo
живые растения для аквариума для акваскейпа;core_use
купить живые растения для аквариума для акваскейпа;core_use
заказать живые растения для аквариума для акваскейпа;core_use
где купить живые растения для аквариума для акваскейпа;core_use
живые растения для аквариума для акваскейпа цена;core_use
живые растения для аквариума для акваскейпа отзывы;core_use
как выбрать живые растения для аквариума для акваскейпа;core_use
как посадить живые растения для аквариума для акваскейпа;core_use
живые растения для аквариума для акваскейпа в москве;core_use_geo
купить живые растения для аквариума для акваскейпа в москве;core_use_geo
заказать живые растения для аквариума для акваскейпа в москве;core_use_geo
живые растения для аквариума для акваскейпа в москве цена;core_use_geo
живые растения для аквариума для акваскейпа по москве;core_use_geo
купить живые растения для аквариума для акваскейпа по москве;core_use_geo
заказать живые растения для аквариума для акваскейпа по москве;core_use_geo
живые растения для аквариума для акваскейпа по москве цена;core_use_geo
живые растения для аквариума для акваскейпа по московской области;core_use_geo
купить живые растения для аквариума для акваскейпа по московской области;core_use_geo
заказать живые растения для аквариума для акваскейпа по московской области;core_use_geo
живые растения для аквариума для акваскейпа по московской области цена;core_use_geo
живые растения для аквариума для акваскейпа в москве с доставкой;core_use_geo
купить живые растения для аквариума для акваскейпа в москве с доставкой;core_use_geo
заказать живые растения для аквариума для акваскейпа в москве с доставкой;core_use_geo
живые растения для аквариума для акваскейпа в москве с доставкой цена;core_use_geo
живые растения для аквариума для акваскейпа по москве с доставкой;core_use_geo
купить живые растения для аквариума для акваскейпа по москве с доставкой;core_use_geo
заказать живые растения для аквариума для акваскейпа по москве с доставкой;core_use_geo
живые растения для аквариума для акваскейпа по москве с доставкой цена;core_use_geo
живые растения для аквариума для акваскейпа для москвы и области;core_use_geo
купить живые растения для аквариума для акваскейпа для москвы и области;core_use_geo
заказать живые растения для аквариума для акваскейпа для москвы и области;core_use_geo
живые растения для аквариума для акваскейпа для москвы и области цена;core_use_geo
живые растения для аквариума для травника;core_use
купить живые растения для аквариума для травника;core_use
заказать живые растения для аквариума для травника;core_use
где купить живые растения для аквариума для травника;core_use
живые растения для аквариума для травника цена;core_use
живые растения для аквариума для травника отзывы;core_use
как выбрать живые растения для аквариума для травника;core_use
как посадить живые растения для аквариума для травника;core_use
живые растения для аквариума для травника в москве;core_use_geo
купить живые растения для аквариума для травника в москве;core_use_geo
заказать живые растения для аквариума для травника в москве;core_use_geo
живые растения для аквариума для травника в москве цена;core_use_geo
живые растения для аквариума для травника по москве;core_use_geo
купить живые растения для аквариума для травника по москве;core_use_geo
заказать живые растения для аквариума для травника по москве;core_use_geo
живые растения для аквариума для травника по москве цена;core_use_geo
живые растения для аквариума для травника по московской области;core_use_geo
купить живые растения для аквариума для травника по московской области;core_use_geo
заказать живые растения для аквариума для травника по московской области;core_use_geo
живые растения для аквариума для травника по московской области цена;core_use_geo
живые растения для аквариума для травника в москве с доставкой;core_use_geo
купить живые растения для аквариума для травника в москве с доставкой;core_use_geo
заказать живые растения для аквариума для травника в москве с доставкой;core_use_geo
живые растения для аквариума для травника в москве с доставкой цена;core_use_geo
живые растения для аквариума для травника по москве с доставкой;core_use_geo
купить живые растения для аквариума для травника по москве с доставкой;core_use_geo
заказать живые растения для аквариума для травника по москве с доставкой;core_use_geo
живые растения для аквариума для травника по москве с доставкой цена;core_use_geo
живые растения для аквариума для травника для москвы и области;core_use_geo
купить живые растения для аквариума для травника для москвы и области;core_use_geo
заказать живые растения для аквариума для травника для москвы и области;core_use_geo
живые растения для аквариума для травника для москвы и области цена;core_use_geo
живые растения для аквариума для запуска аквариума;core_use
купить живые растения для аквариума для запуска аквариума;core_use
заказать живые растения для аквариума для запуска аквариума;core_use
где купить живые растения для аквариума для запуска аквариума;core_use
живые растения для аквариума для запуска аквариума цена;core_use
живые растения для аквариума для запуска аквариума отзывы;core_use
как выбрать живые растения для аквариума для запуска аквариума;core_use
как посадить живые растения для аквариума для запуска аквариума;core_use
живые растения для аквариума для запуска аквариума в москве;core_use_geo
купить живые растения для аквариума для запуска аквариума в москве;core_use_geo
заказать живые растения для аквариума для запуска аквариума в москве;core_use_geo
живые растения для аквариума для запуска аквариума в москве цена;core_use_geo
живые растения для аквариума для запуска аквариума по москве;core_use_geo
купить живые растения для аквариума для запуска аквариума по москве;core_use_geo
заказать живые растения для аквариума для запуска аквариума по москве;core_use_geo
живые растения для аквариума для запуска аквариума по москве цена;core_use_geo
живые растения для аквариума для запуска аквариума по московской области;core_use_geo
купить живые растения для аквариума для запуска аквариума по московской области;core_use_geo
заказать живые растения для аквариума для запуска аквариума по московской области;core_use_geo
живые растения для аквариума для запуска аквариума по московской области цена;core_use_geo
живые растения для аквариума для запуска аквариума в москве с доставкой;core_use_geo
купить живые растения для аквариума для запуска аквариума в москве с доставкой;core_use_geo
заказать живые растения для аквариума для запуска аквариума в москве с доставкой;core_use_geo
живые растения для аквариума для запуска аквариума в москве с доставкой цена;core_use_geo
живые растения для аквариума для запуска аквариума по москве с доставкой;core_use_geo
купить живые растения для аквариума для запуска аквариума по москве с доставкой;core_use_geo
заказать живые растения для аквариума для запуска аквариума по москве с доставкой;core_use_geo
живые растения для аквариума для запуска аквариума по москве с доставкой цена;core_use_geo
живые растения для аквариума для запуска аквариума для москвы и области;core_use_geo
купить живые растения для аквариума для запуска аквариума для москвы и области;core_use_geo
заказать живые растения для аквариума для запуска аквариума для москвы и области;core_use_geo
живые растения для аквариума для запуска аквариума для москвы и области цена;core_use_geo
живые растения для аквариума для нового аквариума;core_use
купить живые растения для аквариума для нового аквариума;core_use
заказать живые растения для аквариума для нового аквариума;core_use
где купить живые растения для аквариума для нового аквариума;core_use
живые растения для аквариума для нового аквариума цена;core_use
живые растения для аквариума для нового аквариума отзывы;core_use
как выбрать живые растения для аквариума для нового аквариума;core_use
как посадить живые растения для аквариума для нового аквариума;core_use
живые растения для аквариума для нового аквариума в москве;core_use_geo
купить живые растения для аквариума для нового аквариума в москве;core_use_geo
заказать живые растения для аквариума для нового аквариума в москве;core_use_geo
живые растения для аквариума для нового аквариума в москве цена;core_use_geo
живые растения для аквариума для нового аквариума по москве;core_use_geo
купить живые растения для аквариума для нового аквариума по москве;core_use_geo
заказать живые растения для аквариума для нового аквариума по москве;core_use_geo
живые растения для аквариума для нового аквариума по москве цена;core_use_geo
живые растения для аквариума для нового аквариума по московской области;core_use_geo
купить живые растения для аквариума для нового аквариума по московской области;core_use_geo
заказать живые растения для аквариума для нового аквариума по московской области;core_use_geo
живые растения для аквариума для нового аквариума по московской области цена;core_use_geo
живые растения для аквариума для нового аквариума в москве с доставкой;core_use_geo
купить живые растения для аквариума для нового аквариума в москве с доставкой;core_use_geo
заказать живые растения для аквариума для нового аквариума в москве с доставкой;core_use_geo
живые растения для аквариума для нового аквариума в москве с доставкой цена;core_use_geo
живые растения для аквариума для нового аквариума по москве с доставкой;core_use_geo
купить живые растения для аквариума для нового аквариума по москве с доставкой;core_use_geo
заказать живые растения для аквариума для нового аквариума по москве с доставкой;core_use_geo
живые растения для аквариума для нового аквариума по москве с доставкой цена;core_use_geo
живые растения для аквариума для нового аквариума для москвы и области;core_use_geo
купить живые растения для аквариума для нового аквариума для москвы и области;core_use_geo
заказать живые растения для аквариума для нового аквариума для москвы и области;core_use_geo
живые растения для аквариума для нового аквариума для москвы и области цена;core_use_geo
живые растения для аквариума для переднего плана;core_use
купить живые растения для аквариума для переднего плана;core_use
заказать живые растения для аквариума для переднего плана;core_use
где купить живые растения для аквариума для переднего плана;core_use
живые растения для аквариума для переднего плана цена;core_use
живые растения для аквариума для переднего плана отзывы;core_use
как выбрать живые растения для аквариума для переднего плана;core_use
как посадить живые растения для аквариума для переднего плана;core_use
живые растения для аквариума для переднего плана в москве;core_use_geo
купить живые растения для аквариума для переднего плана в москве;core_use_geo
заказать живые растения для аквариума для переднего плана в москве;core_use_geo
живые растения для аквариума для переднего плана в москве цена;core_use_geo
живые растения для аквариума для переднего плана по москве;core_use_geo
купить живые растения для аквариума для переднего плана по москве;core_use_geo
заказать живые растения для аквариума для переднего плана по москве;core_use_geo
живые растения для аквариума для переднего плана по москве цена;core_use_geo
живые растения для аквариума для переднего плана по московской области;core_use_geo
купить живые растения для аквариума для переднего плана по московской области;core_use_geo
заказать живые растения для аквариума для переднего плана по московской области;core_use_geo
живые растения для аквариума для переднего плана по московской области цена;core_use_geo
живые растения для аквариума для переднего плана в москве с доставкой;core_use_geo
купить живые растения для аквариума для переднего плана в москве с доставкой;core_use_geo
заказать живые растения для аквариума для переднего плана в москве с доставкой;core_use_geo
живые растения для аквариума для переднего плана в москве с доставкой цена;core_use_geo
живые растения для аквариума для переднего плана по москве с доставкой;core_use_geo
купить живые растения для аквариума для переднего плана по москве с доставкой;core_use_geo
заказать живые растения для аквариума для переднего плана по москве с доставкой;core_use_geo
живые растения для аквариума для переднего плана по москве с доставкой цена;core_use_geo
живые растения для аквариума для переднего плана для москвы и области;core_use_geo
купить живые растения для аквариума для переднего плана для москвы и области;core_use_geo
заказать живые растения для аквариума для переднего плана для москвы и области;core_use_geo
живые растения для аквариума для переднего плана для москвы и области цена;core_use_geo
живые растения для аквариума для среднего плана;core_use
купить живые растения для аквариума для среднего плана;core_use
заказать живые растения для аквариума для среднего плана;core_use
где купить живые растения для аквариума для среднего плана;core_use
живые растения для аквариума для среднего плана цена;core_use
живые растения для аквариума для среднего плана отзывы;core_use
как выбрать живые растения для аквариума для среднего плана;core_use
как посадить живые растения для аквариума для среднего плана;core_use
живые растения для аквариума для среднего плана в москве;core_use_geo
купить живые растения для аквариума для среднего плана в москве;core_use_geo
заказать живые растения для аквариума для среднего плана в москве;core_use_geo
живые растения для аквариума для среднего плана в москве цена;core_use_geo
живые растения для аквариума для среднего плана по москве;core_use_geo
купить живые растения для аквариума для среднего плана по москве;core_use_geo
заказать живые растения для аквариума для среднего плана по москве;core_use_geo
живые растения для аквариума для среднего плана по москве цена;core_use_geo
живые растения для аквариума для среднего плана по московской области;core_use_geo
купить живые растения для аквариума для среднего плана по московской области;core_use_geo
заказать живые растения для аквариума для среднего плана по московской области;core_use_geo
живые растения для аквариума для среднего плана по московской области цена;core_use_geo
живые растения для аквариума для среднего плана в москве с доставкой;core_use_geo
купить живые растения для аквариума для среднего плана в москве с доставкой;core_use_geo
заказать живые растения для аквариума для среднего плана в москве с доставкой;core_use_geo
живые растения для аквариума для среднего плана в москве с доставкой цена;core_use_geo
живые растения для аквариума для среднего плана по москве с доставкой;core_use_geo
купить живые растения для аквариума для среднего плана по москве с доставкой;core_use_geo
заказать живые растения для аквариума для среднего плана по москве с доставкой;core_use_geo
живые растения для аквариума для среднего плана по москве с доставкой цена;core_use_geo
живые растения для аквариума для среднего плана для москвы и области;core_use_geo
купить живые растения для аквариума для среднего плана для москвы и области;core_use_geo
заказать живые растения для аквариума для среднего плана для москвы и области;core_use_geo
живые растения для аквариума для среднего плана для москвы и области цена;core_use_geo
живые растения для аквариума для заднего плана;core_use
купить живые растения для аквариума для заднего плана;core_use
заказать живые растения для аквариума для заднего плана;core_use
где купить живые растения для аквариума для заднего плана;core_use
живые растения для аквариума для заднего плана цена;core_use
живые растения для аквариума для заднего плана отзывы;core_use
как выбрать живые растения для аквариума для заднего плана;core_use
как посадить живые растения для аквариума для заднего плана;core_use
живые растения для аквариума для заднего плана в москве;core_use_geo
купить живые растения для аквариума для заднего плана в москве;core_use_geo
заказать живые растения для аквариума для заднего плана в москве;core_use_geo
живые растения для аквариума для заднего плана в москве цена;core_use_geo
живые растения для аквариума для заднего плана по москве;core_use_geo
купить живые растения для аквариума для заднего плана по москве;core_use_geo
заказать живые растения для аквариума для заднего плана по москве;core_use_geo
живые растения для аквариума для заднего плана по москве цена;core_use_geo
живые растения для аквариума для заднего плана по московской области;core_use_geo
купить живые растения для аквариума для заднего плана по московской области;core_use_geo
заказать живые растения для аквариума для заднего плана по московской области;core_use_geo
живые растения для аквариума для заднего плана по московской области цена;core_use_geo
живые растения для аквариума для заднего плана в москве с доставкой;core_use_geo
купить живые растения для аквариума для заднего плана в москве с доставкой;core_use_geo
заказать живые растения для аквариума для заднего плана в москве с доставкой;core_use_geo
живые растения для аквариума для заднего плана в москве с доставкой цена;core_use_geo
живые растения для аквариума для заднего плана по москве с доставкой;core_use_geo
купить живые растения для аквариума для заднего плана по москве с доставкой;core_use_geo
заказать живые растения для аквариума для заднего плана по москве с доставкой;core_use_geo
живые растения для аквариума для заднего плана по москве с доставкой цена;core_use_geo
живые растения для аквариума для заднего плана для москвы и области;core_use_geo
купить живые растения для аквариума для заднего плана для москвы и области;core_use_geo
заказать живые растения для аквариума для заднего плана для москвы и области;core_use_geo
живые растения для аквариума для заднего плана для москвы и области цена;core_use_geo
живые растения для аквариума для нано аквариума;core_use
купить живые растения для аквариума для нано аквариума;core_use
заказать живые растения для аквариума для нано аквариума;core_use
где купить живые растения для аквариума для нано аквариума;core_use
живые растения для аквариума для нано аквариума цена;core_use
живые растения для аквариума для нано аквариума отзывы;core_use
как выбрать живые растения для аквариума для нано аквариума;core_use
как посадить живые растения для аквариума для нано аквариума;core_use
живые растения для аквариума для нано аквариума в москве;core_use_geo
купить живые растения для аквариума для нано аквариума в москве;core_use_geo
заказать живые растения для аквариума для нано аквариума в москве;core_use_geo
живые растения для аквариума для нано аквариума в москве цена;core_use_geo
живые растения для аквариума для нано аквариума по москве;core_use_geo
купить живые растения для аквариума для нано аквариума по москве;core_use_geo
заказать живые растения для аквариума для нано аквариума по москве;core_use_geo
живые растения для аквариума для нано аквариума по москве цена;core_use_geo
живые растения для аквариума для нано аквариума по московской области;core_use_geo
купить живые растения для аквариума для нано аквариума по московской области;core_use_geo
заказать живые растения для аквариума для нано аквариума по московской области;core_use_geo
живые растения для аквариума для нано аквариума по московской области цена;core_use_geo
живые растения для аквариума для нано аквариума в москве с доставкой;core_use_geo
купить живые растения для аквариума для нано аквариума в москве с доставкой;core_use_geo
заказать живые растения для аквариума для нано аквариума в москве с доставкой;core_use_geo
живые растения для аквариума для нано аквариума в москве с доставкой цена;core_use_geo
живые растения для аквариума для нано аквариума по москве с доставкой;core_use_geo
купить живые растения для аквариума для нано аквариума по москве с доставкой;core_use_geo
заказать живые растения для аквариума для нано аквариума по москве с доставкой;core_use_geo
живые растения для аквариума для нано аквариума по москве с доставкой цена;core_use_geo
живые растения для аквариума для нано аквариума для москвы и области;core_use_geo
купить живые растения для аквариума для нано аквариума для москвы и области;core_use_geo
заказать живые растения для аквариума для нано аквариума для москвы и области;core_use_geo
живые растения для аквариума для нано аквариума для москвы и области цена;core_use_geo
живые растения для аквариума для креветочника;core_use
купить живые растения для аквариума для креветочника;core_use
заказать живые растения для аквариума для креветочника;core_use
где купить живые растения для аквариума для креветочника;core_use
живые растения для аквариума для креветочника цена;core_use
живые растения для аквариума для креветочника отзывы;core_use
как выбрать живые растения для аквариума для креветочника;core_use
как посадить живые растения для аквариума для креветочника;core_use
живые растения для аквариума для креветочника в москве;core_use_geo
купить живые растения для аквариума для креветочника в москве;core_use_geo
заказать живые растения для аквариума для креветочника в москве;core_use_geo
живые растения для аквариума для креветочника в москве цена;core_use_geo
живые растения для аквариума для креветочника по москве;core_use_geo
купить живые растения для аквариума для креветочника по москве;core_use_geo
заказать живые растения для аквариума для креветочника по москве;core_use_geo
живые растения для аквариума для креветочника по москве цена;core_use_geo
живые растения для аквариума для креветочника по московской области;core_use_geo
купить живые растения для аквариума для креветочника по московской области;core_use_geo
заказать живые растения для аквариума для креветочника по московской области;core_use_geo
живые растения для аквариума для креветочника по московской области цена;core_use_geo
живые растения для аквариума для креветочника в москве с доставкой;core_use_geo
купить живые растения для аквариума для креветочника в москве с доставкой;core_use_geo
заказать живые растения для аквариума для креветочника в москве с доставкой;core_use_geo
живые растения для аквариума для креветочника в москве с доставкой цена;core_use_geo
живые растения для аквариума для креветочника по москве с доставкой;core_use_geo
купить живые растения для аквариума для креветочника по москве с доставкой;core_use_geo
заказать живые растения для аквариума для креветочника по москве с доставкой;core_use_geo
живые растения для аквариума для креветочника по москве с доставкой цена;core_use_geo
живые растения для аквариума для креветочника для москвы и области;core_use_geo
